 You are impersonating as another user., Ви увійшли від імені іншого користувача.
 to your browser,у ваш браузер
!=,!=
"""Company History""","""Історія компанії"""
"""Parent"" signifies the parent table in which this row must be added","""Parent"" позначає батьківську таблицю, до якої потрібно додати цей рядок"
"""Team Members"" or ""Management""","""Члени команди"" або ""Керівництво"""
"""amended_from"" field must be present to do an amendment.","Для внесення поправки має бути присутнє поле ""amended_from""."
"""{0}"" is not a valid Google Sheets URL","""{0}"" не є дійсним URL Google Sheets"
#{0},#{0}
${values.doctype_name} has been added to queue for optimization,${values.doctype_name} додано до черги оптимізації
&copy; Frappe Technologies Pvt. Ltd. and contributors,&copy; Frappe Technologies Pvt. Ltd. та учасники
&lt;head&gt; HTML,&lt;head&gt; HTML
'*' is only allowed in {0} SQL function(s),'*' дозволено лише у SQL-функції(ях) {0}
'In Global Search' is not allowed for field {0} of type {1},'У глобальному пошуку' не дозволено для поля {0} типу {1}
'In Global Search' not allowed for type {0} in row {1},'У глобальному пошуку' не дозволено для типу {0} у рядку {1}
'In List View' is not allowed for field {0} of type {1},'У списку' не дозволено для поля {0} типу {1}
'In List View' not allowed for type {0} in row {1},'У списку' не дозволено для типу {0} у рядку {1}
'Recipients' not specified,'Одержувачів' не вказано
'{0}' is not a valid IBAN,'{0}' не є дійсним IBAN
'{0}' is not a valid URL,'{0}' не є дійсним URL
'{0}' not allowed for type {1} in row {2},'{0}' не дозволено для типу {1} у рядку {2}
(Ctrl + G),(Ctrl + G)
(Mandatory),(Обов'язково)
** Failed: {0} to {1}: {2},** Помилка: {0} до {1}: {2}
**Currency** Master,**Валютний** Мастер
+ Add / Remove Fields,+ Додати / Видалити поля
0 - Draft; 1 - Submitted; 2 - Cancelled,0 - Чернетка; 1 - Надіслано; 2 - Скасовано
0 is highest,0 — найвищий пріоритет
1 = True & 0 = False,1 = Істина & 0 = Хибно
1 Currency = [?] Fraction\nFor e.g. 1 USD = 100 Cent,"1 Валюта = [?] Частка. Наприклад, 1 ГРН = 100 копійок"
1 Day,1 день
1 Google Calendar Event synced.,1 подію Google Календаря синхронізовано.
1 Report,1 звіт
1 comment,1 коментар
1 day ago,1 день тому
1 hour,1 година
1 hour ago,1 годину тому
1 minute ago,1 хвилину тому
1 month ago,1 місяць тому
1 of 2,1 з 2
1 record will be exported,1 запис буде експортовано
1 row from {0},1 рядок з {0}
1 row to {0},1 рядок до {0}
1 second ago,1 секунду тому
1 week ago,1 тиждень тому
1 year ago,1 рік тому
2 hours ago,2 години тому
2 months ago,2 місяці тому
2 weeks ago,2 тижні тому
2 years ago,2 роки тому
3 minutes ago,3 хвилини тому
30 minutes,30 хвилин
4 hours,4 години
5 Records,5 записів
5 days ago,5 днів тому
; not allowed in condition,; не дозволено в умові
<,<
<=,<=
<b>{0}</b> is not a valid URL,<b>{0}</b> не є дійсним URL
"<div class=""alert"">Please don't update it as it can mess up your form. Use the Customize Form View and Custom Fields to set properties!</div>","<div class=""alert"">Будь ласка, не оновлюйте це вручну — це може порушити форму. Використовуйте «Налаштування форми» та «Власні поля» для зміни властивостей!</div>"
"<div class=""ql-editor read-mode""><p>Request a file containing your personally identifiable information (PII) that is saved on our system. The file will be in JSON format and is sent to you by email. If you would like to have your PII deleted from our system, please make a <a href=""/request-to-delete-data"" rel=""noopener noreferrer"">request to delete data</a>.</p></div>","<div class=""ql-editor read-mode""><p>Запитайте файл з вашими персональними даними (PII), що зберігаються в нашій системі. Файл буде у форматі JSON і надісланий вам електронною поштою. Якщо ви хочете видалити свої персональні дані з нашої системи, надішліть <a href=""/request-to-delete-data"" rel=""noopener noreferrer"">запит на видалення даних</a>.</p></div>"
"<div class=""ql-editor read-mode""><p>Send a request to delete your account and personally identifiable information (PII) that is stored on our system. You will receive an email to verify your request. Once the request is verified we will take care of deleting your PII. If you just want to check what PII we have stored, you can <a href=""/request-data"" rel=""noopener noreferrer"">request your data</a>.</p></div>","<div class=""ql-editor read-mode""><p>Надішліть запит на видалення вашого облікового запису та персональних даних (PII), що зберігаються в нашій системі. Ви отримаєте електронний лист для підтвердження запиту. Після підтвердження ми видалимо ваші персональні дані. Якщо ви просто хочете перевірити, які дані ми зберігаємо, ви можете <a href=""/request-data"" rel=""noopener noreferrer"">запросити свої дані</a>.</p></div>"
"<h4>Default Template</h4>\n<p>Uses <a href=""http://jinja.pocoo.org/docs/templates/"">Jinja Templating</a> and all the fields of Address (including Custom Fields if any) will be available</p>\n<pre><code>{{ address_line1 }}&lt;br&gt;\n{% if address_line2 %}{{ address_line2 }}&lt;br&gt;{% endif -%}\n{{ city }}&lt;br&gt;\n{% if state %}{{ state }}&lt;br&gt;{% endif -%}\n{% if pincode %} PIN:  {{ pincode }}&lt;br&gt;{% endif -%}\n{{ country }}&lt;br&gt;\n{% if phone %}Phone: {{ phone }}&lt;br&gt;{% endif -%}\n{% if fax %}Fax: {{ fax }}&lt;br&gt;{% endif -%}\n{% if email_id %}Email: {{ email_id }}&lt;br&gt;{% endif -%}\n</code></pre>","<h4> Шаблон за замовчуванням </h4><p> Використовує <a href=""http://jinja.pocoo.org/docs/templates/"">дзіндзя темплатним</a> і всі поля Адреса (включаючи Настроювані поля якщо такі є) будуть доступні </p><pre> <code>{{ address_line1 }}&lt;br&gt; {% if address_line2 %}{{ address_line2 }}&lt;br&gt;{% endif -%} {{ city }}&lt;br&gt; {% if state %}{{ state }}&lt;br&gt;{% endif -%} {% if pincode %} PIN: {{ pincode }}&lt;br&gt;{% endif -%} {{ country }}&lt;br&gt; {% if phone %}Phone: {{ phone }}&lt;br&gt;{% endif -%} {% if fax %}Fax: {{ fax }}&lt;br&gt;{% endif -%} {% if email_id %}Email: {{ email_id }}&lt;br&gt;{% endif -%}</code> </pre>"
"<h5 class=""text-muted uppercase"">Or</h5>","<h5 class=""text-muted uppercase"">Або</h5>"
"<p>Set context before rendering a template. Example:</p><p>\n</p><div><pre><code>\ncontext.project = frappe.get_doc(""Project"", frappe.form_dict.name)\n</code></pre></div>","<p>Встановіть контекст перед візуалізацією шаблону. Приклад:</p><p></p><div><pre> <code>context.project = frappe.get_doc(&quot;Project&quot;, frappe.form_dict.name)</code></pre></div>"
"<p>Your OTP secret on {0} has been reset. If you did not perform this reset and did not request it, please contact your System Administrator immediately.</p>","<p>Ваш OTP-секрет на {0} було скинуто. Якщо ви не виконували це скидання і не запитували його, негайно зверніться до системного адміністратора.</p>"
"<span class=""h2"">Hi,</span>","<span class=""h2"">Привіт,</span>"
<strong>Warning:</strong> This field is system generated and may be overwritten by a future update. Modify it using {0} instead.,<strong>Увага:</strong> Це поле генерується системою і може бути перезаписане майбутнім оновленням. Змінюйте його через {0}.
=,=
>,>
>=,>=
"A DocType's name should start with a letter and can only consist of letters, numbers, spaces, underscores and hyphens","Назва DocType має починатися з літери і може містити лише літери, цифри, пробіли, підкреслення та дефіси"
"A Frappe Framework instance can function as an OAuth Client, Resource, or Authorization server. This DocType contains settings related to all three.","Екземпляр Frappe Framework може функціонувати як OAuth-клієнт, ресурс або сервер авторизації. Цей DocType містить налаштування для всіх трьох ролей."
A Lead with this Email Address should exist,Провід з цим Адресою електронної пошти повинні існувати
A download link with your data will be sent to the email address associated with your account.,"Посилання для завантаження ваших даних буде надіслано на електронну адресу, пов'язану з вашим обліковим записом."
A featured post must have a cover image,Рекомендована публікація повинна мати зображення обкладинки
A field with the name '{}' already exists in doctype {}.,Поле з назвою &quot;{}&quot; вже існує в doctype {}.
A field with the name {0} already exists in {1},Поле з назвою {0} вже існує в {1}
A file with same name {} already exists,Файл з такою самою назвою {} вже існує
A list of resources which the Client App will have access to after the user allows it.<br> e.g. project,"Список ресурсів, до яких клієнтський застосунок матиме доступ після дозволу користувача.<br> Наприклад: project"
A log of request errors,Журнал помилок запитів
A new account has been created for you at {0},Для вас створено новий обліковий запис на {0}
A recurring {0} {1} has been created for you via Auto Repeat {2}.,Для вас створено повторюваний {0} {1} через автоповтор {2}.
A symbol for this currency. For e.g. $,Символ для цієї валюти. Наприклад: $
A template already exists for field {0} of {1},Шаблон для поля {0} з {1} вже існує
A user who posts blogs.,"Користувач, який публікує блоги."
A word by itself is easy to guess.,Одне слово легко вгадати.
A0,A0
A1,A1
A2,A2
A3,A3
A4,A4
A5,A5
A6,A6
A7,A7
A8,A8
A9,A9
ALL,ВСЕ
API,API
API Access,Доступ до API
API Endpoint,Кінцева точка API
API Endpoint Args,Аргументи кінцевої точки API
API Endpoint Args should be valid JSON,Аргументи кінцевої точки API мають бути валідним JSON
API Key,Ключ API
API Key and Secret to interact with the relay server. These will be auto-generated when the first push notification is sent from any of the apps installed on this site.,"Ключ і секрет API для взаємодії з relay-сервером. Вони будуть згенеровані автоматично при відправці першого push-сповіщення з будь-якого додатку, встановленого на цьому сайті."
API Key cannot be  regenerated,API-ключ не може бути регенерований
API Key cannot be regenerated,Ключ API не може бути перегенерований
API Key of the user(Event Subscriber) on the producer site,Ключ API користувача (передплатник події) на сайті виробника
API Keys,Ключі API
API Logging,Журналювання API
API Method,Метод API
API Password,API Пароль
API Request Log,Журнал запитів API
API Secret,Секрет API
API Secret of the user(Event Subscriber) on the producer site,API Секрет користувача (передплатник події) на сайті виробника
API Username,API Ім&#39;я користувача
ASC,За зростанням
About,Про
About Us,Про нас
About Us Settings,Налаштування «Про нас»
About Us Team Member,Член команди «Про нас»
About {0} minute remaining,Залишилось близько {0} хвилини
About {0} minutes remaining,Залишилось близько {0} хвилин
About {0} seconds remaining,Залишилось близько {0} секунд
Accept Invitation,Прийняти запрошення
Accept Payment,приймати Оплата
Accepted,Прийнято
Accepted At,Прийнято о
Access Control,Контроль доступу
Access Key ID,Ідентифікатор ключа доступу
Access Key Secret,Ключовий секрет доступу
Access Log,Журнал доступу
Access Token,Токен доступу
Access Token URL,URL токена доступу
Access not allowed from this IP Address,Доступ з цієї IP-адреси заборонено
Account,Обліковий запис
Account Deletion Settings,Налаштування видалення облікового запису
Accounts Manager,Менеджер облікових записів
Accounts User,Користувач облікових записів
"Accurate count can not be fetched, click here to view all documents","Точну кількість неможливо отримати, натисніть тут, щоб переглянути всі документи"
Action,Дія
Action / Route,Дія / Маршрут
Action Complete,Дію завершено
Action Failed,Дія не вдалась
Action Label,Мітка дії
Action Timeout (Seconds),Тайм-аут дії (секунди)
Action Type,Тип дії
Action {0} completed successfully on {1} {2}. View it {3},Дію {0} успішно виконано для {1} {2}. Переглянути {3}
Action {0} failed on {1} {2}. View it {3},Дія {0} не вдалась для {1} {2}. Переглянути {3}
Actions,Дії
"Actions for workflow (e.g. Approve, Cancel).","Дії робочого процесу (наприклад, Затвердити, Скасувати)."
Activate,Активувати
Active,Активний
Active Directory,Active Directory
Active Domains,Активні домени
Active Sessions,Активні сесії
Activity,Активність
Activity Log,Журнал активності
Activity Log by ,Журнал активності
Activity log of all users.,Журнал активність всіх користувачів.
Add,Додати
Add / Manage Email Accounts.,Додати / Управління обліковими записами електронної пошти.
Add / Manage Email Domains.,Додати / Управління доменів електронної пошти.
Add / Remove Columns,Додати / видалити стовпці
Add / Update,Додати / оновити
Add A New Rule,Додати нове правило
Add Another Comment,Додати ще один коментар
Add Attachment,Додати вкладення
Add Background Image,Додати фонове зображення
Add Border at Bottom,Додати рамку знизу
Add Border at Top,Додати рамку зверху
Add CSS,Додати CSS
Add Card to Dashboard,Додати картку до панелі
Add Chart to Dashboard,Додати графік до панелі
Add Child,Додати дочірній елемент
Add Column,Додати стовпець
Add Contact,Додати контакт
Add Contacts,Додати контакти
Add Container,Додати контейнер
Add Custom Tags,Додати власні теги
Add Fields,Додати поля
Add Filter,Додати фільтр
Add Filters,Додати фільтри
Add Gray Background,Додати сірий фон
Add Group,Додати групу
Add Indexes,Додати індекси
Add Multiple,Додати кілька
Add New Permission Rule,Додати нове правило дозволів
Add Participants,Додати учасників
Add Query Parameters,Додати параметри запиту
Add Review,Додати відгук
Add Roles,Додати ролі
Add Row,Додати рядок
Add Signature,Додати підпис
Add Space at Bottom,Додати відступ знизу
Add Space at Top,Додати відступ зверху
Add Space on Bottom,Додайте пробіл знизу
Add Space on Top,Додайте пробіл зверху
Add Subscribers,Додати підписників
Add Tags,Додати теги
Add Template,Додати шаблон
Add Total Row,Додати рядок підсумку
Add Translate Data,Додати дані перекладу
Add Unsubscribe Link,Додати посилання для відписки
Add User Permissions,Додати дозволи користувача
Add Video Conferencing,Додати відеоконференцію
Add a Filter,Додати фільтр
Add a New Role,Додати нову роль
Add a Row,Додати рядок
Add a column,Додати стовпець
Add a comment,Додати коментар
Add a new section,Додати новий розділ
Add a row above the current row,Додати рядок вище поточного
Add a row at the bottom,Додати рядок внизу
Add a row at the top,Додати рядок вгорі
Add a row below the current row,Додати рядок нижче поточного
Add a tag ...,Додати тег ...
Add a {0} Chart,Додати діаграму {0}
Add all roles,Додати всі ролі
Add column,Додати стовпець
Add custom forms.,Додати користувача форми.
Add custom javascript to forms.,Додати замовлення Javascript для форм.
Add field,Додати поле
Add fields to forms.,Додавання полів форм.
Add meta tags to your web pages,Додайте метатеги до своїх веб-сторінок
Add multiple,Додати кілька
Add new tab,Додати нову вкладку
Add numbers or special characters.,Додайте цифри або спеціальні символи.
Add page break,Додати розрив сторінки
Add row,Додати рядок
Add script for Child Table,Додати скрипт для дочірньої таблиці
Add section above,Додати розділ вище
Add section below,Додати розділ нижче
Add tab,Додати вкладку
Add to Dashboard,Додати до панелі
Add to Print Queue,Додати до черги друку
Add to Queue,Додати до черги
Add to ToDo,Додати до завдань
Add to table,Додати до таблиці
Add to this activity by mailing to {0},"Додайте до цієї активності, надіславши лист на {0}"
Add your own translations,Додати свої власні переклади
Add {0},Додати {0}
Added,Додано
"Added HTML in the &lt;head&gt; section of the web page, primarily used for website verification and SEO","Додано HTML у розділ &lt;head&gt; веб-сторінки, переважно використовується для верифікації сайту та SEO"
Added default log doctypes: {},Додано типи документів журналу за замовчуванням: {}
Added {0},Додано {0}
Added {0} ({1}),Додано {0} ({1})
Adding System Manager to this User as there must be atleast one System Manager,Додавання диспетчера до цієї Користувачем повинно бути принаймні одне System Manager
Additional Permissions,Додаткові дозволи
Address,Адреса
Address And Contacts,Адреса та контакти
Address Line 1,"Адреса, рядок 1"
Address Line 2,"Адреса, рядок 2"
Address Template,Шаблон адреси
Address Title,Назва адреси
Address Title is mandatory.,Назва адреси є обов'язковою.
Address Type,Тип адреси
Address and other legal information you may want to put in the footer.,"Адреса та інша юридична інформація, яку можна розмістити у нижньому колонтитулі."
Addresses,Адреси
Addresses And Contacts,Адреси та контакти
Adds a client custom script to a DocType,Додає користувацький сценарій клієнта до DocType
Adds a custom client script to a DocType,Додає користувацький клієнтський скрипт до DocType
Adds a custom field to a DocType,Додає користувацьке поле до DocType
Admin,Адміністратор
Administration,Адміністрування
Administrator,Адміністратор
Administrator Logged In,Адміністратор увійшов
Administrator accessed {0} on {1} via IP Address {2}.,Адміністратор отримав доступ до {0} {1} з IP-адреси {2}.
Administrator can't follow,Адміністратор не може стежити
Advanced,Розширені
Advanced Control,Розширене керування
Advanced Search,Розширений пошук
Advanced Settings,Розширені налаштування
After,Після
After Cancel,Після скасування
After Delete,Після видалення
After Discard,Після відхилення
After Insert,Після вставки
After Rename,Після перейменування
After Save,Після збереження
After Save (Submitted Document),Після збереження (проведений документ)
After Submission,Після подання
After Submit,Після проведення
Aggregate Field is required to create a number card,Поле агрегації необхідне для створення числової картки
Aggregate Function Based On,Функція агрегації на основі
Aggregate Function field is required to create a dashboard chart,Поле функції агрегації необхідне для створення діаграми панелі
Alert,Сповіщення
Alias must be a string,Псевдонім має бути рядком
Align,Вирівнювання
Align Labels to the Right,Вирівняти мітки праворуч
Align Right,Вирівняти праворуч
Align Value,Вирівняти значення
Alignment,Вирівнювання
All,Всі
All Day,Весь день
All Images attached to Website Slideshow should be public,"Усі зображення, прикріплені до слайдшоу сайту, мають бути публічними"
All Records,Всі записи
All Submissions,Всі подання
All Time,Весь час
All customizations will be removed. Please confirm.,"Всі налаштування буде видалено. Будь ласка, підтвердіть."
All fields are necessary to submit the comment.,Для надсилання коментаря необхідно заповнити всі поля.
"All possible Workflow States and roles of the workflow. Docstatus Options: 0 is ""Saved"", 1 is ""Submitted"" and 2 is ""Cancelled""","Усі можливі стани робочого процесу та ролі. Параметри Docstatus: 0 — «Збережено», 1 — «Подано», 2 — «Скасовано»"
"All possible Workflow States and roles of the workflow. Docstatus Options: 0 is""Saved"", 1 is ""Submitted"" and 2 is ""Cancelled""","Всі можливі стани і ролі в робочому процесі. Варіанти станів документу: 0 ""Збережені"", 1 ""Проведені"" і 2 ""Скасовані"""
All-uppercase is almost as easy to guess as all-lowercase.,"Усі великі літери вгадати майже так само легко, як і всі малі."
Allocated To,Призначено
Allot Points To Assigned Users,Виділити бали призначеним користувачам
Allow,Дозволити
Allow API Indexing Access,Дозволити доступ до індексування API
Allow Auto Repeat,Дозволити автоповтор
Allow Bulk Edit,Дозволити масове редагування
Allow Bulk Editing,Дозволити масове редагування
Allow Comments,Дозволити коментарі
Allow Consecutive Login Attempts,Дозволити послідовні спроби входу
Allow Consecutive Login Attempts ,Дозволити послідовні вхідні спроби
Allow Delete,Дозволити видалення
Allow Dropbox Access,Дозволити доступ Dropbox
Allow Edit,Дозволити редагування
Allow Google Calendar Access,Дозволити доступ до Google Календаря
Allow Google Contacts Access,Дозволити доступ до контактів Google
Allow Google Drive Access,Дозволити доступ до Google Диска
Allow Google Indexing Access,Дозволити доступ до індексування Google
Allow Guest,Дозволити гостю
Allow Guest to View,Дозволити гостю переглядати
Allow Guests to Upload Files,Дозволити гостям завантажувати файли
Allow Import (via Data Import Tool),Дозволити імпорт (через інструмент імпорту даних)
Allow Incomplete Forms,Дозволити Неповні форми
Allow Login After Fail,Дозволити вхід після невдалої спроби
Allow Login using Mobile Number,Дозволити вхід за номером мобільного телефону
Allow Login using User Name,Дозволити вхід за іменем користувача
Allow Modules,Дозволені модулі
Allow Multiple,Дозволити множинні
Allow Print,дозволити друк
Allow Print for Cancelled,Дозволити друк для скасованих
Allow Print for Draft,Дозволити друк для чернеток
Allow Read On All Link Options,Дозволити читання всіх варіантів посилань
Allow Rename,Дозволити перейменування
Allow Roles,Дозволені ролі
Allow Self Approval,Дозволити самостійне затвердження
Allow Sending Usage Data for Improving Applications,Дозволити надсилання даних використання для покращення додатків
Allow approval for creator of the document,Дозволити затвердження автору документа
Allow comments,Дозволити коментарі
Allow delete,Дозволити видалення
Allow document creation via Email,Дозволити створення документів через електронну пошту
Allow editing after submit,Дозволити редагування після подання
Allow events in timeline,Дозволити події в часовій шкалі
Allow in Quick Entry,Дозволити у швидкому введенні
Allow incomplete forms,Дозволити неповні форми
Allow multiple responses,Дозволити кілька відповідей
Allow on Submit,Дозволити при поданні
Allow only one session per user,Дозволити лише одну сесію на користувача
Allow page break inside tables,Дозволити розрив сторінки всередині таблиць
Allow print,Дозволити друк
Allow recording my first session to improve user experience,Дозволити запис моєї першої сесії для покращення користувацького досвіду
Allow saving if mandatory fields are not filled,"Дозволити збереження, якщо обов'язкові поля не заповнено"
Allow sending usage data for improving applications,Дозволити надсилання даних використання для покращення додатків
Allow user to login only after this hour (0-24),Дозволити користувачу входити лише після цієї години (0-24)
Allow user to login only before this hour (0-24),Дозволити користувачу входити лише до цієї години (0-24)
"Allow users to log in without a password, using a login link sent to their email","Дозволити користувачам входити без пароля, використовуючи посилання для входу, надіслане на їхню електронну пошту"
Allowed,Дозволено
Allowed File Extensions,Дозволені розширення файлів
Allowed In Mentions,Дозволено в згадках
Allowed Modules,Дозволені модулі
Allowed Public Client Origins,Дозволені джерела публічних клієнтів
Allowed Roles,Дозволені ролі
Allowed embedding domains,Дозволені домени для вбудовування
"Allowing DocType, DocType. Be careful!","Дозвіл DocType, DocType. Будьте обережні!"
"Allows clients to fetch metadata from the <code>/.well-known/oauth-authorization-server</code> endpoint. Reference: <a href=""https://datatracker.ietf.org/doc/html/rfc8414"">RFC8414</a>","Дозволяє клієнтам отримувати метадані з точки доступу <code>/.well-known/oauth-authorization-server</code>. Посилання: <a href=""https://datatracker.ietf.org/doc/html/rfc8414"">RFC8414</a>"
"Allows clients to fetch metadata from the <code>/.well-known/oauth-protected-resource</code> endpoint. Reference: <a href=""https://datatracker.ietf.org/doc/html/rfc9728#name-protected-resource-metadata"">RFC9728</a>","Дозволяє клієнтам отримувати метадані з точки доступу <code>/.well-known/oauth-protected-resource</code>. Посилання: <a href=""https://datatracker.ietf.org/doc/html/rfc9728#name-protected-resource-metadata"">RFC9728</a>"
"Allows clients to register themselves without manual intervention. Registration creates a <b>OAuth Client</b> entry. Reference: <a href=""https://datatracker.ietf.org/doc/html/rfc7591"">RFC7591</a>","Дозволяє клієнтам реєструватися без ручного втручання. При реєстрації створюється запис <b>OAuth Client</b>. Посилання: <a href=""https://datatracker.ietf.org/doc/html/rfc7591"">RFC7591</a>"
Allows clients to view this as an Authorization Server when querying the <code>/.well-known/oauth-protected-resource</code> end point.,Дозволяє клієнтам розглядати це як сервер авторизації при запиті до точки доступу <code>/.well-known/oauth-protected-resource</code>.
Allows enabled Social Login Key Base URL to be shown as authorization server.,Дозволяє відображати увімкнений базовий URL ключа соціального входу як сервер авторизації.
Allows printing or PDF download of documents.,Дозволяє друк або завантаження документів у форматі PDF.
Allows sharing document access with other users.,Дозволяє надавати доступ до документів іншим користувачам.
Allows skipping authorization if a user has active tokens.,"Дозволяє пропускати авторизацію, якщо у користувача є активні токени."
Allows the user to access reports related to the document.,"Дозволяє користувачу отримувати доступ до звітів, пов'язаних з документом."
Allows the user to create new documents.,Дозволяє користувачу створювати нові документи.
Allows the user to delete documents.,Дозволяє користувачу видаляти документи.
Allows the user to edit existing records they have access to.,"Дозволяє користувачу редагувати наявні записи, до яких він має доступ."
Allows the user to email from the document.,Дозволяє користувачу надсилати електронні листи з документа.
Allows the user to export data from the Report view.,Дозволяє користувачу експортувати дані з перегляду звітів.
Allows the user to search and see records.,Дозволяє користувачу шукати та переглядати записи.
Allows the user to use Data Import tool to create / update records.,Дозволяє користувачу використовувати інструмент імпорту даних для створення / оновлення записів.
Allows the user to view the document.,Дозволяє користувачу переглядати документ.
Allows users to enable the mask property for any field of the respective doctype.,Дозволяє користувачам увімкнути властивість маски для будь-якого поля відповідного типу документа.
Already Registered,Вже зареєстровано
Already in the following Users ToDo list:{0},Вже у списку завдань таких користувачів:{0}
Also adding the dependent currency field {0},Також додається залежне поле валюти {0}
Also adding the status dependency field {0},Також додається поле залежності статусу {0}
Alternative Email ID,Альтернативна електронна адреса
Always,Завжди
Always BCC Address,Завжди BCC-адреса
"Always add ""Draft"" Heading for printing draft documents",Завжди додавати заголовок «Чернетка» при друку чорнових документів
Always use Account's Email Address as Sender,Завжди використовуйте обліковий запис Адреса електронної пошти в якості відправника
Always use Account's Name as Sender's Name,Завжди використовуйте ім&#39;я облікового запису як ім&#39;я відправника
Always use this email address as sender address,Завжди використовувати цю адресу як адресу відправника
Always use this name as sender name,Завжди використовувати це ім'я як ім'я відправника
Amend,Змінити
Amend Counter,Лічильник змін
Amended Document Naming Settings,Налаштування іменування змінених документів
Amended Documents,Змінені документи
Amended From,Змінено з
Amending,Зміна
Amendment Naming Override,Перевизначення іменування змін
Amendment Not Allowed,Зміна не дозволена
Amendment naming rules updated.,Правила іменування змін оновлено.
Amount,Сума
Amount Based On Field,Сума На підставі поле
Amount Field,сума поле
Amount must be greater than 0.,Сума повинна бути більше 0.
An email to verify your request has been sent to your email address. Please verify your request to complete the process.,"На вашу електронну адресу надіслано листа для підтвердження запиту. Будь ласка, підтвердьте запит для завершення процесу."
An error occured during the payment process. Please contact us.,"Під час здійснення платежу сталася помилка. Будь ласка, зв&#39;яжіться з нами."
An error occurred while setting Session Defaults,Під час встановлення стандартних значень сеансу виникла помилка
An icon file with .ico extension. Should be 16 x 16 px. Generated using a favicon generator. [favicon-generator.org],Файл іконки з розширенням .ico. Розмір: 16 x 16 пікселів. Генерується за допомогою генератора favicon. [favicon-generator.org]
An unexpected error occurred while authorizing {}.,Під час авторизації {} виникла неочікувана помилка.
Analytics,Аналітика
Ancestors Of,Предки для
Andaman and Nicobar Islands,Андаманські та Нікобарські острови
Andhra Pradesh,Андхра-Прадеш
Announcement Widget,Віджет оголошень
Announcements,Оголошення
Annual,Щорічний
Anonymization Matrix,Матриця анонімізації
Anonymous,Анонімний
Anonymous responses,Анонімні відповіді
Another transaction is blocking this one. Please try again in a few seconds.,"Інша транзакція блокує цю. Будь ласка, спробуйте ще раз через кілька секунд."
"Another {0} with name {1} exists, select another name","Інший {0} з назвою {1} вже існує, оберіть іншу назву"
Any string-based printer languages can be used. Writing raw commands requires knowledge of the printer's native language provided by the printer manufacturer. Please refer to the developer manual provided by the printer manufacturer on how to write their native commands. These commands are rendered on the server side using the Jinja Templating Language.,"Можна використовувати будь-які рядкові мови принтера. Для написання прямих команд необхідно знати рідну мову принтера, надану виробником. Зверніться до посібника розробника від виробника принтера щодо написання рідних команд. Ці команди обробляються на сервері за допомогою мови шаблонів Jinja."
"Apart from System Manager, roles with Set User Permissions right can set permissions for other users for that Document Type.","Окрім системного менеджера, ролі з правом «Встановити дозволи користувача» можуть налаштовувати права для інших користувачів для цього типу документа."
Api Access,Api Access
App,Застосунок
App Access Key,App Ключ доступу
App Client ID,App ID клієнта
App Client Secret,App Client Secret
App ID,ID застосунку
App Logo,Логотип застосунку
App Name,Назва застосунку
App Name (Client Name),Назва застосунку (ім'я клієнта)
App Secret Key,App Secret Key
App not found,Додаток не знайдено
App not found for module: {0},Застосунок для модуля не знайдено: {0}
App {0} already installed,Додаток {0} вже встановлено
App {0} is not installed,Застосунок {0} не встановлено
Append Emails to Sent Folder,Додавати листи до папки «Надіслані»
Append To,Додати до
Append To can be one of {0},«Додати до» може бути одним із: {0}
Append To is mandatory for incoming mails,Додати до є обов&#39;язковим для вхідних повідомлень
"Append as communication against this DocType (must have fields, ""Status"", ""Subject"")","Додайте в зв&#39;язку з цією DocType (повинен мати поля, &quot;статус&quot;, &quot;Тема&quot;)"
"Append as communication against this DocType (must have fields: ""Sender"" and ""Subject""). These fields can be defined in the email settings section of the appended doctype.",Додавати як спілкування для цього типу документа (повинен мати поля: «Відправник» і «Тема»). Ці поля можна визначити в розділі налаштувань електронної пошти доданого типу документа.
Applicable Document Types,Застосовні типи документів
Applicable For,Застосовно для
Application Logo,Логотип застосунку
Application Name,Назва застосунку
Application Version,Версія застосунку
Application is not installed,Застосунок не встановлено
Applied On,Застосовано до
Applies To (DocType),Застосовується до (тип документа)
Apply,Застосувати
Apply Assignment Rule,Застосувати правило призначення
Apply Document Permissions,Застосувати дозволи на документ
Apply Filters,Застосувати фільтри
Apply Module Export Filter,Застосувати фільтр експорту модуля
Apply Only Once,Застосовувати лише один раз
Apply Strict User Permissions,Застосувати суворі права користувача
Apply To,Застосувати до
Apply To All Document Types,Застосувати до всіх типів документів
Apply User Permission On,Застосувати права користувача до
Apply document permissions,Застосувати права документа
Apply this rule if the User is the Owner,"Застосовувати це правило, якщо користувач є власником"
Apply this rule only once per document,Застосовуйте це правило лише один раз для кожного документа
Apply to all Documents Types,Застосувати до всіх типів документів
Applying: {0},Застосування: {0}
Appreciate,Вдячний
Appreciation,Вдячність
Approval Required,Потрібне затвердження
Approval Status,Стан затвердження
Approved,Затверджений
Apps,Застосунки
Ar,Ар
Archive,Архів
Archived,Архівовано
Archived Columns,Архівовані стовпці
Are you sure you want to cancel the invitation?,"Ви впевнені, що хочете скасувати запрошення?"
Are you sure you want to clear the assignments?,"Ви впевнені, що хочете очистити призначення?"
Are you sure you want to delete all rows?,"Ви впевнені, що хочете видалити всі рядки?"
Are you sure you want to delete all {0} rows?,"Ви впевнені, що хочете видалити всі рядки ({0})?"
Are you sure you want to delete the attachment?,"Ви впевнені, що хочете видалити вкладення?"
Are you sure you want to delete the column? All the fields in the column will be moved to the previous column.,"Ви впевнені, що хочете видалити колонку? Усі поля в колонці буде переміщено до попередньої колонки."
Are you sure you want to delete the section? All the columns along with fields in the section will be moved to the previous section.,"Ви впевнені, що хочете видалити розділ? Усі колонки разом із полями в розділі буде переміщено до попереднього розділу."
Are you sure you want to delete the tab? All the sections along with fields in the tab will be moved to the previous tab.,"Ви впевнені, що хочете видалити вкладку? Усі розділи разом із полями у вкладці буде переміщено до попередньої вкладки."
Are you sure you want to delete this post?,Справді видалити цю публікацію?
Are you sure you want to delete this record?,"Ви впевнені, що хочете видалити цей запис?"
Are you sure you want to discard the changes?,"Ви впевнені, що хочете скасувати зміни?"
Are you sure you want to generate a new report?,"Ви впевнені, що хочете створити новий звіт?"
Are you sure you want to merge {0} with {1}?,"Ви впевнені, що хочете об'єднати {0} з {1}?"
Are you sure you want to proceed?,"Ви впевнені, що хочете продовжити?"
Are you sure you want to re-enable scheduler?,"Ви впевнені, що хочете повторно увімкнути планувальник?"
Are you sure you want to relink this communication to {0}?,"Ви впевнені, що хочете повторно прив'язати це повідомлення до {0}?"
Are you sure you want to remove all failed jobs?,"Ви впевнені, що хочете видалити всі невдалі завдання?"
Are you sure you want to remove the {0} filter?,"Ви впевнені, що хочете видалити фільтр {0}?"
Are you sure you want to reset all customizations?,"Ви впевнені, що хочете скинути всі налаштування?"
Are you sure you want to save this document?,"Ви впевнені, що хочете зберегти цей документ?"
Are you sure you want to {0}?,"Ви впевнені, що хочете {0}?"
Are you sure?,Ви впевнені?
Arguments,Аргументи
Arial,Arial
Arunachal Pradesh,Аруначал-Прадеш
"As a best practice, do not assign the same set of permission rule to different Roles. Instead, set multiple Roles to the same User.",Як найкраща практика: не призначайте однаковий набір правил дозволів різним ролям. Натомість призначте кілька ролей одному користувачу.
"As document sharing is disabled, please give them the required permissions before assigning.","Оскільки спільний доступ до документів вимкнено, надайте необхідні дозволи перед призначенням."
"As per your request, your account and data on {0} associated with email {1} has been permanently deleted","Відповідно до вашого запиту, ваш обліковий запис та дані на {0}, пов'язані з email {1}, було безповоротно видалено"
Ask,Запитати
Assam,Ассам
Assign,Призначити
Assign Condition,Умова призначення
Assign To,Призначити
Assign To User Group,Призначити групі користувачів
Assign To Users,Призначити користувачам
Assign a user,Призначити користувача
"Assign one by one, in sequence","Призначати по одному, послідовно"
Assign to me,Призначити мені
Assign to the one who has the least assignments,"Призначити тому, хто має найменше завдань"
Assign to the user set in this field,"Призначити користувачу, вказаному в цьому полі"
Assigned,Призначено
Assigned By,Призначено ким
Assigned By Full Name,"Повне ім'я того, хто призначив"
Assigned By Me,По мені Assigned
Assigned To,Призначено кому
Assigned To/Owner,Призначено кому/Власник
Assignee,Виконавець
Assigning...,Призначення...
Assignment,Призначення
Assignment Complete,Призначення Повний
Assignment Completed,Призначення виконано
Assignment Day {0} has been repeated.,День призначення {0} було повторено.
Assignment Days,Дні призначення
Assignment Rule,Правило призначення
Assignment Rule Day,День правила призначення
Assignment Rule User,Користувач правила призначення
Assignment Rule is not allowed on document type {0},Правило призначення не дозволено для типу документа {0}
Assignment Rules,Правила призначення
Assignment Update on {0},Оновлення призначення для {0}
Assignment closed by {0},Призначення закритий {0}
Assignment for {0} {1},Призначення для {0} {1}
Assignment of {0} removed by {1},Призначення {0} видалено користувачем {1}
Assignments,Призначення
Asynchronous,Асинхронний
At least one column is required to show in the grid.,Для відображення в таблиці потрібна щонайменше одна колонка.
At least one field is required in Web Form Fields Table,У таблиці полів веб-форми потрібне щонайменше одне поле
At least one field of Parent Document Type is mandatory,Щонайменше одне поле батьківського типу документа є обов'язковим
Atleast one field of Parent Document Type is mandatory,Принаймні одне поле типу батьківського документа обов&#39;язкове
Attach,Прикріпити
Attach Document Print,Прикріпити друк документа
Attach File,Долучити файл
Attach Files,Прикріпити файли
Attach Image,Прикріпити зображення
Attach Package,Прикріпити пакет
Attach Print,Прикріпити друк
Attach Your Picture,Долучіть свою фотографію
Attach a web link,Прикріпити веб-посилання
Attach file,Прикріпити файл
Attach file for Import,Додайте файл для імпорту
Attach files / urls and add in table.,Прикріпіть файли / URL-адреси та додайте в таблицю.
Attached File,Прикріплений файл
Attached To DocType,Прикріплено до типу документа
Attached To Field,Прикріплено до поля
Attached To Name,Прикріплено до назви
Attached To Name must be a string or an integer,"Назва, до якої прикріплено, має бути рядком або цілим числом"
Attachment,Вкладення
Attachment Limit (MB),Ліміт вкладень (МБ)
Attachment Limit Reached,Ліміт вкладень досягнуто
Attachment Link,Посилання на вкладення
Attachment Removed,Вкладення видалено
Attachment Settings,Налаштування вкладень
Attachments,Вкладення
Attempting Connection to QZ Tray...,Спроба підключення до QZ Tray...
Attempting to launch QZ Tray...,Спроба запуску QZ Tray...
Attending,Відвідування
Attribution,Авторство
Audit System Hooks,Аудит системних хуків
Audit Trail,Журнал аудиту
Auth Token,Токен автентифікації
Auth URL Data,Дані URL авторизації
Auth URL data should be valid JSON,Дані URL авторизації мають бути валідним JSON
Authenticate as Service Principal,Автентифікуватися як службовий принципал
Authenticating...,Аутентифікація ...
Authentication,Автентифікація
Authentication Apps you can use are:,Доступні програми для автентифікації:
Authentication Apps you can use are: ,"Програми автентифікації, які ви можете використовувати, є:"
Authentication Credentials,Перевірка автентичності
Authentication failed while receiving emails from Email Account: {0}.,Помилка автентифікації під час отримання листів з облікового запису пошти: {0}.
Author,Автор
Authorization,Авторизація
Authorization Code,Код авторизації
Authorization URI,URI авторизації
Authorization error for {}.,Помилка авторизації для {}.
Authorize API Access,Авторизувати доступ до API
Authorize API Indexing  Access,Авторизувати доступ до індексування API
Authorize Google Calendar Access,Авторизувати доступ до Google Calendar
Authorize Google Contacts Access,Авторизувати доступ до Google Contacts
Authorize Google Drive Access,Авторизуйте доступ до Диска Google
Authorize URL,URL авторизації
Authorized,Авторизовано
Authors,Автори
Authors / Maintainers,Автори / Супровідники
Auto,Авто
Auto Email Report,Автоматичний звіт на пошту
Auto Name,Автоматичне ім'я
Auto Repeat,Автоповтор
Auto Repeat Day,День автоповтору
Auto Repeat Day{0} {1} has been repeated.,Автоповтор дня{0} {1} виконано.
Auto Repeat Document Creation Failed,Не вдалося створити документ автоповтору
Auto Repeat Document Creation Failure,Автоматичне повторення відмови створення документа
Auto Repeat Schedule,Розклад автоповтору
Auto Repeat User,Користувач автоповтору
Auto Repeat created for this document,Автоповтор створено для цього документа
Auto Repeat failed for {0},Автоповтор не вдався для {0}
Auto Reply,Автовідповідь
Auto Reply Message,Повідомлення автовідповіді
Auto assignment failed: {0},Автопризначення не вдалося: {0}
Auto follow documents that are assigned to you,"Автоматично стежити за документами, призначеними вам"
Auto follow documents that are shared with you,"Автоматично стежити за документами, якими поділилися з вами"
Auto follow documents that you Like,"Автоматично стежити за документами, які вам подобаються"
Auto follow documents that you comment on,"Автоматично стежити за документами, які ви коментуєте"
Auto follow documents that you create,"Автоматично стежити за документами, які ви створюєте"
Auto repeat failed. Please enable auto repeat after fixing the issues.,Автоповтор не вдався. Увімкніть автоповтор після виправлення помилок.
Autocomplete,Автодоповнення
Autoincrement,Автоінкремент
Automate processes and extend standard functionality using scripts and background jobs,Автоматизуйте процеси та розширюйте стандартний функціонал за допомогою скриптів і фонових завдань
Automated Message,Автоматичне повідомлення
Automatic,Автоматично
Automatic Linking can be activated only for one Email Account.,Автоматичне зв'язування можна активувати лише для одного облікового запису пошти.
Automatic Linking can be activated only if Incoming is enabled.,Автоматичне зв'язування можна активувати лише якщо увімкнено вхідну пошту.
Automatic sending of emails is disabled via site config.,Автоматичне надсилання листів вимкнено через налаштування сайту.
Automatically Assign Documents to Users,Автоматично призначати документи користувачам
Automatically applied a filter for recent data. You can disable this behavior from the list view settings.,Автоматично застосовано фільтр для останніх даних. Ви можете вимкнути це в налаштуваннях перегляду списку.
Automatically delete account within (hours),Автоматично видаляти обліковий запис через (години)
Automatically generates recurring documents.,Автоматично створює повторювані документи.
Automation,Автоматизація
Avatar,Аватар
Average,Середнє
Average of {0},Середнє від {0}
Avoid dates and years that are associated with you.,"Уникайте дат і років, пов'язаних з вами."
Avoid recent years.,Уникайте останніх років.
Avoid sequences like abc or 6543 as they are easy to guess,Уникайте послідовностей на кшталт abc або 6543 — їх легко вгадати
Avoid years that are associated with you.,"Уникайте років, пов'язаних з вами."
Awaiting Password,Очікування пароля
Awaiting password,Очікування пароля
Away,Далеко
Awesome Work,Чудова робота
"Awesome, now try making an entry yourself","Чудово, тепер спробуйте зробити запис самостійно"
B,B
B0,B0
B1,B1
B10,B10
B2,B2
B3,B3
B4,B4
B5,B5
B6,B6
B7,B7
B8,B8
B9,B9
BCC,BCC
Back,Назад
Back to Desk,Повернутися до робочого столу
Back to Home,Повернутися на головну
Back to Login,Повернутися до входу
Background Color,Колір фону
Background Email Queue,Фон E-mail черзі
Background Image,Фонове зображення
Background Jobs,Фонові завдання
Background Jobs Check,Перевірка фонових завдань
Background Jobs Queue,Черга фонових завдань
Background Print (required for >25 documents),Фоновий друк (потрібен для >25 документів)
Background Workers,Фонові обробники
Backing up to Google Drive.,Резервне копіювання на Диск Google.
Backup,резервна копія
Backup Details,Деталі резервного копіювання
Backup Encryption Key,Ключ шифрування резервної копії
Backup Files,Резервні файли
Backup Folder ID,Ідентифікатор резервної папки
Backup Folder Name,Ім&#39;я папки резервного копіювання
Backup Frequency,Резервне копіювання частоти
Backup Limit,Резервний ліміт
Backup job is already queued. You will receive an email with the download link,Завдання резервного копіювання вже в черзі. Ви отримаєте лист із посиланням для завантаження
Backup public and private files along with the database.,Резервне копіювання загальнодоступних та приватних файлів разом із базою даних.
Backups,Резервні копії
Backups (MB),Резервні копії (МБ)
Bad Cron Expression,Невірний вираз Cron
Banker's Rounding,Банківське округлення
Banker's Rounding (legacy),Банківське округлення (застаріле)
Banner,Банер
Banner HTML,HTML банера
Banner Image,Зображення банера
Banner is above the Top Menu Bar.,Банер розташований над верхньою панеллю меню.
Bar,Стовпчик
Barcode,Штрихкод
Base Distinguished Name (DN),Базове розрізнювальне ім'я (DN)
Base URL,Базова URL-адреса
Based On,На основі
Based on Field,На основі поля
Based on Permissions For User,На основі дозволів для користувача
Basic,Основний
Basic Info,Основна інформація
Before,До
Before Cancel,Перед скасуванням
Before Delete,Перед видаленням
Before Discard,Перед відхиленням
Before Insert,Перед вставкою
Before Print,Перед друком
Before Rename,Перед перейменуванням
Before Save,Перед збереженням
Before Save (Submitted Document),Перед збереженням (підтверджений документ)
Before Submit,Перед підтвердженням
Before Validate,Перед валідацією
Beginner,Початківець
Beginning with,Починаючи з
Beta,Бета
Better add a few more letters or another word,Краще додайте ще кілька літер або інше слово
Between,Між
Bihar,Біхар
Billing,Виставлення рахунків
Billing Contact,Контакт для виставлення рахунків
Binary Logging,Бінарне журналювання
Bio,Біографія
Birth Date,Дата народження
Blank Template,Порожній шаблон
Block Module,Заблокувати модуль
Block Modules,Заблокувати модулі
Blocked,блокований
Blog,Блог
Blog Category,Категорія блогу
Blog Intro,Блог Інтро
Blog Introduction,Вступ блогу
Blog Post,Повідомлення в блозі
Blog Settings,Налаштування блогу
Blog Title,Назва блогу
Blogger,Блоггер
Blue,Синій
Bold,Жирний
Bot,Бот
Both DocType and Name required,Потрібні DocType і назва
Both login and password required,Потрібні логін і пароль
Bottom,Знизу
Bottom Center,Внизу по центру
Bottom Left,Внизу зліва
Bottom Right,Внизу справа
Bounced,Відхилено
Braintree Settings,Налаштування Braintree
Braintree payment gateway settings,Параметри оплати шлюзу Braintree
Brand,Бренд
Brand HTML,HTML бренду
Brand Image,Зображення бренду
Brand Logo,Логотип бренду
Breadcrumbs,Хлібні крихти
Browse,Переглянути
Browser,Браузер
Browser Version,Версія браузера
Browser not supported,Браузер не підтримується
Brute Force Security,Захист від підбору паролів
Bucket Name,Назва відра
Bufferpool Size,Розмір буферного пулу
Build,Збірка
Build Report,Побудувати звіт
"Build your own reports, print formats, and dashboards. Create personalized workspaces for easier navigation","Створюйте власні звіти, формати друку та інформаційні панелі. Створюйте персоналізовані робочі простори для зручнішої навігації"
Build {0},Збірка {0}
Built on {0},Побудовано на {0}
Bulk Actions,Групові дії
Bulk Delete,Групове видалення
Bulk Edit,Групове редагування
Bulk Edit {0},Групове редагування {0}
Bulk Operation Failed,Групова операція не вдалася
Bulk Operation Successful,Масову операцію виконано успішно
Bulk PDF Export,Масовий експорт PDF
Bulk Rename,Масове перейменування
Bulk Update,Масове оновлення
Bulk approval only support up to 500 documents.,Масове підтвердження підтримує до 500 документів.
Bulk operation is enqueued in background.,Масову операцію додано до черги у фоновому режимі.
Bulk operations only support up to 500 documents.,Масові операції підтримують до 500 документів.
Bulk {0} is enqueued in background.,Масова операція {0} додана до черги у фоновому режимі.
Button,Кнопка
Button Color,Колір кнопки
Button Gradients,Градієнт кнопки
Button Help,кнопка Допомога
Button Label,кнопка Етикетка
Button Rounded Corners,Округлі кути кнопки
Button Shadows,Тінь кнопки
"By ""Naming Series"" field",За полем «Серія назв»
"By default the title is used as meta title, adding a value here will override it.",За замовчуванням заголовок використовується як мета-заголовок; введення значення тут замінить його.
By fieldname,За назвою поля
By script,За скриптом
Bypass Restricted IP Address Check If Two Factor Auth Enabled,"Обходити перевірку обмежених IP-адрес, якщо двофакторна автентифікація увімкнена"
Bypass Two Factor Auth for users who login from restricted IP Address,"Обходити двофакторну автентифікацію для користувачів, що входять з обмежених IP-адрес"
Bypass restricted IP Address check If Two Factor Auth Enabled,"Обходити перевірку обмежених IP-адрес, якщо двофакторна автентифікація увімкнена"
C5E,C5E
CANCELLED,СКАСОВАНО
CC,CC
"CC, BCC & Email Template","CC, BCC та шаблон електронної пошти"
CMD,CMD
COLOR PICKER,ВИБІР КОЛЬОРУ
CSS,CSS
CSS Class,CSS-клас
CSS selector for the element you want to highlight.,"CSS-селектор елемента, який ви хочете виділити."
CSV,CSV
CTA,CTA
CTA Label,Етикетка CTA
CTA URL,URL-адреса CTA
Cache,Кеш
Cache Cleared,Кеш очищено
Calculate,Обчислити
Calendar,Календар
Calendar Name,Назва календаря
Calendar View,Вигляд календаря
Calibration Print,Калібрувальний друк
Call,Дзвінок
Call To Action,Заклик до дії
Call To Action URL,URL заклику до дії
Callback Message,Повідомлення зворотного виклику
Callback Title,Заголовок зворотного виклику
Callback URL,URL-адреса зворотного дзвінка
Camera,Камера
Campaign,Кампанія
Campaign Description (Optional),Опис кампанії (необов'язково)
Can Read,Може Читати
Can Share,Може оприлюднити
Can Write,Може Написати
Can not rename as column {0} is already present on DocType.,"Неможливо перейменувати, оскільки стовпець {0} вже існує в DocType."
Can only change to/from Autoincrement naming rule when there is no data in the doctype,Можна змінити правило автоінкременту лише якщо в doctype немає даних
Can only list down the document types which has been linked to the User document type.,"Можна переглянути лише типи документів, пов'язані з типом документа «Користувач»."
Can't follow since changes are not tracked.,"Неможливо стежити, оскільки зміни не відстежуються."
Can't identify open {0}. Try something else.,Неможливо ідентифікувати відкрите {0}. Спробуйте що-небудь інше.
Can't rename {0} to {1} because {0} doesn't exist.,"Неможливо перейменувати {0} на {1}, оскільки {0} не існує."
Can't save the form as data import is in progress.,"Не вдається зберегти форму, оскільки імпорт даних відбувається."
Cancel,Скасувати
Cancel All,Скасувати все
Cancel All Documents,Скасувати всі документи
Cancel Change,Скасувати заміну
Cancel Import,Скасувати імпорт
Cancel Prepared Report,Скасувати підготовлений звіт
Cancel {0} documents?,Скасувати {0} документів?
Cancelled,Скасовано
Cancelled Document restored as Draft,Скасований документ відновлено як чернетку
Cancelling,Скасування
Cancelling documents,Скасування документів
Cancelling {0},Скасування {0}
Cannot Download Report due to insufficient permissions,Неможливо завантажити звіт через недостатні права доступу
Cannot Fetch Values,Неможливо отримати значення
Cannot Remove,Неможливо видалити
Cannot Update After Submit,Неможливо оновити після подання
Cannot access file path {0},Немає доступу до шляху файлу {0}
Cannot cancel before submitting while transitioning from <b>{0} State</b> to <b>{1} State</b>,Неможливо скасувати до подання під час переходу зі стану <b>{0}</b> до стану <b>{1}</b>
Cannot cancel before submitting. See Transition {0},Неможливо скасувати до подання. Дивіться перехід {0}
Cannot cancel {0}.,Неможливо скасувати {0}.
Cannot change docstatus from 0 (Draft) to 2 (Cancelled),Неможливо змінити статус документа з 0 (Чернетка) на 2 (Скасовано)
Cannot change docstatus from 0 to 2,Неможливо змінити docstatus від 0 до 2
Cannot change docstatus from 1 (Submitted) to 0 (Draft),Неможливо змінити статус документа з 1 (Подано) на 0 (Чернетка)
Cannot change docstatus from 1 to 0,Неможливо змінити docstatus від 1 до 0
Cannot change header content,Неможливо змінити вміст заголовка
Cannot change state of Cancelled Document <b>({0} State)</b>,Неможливо змінити стан скасованого документа <b>(стан {0})</b>
Cannot change state of Cancelled Document. Transition row {0},Неможливо змінити стан скасованого документа. Рядок переходу {0}
Cannot change to/from autoincrement autoname in Customize Form,Неможливо змінити автоінкрементне автоіменування у формі налаштування
Cannot change user details in demo. Please signup for a new account at https://erpnext.com,"Неможливо змінити дані користувача в демо. Будь ласка, підписатися на новий обліковий запис на https://erpnext.com"
Cannot create a {0} against a child document: {1},Неможливо створити {0} для дочірнього документа: {1}
Cannot create private workspace of other users,Неможливо створити приватний робочий простір інших користувачів
Cannot delete Desktop Icon '{0}' as it is restricted,"Неможливо видалити іконку робочого столу «{0}», оскільки вона обмежена"
Cannot delete Home and Attachments folders,Неможливо видалити папки «Головна» та «Вкладення»
Cannot delete file as it belongs to {0} {1} for which you do not have permissions,"Неможливо видалити файл, оскільки він належить {0} {1}, для якого у вас немає дозволів"
Cannot delete or cancel because {0} {1} is linked with {2} {3} {4},"Неможливо видалити або скасувати, оскільки {0} {1} пов'язано з {2} {3} {4}"
Cannot delete standard action. You can hide it if you want,Неможливо видалити стандартну дію. Ви можете приховати її за потреби
Cannot delete standard document state.,Неможливо видалити стандартний стан документа.
Cannot delete standard field <strong>{0}</strong>. You can hide it instead.,Неможливо видалити стандартне поле <strong>{0}</strong>. Ви можете його приховати.
Cannot delete standard field. You can hide it if you want,Неможливо видалити стандартне поле. Ви можете його приховати.
Cannot delete standard link. You can hide it if you want,Неможливо видалити стандартне посилання. Ви можете його приховати.
Cannot delete system generated field <strong>{0}</strong>. You can hide it instead.,Неможливо видалити системне поле <strong>{0}</strong>. Ви можете його приховати.
Cannot delete {0},Неможливо видалити {0}
Cannot delete {0} as it has child nodes,"Неможливо видалити {0}, оскільки є дочірні вузли"
Cannot edit Standard Dashboards,Неможливо редагувати стандартні панелі
"Cannot edit Standard Notification. To edit, please disable this and duplicate it","Неможливо редагувати стандартне сповіщення. Щоб редагувати, вимкніть його та створіть копію"
Cannot edit Standard charts,Неможливо редагувати стандартні графіки
Cannot edit a standard report. Please duplicate and create a new report,Неможливо редагувати стандартний звіт. Створіть його копію
Cannot edit cancelled document,Неможливо редагувати скасований документ
Cannot edit filters for standard charts,Неможливо редагувати фільтри стандартних графіків
Cannot edit filters for standard number cards,Неможливо редагувати фільтри стандартних числових карток
Cannot edit standard fields,Неможливо редагувати стандартні поля
Cannot enable {0} for a non-submittable doctype,Неможливо увімкнути {0} для типу документа без підтвердження
Cannot find file {} on disk,Файл {} не знайдено на диску
Cannot get file contents of a Folder,Неможливо отримати вміст папки
Cannot have multiple printers mapped to a single print format.,Не можна призначити кілька принтерів одному формату друку.
Cannot import table with more than 5000 rows.,Неможливо імпортувати таблицю з понад 5000 рядків.
Cannot link cancelled document: {0},Неможливо посилатися на скасований документ: {0}
Cannot map because following condition fails:,"Неможливо зіставити, оскільки умова не виконується:"
Cannot map because following condition fails: ,"Якщо Ви не можете, тому що така умова не вдається:"
Cannot match column {0} with any field,Неможливо зіставити стовпець {0} з жодним полем
Cannot move row,Неможливо перемістити рядок
Cannot open instance when its {0} is open,"Не вдається відкрити випадок, коли його {0} відкрито"
Cannot open {0} when its instance is open,"Не вдається відкрити {0}, коли його примірник відкритий"
Cannot remove ID field,Неможливо видалити поле ID
Cannot set 'Report' permission if 'Only If Creator' permission is set,"Неможливо встановити дозвіл «Звіт», якщо встановлено «Лише для автора»"
Cannot set Notification on Document Type {0},Не вдається встановити сповіщення про тип документа {0}
Cannot set Notification with event {0} on Document Type {1},Неможливо встановити сповіщення з подією {0} для типу документа {1}
Cannot share {0} with submit permission as the doctype {1} is not submittable,"Неможливо поділитися {0} з дозволом на підтвердження, оскільки тип документа {1} не підтримує підтвердження"
Cannot submit {0}.,Неможливо підтвердити {0}.
Cannot update {0},Неможливо оновити {0}
Cannot use sub-query here.,Тут не можна використовувати підзапит.
Cannot use sub-query in order by,Неможливо використовувати підзапит в порядку
Cannot use {0} in order/group by,Не можна використовувати {0} у order/group by
Cannot {0} {1},Не можу {0} {1}
Cannot {0} {1}.,Неможливо {0} {1}.
Capitalization doesn't help very much.,Використання великих літер мало допомагає.
Capture,Захопити
Card,Картка
Card Break,Розрив картки
Card Details,Інформація про картку
Card Label,Підпис картки
Card Links,Посилання картки
Cards,Картки
Categorize blog posts.,Класифікувати повідомлення в блозі.
Category,Категорія
Category Description,Опис категорії
Category Name,Назва категорії
Cent,Цент
Center,По центру
"Certain documents, like an Invoice, should not be changed once final. The final state for such documents is called Submitted. You can restrict which roles can Submit.","Деякі документи, як рахунки-фактури не можуть змінюватись після фіналізації Кінцевий стан для таких документів називається Проведений. Ви можете обмежити ролі, що можуть проводити."
Chain Integrity,Цілісність ланцюга
Chaining Hash,Ланцюговий хейш
Chandigarh,Чандігарх
Change,Змінити
Change Image,Змінити зображення
Change Label (via Custom Translation),Змінити мітку (через власний переклад)
Change Labels,Замінити етикетки
Change Letter Head,Змінити шапку листа
Change Password,Змінити пароль
Change Print Format,Змінити формат друку
Change User,Змінити користувача
"Change field properties (hide, readonly, permission etc.)","Зміна властивостей полів (приховати, тільки для читання, дозвіл і т.д.)"
Changed at,Змінено о
Changed by,Змінено
Changelog Feed,Стрічка змін
Changes,Зміни
Changing any setting will reflect on all the email accounts associated with this domain.,Будь-яка зміна налаштувань відобразиться на всіх поштових акаунтах цього домену.
Changing rounding method on site with data can result in unexpected behaviour.,Зміна методу округлення на сайті з даними може призвести до непередбачуваної поведінки.
Channel,Канал
Chart,Графік
Chart Configuration,Налаштування графіка
Chart Name,Назва графіка
Chart Options,Параметри графіка
Chart Source,Джерело графіка
Chart Type,Тип графіка
Charts,Графіки
Chat,Чат
Chat Background,Фонова бесіда
Chat Message,Повідомлення чату
Chat Operators,Оператори чату
Chat Profile,Чат профіль
Chat Profile for User {0} exists.,Чат профіль для користувача {0} існує.
Chat Room,Чат
Chat Room Name,Назва чатної кімнати
Chat Room User,Користувач чату
Chat Token,Чатовий маркер
Chat Type,Тип чату
Chat messages and other notifications.,Чат повідомлення та інші повідомлення.
Check,Прапорець
Check Connection,Перевірити з'єднання
Check Request URL,Перевірити URL запиту
"Check columns to select, drag to set order.","Відмітьте стовпці для вибору, перетягніть для сортування."
Check the Error Log for more information: {0},Перевірте журнал помилок для детальнішої інформації: {0}
Check this if the Update Value is a formula or expression (e.g. doc.amount * 2). Leave unchecked for plain text values.,"Відмітьте, якщо значення оновлення є формулою або виразом (наприклад, doc.amount * 2). Залиште порожнім для звичайного тексту."
Check this if you are testing your payment using the Sandbox API,"Перевірте це, якщо ви перевіряєте ваш платіж за допомогою API Пісочниця"
Check this if you don't want users to sign up for an account on your site. Users won't get desk access unless you explicitly provide it.,"Відмітьте, якщо не хочете дозволяти реєстрацію на сайті. Користувачі не матимуть доступу до робочого місця без явного надання."
Check this if you want to force the user to select a series before saving. There will be no default if you check this.,"Відмітьте, щоб змусити користувача вибирати серію перед збереженням. За замовчуванням значення не буде."
Check this to pull emails from your mailbox,"Перевірте це, щоб витягнути листи з поштової скриньки"
"Check to display the full numeric value (e.g., 1,234,567 instead of 1.2M).","Відмітьте для відображення повного числового значення (наприклад, 1 234 567 замість 1,2 млн)."
Check which Documents are readable by a User,"Перевірте, які документи можуть бути прочитані за допомогою користувача"
Checking one moment,Зачекайте...
"Checking this will enable tracking page views for blogs, web pages, etc.","Увімкне відстеження перегляду сторінок блогів, вебсторінок тощо."
Checking this will hide custom doctypes and reports cards in Links section,Приховає картки власних типів документів та звітів у розділі «Посилання»
Checking this will publish the page on your website and it'll be visible to everyone.,Опублікує сторінку на вашому сайті та зробить її видимою для всіх.
Checking this will show a text area where you can write custom javascript that will run on this page.,"Відобразить текстове поле для написання власного JavaScript, який виконуватиметься на цій сторінці."
Checking...,Перевірка...
Checksum Version,Контрольна версія
Chhattisgarh,Чхаттісгарх
Child DocTypes are not allowed,Дочірні типи документів не дозволені
Child Doctype,Дочірній DocType
Child Item,Дочірній елемент
Child Table,Дитячий стіл
Child Table Mapping,Таблиця відображення дітей
Child Table {0} for field {1} must be virtual,Дочірня таблиця {0} для поля {1} має бути віртуальною
Child Tables are shown as a Grid in other DocTypes,Дочірні таблиці відображаються як сітка в інших DocType
Child query fields for '{0}' must be a list or tuple.,Поля дочірнього запиту для '{0}' мають бути списком або кортежем.
Choose Existing Card or create New Card,Виберіть наявну картку або створіть нову
Choose a block or continue typing,Виберіть блок або продовжуйте введення
Choose a color,Виберіть колір
Choose an icon,Виберіть значок
Choose authentication method to be used by all users,Виберіть метод автентифікації для всіх користувачів
City,Місто
City/Town,Місто/Містечко
Clear,Очистити
Clear & Add Template,Очистити та додати шаблон
Clear & Add template,Очистити та додати шаблон
Clear Activity Log After,Очистити журнал активності після
Clear All,Очистити все
Clear Assignment,Скасувати призначення
Clear Cache and Reload,Очистити кеш і перезавантажити
Clear Email Queue After,Очистити чергу електронної пошти після
Clear Error Logs,Очистити журнали помилок
Clear Error log After,Очистити журнал помилок після
Clear Filters,Скинути фільтри
Clear Logs After (days),Очищати журнали через (днів)
Clear User Permissions,Очистити дозволи користувача
Clear all roles,Очистіть всі ролі
Clear the email message and add the template,Очистити повідомлення електронної пошти та додати шаблон
"Clearing end date, as it cannot be in the past for published pages.","Дата завершення очищена, оскільки вона не може бути в минулому для опублікованих сторінок."
Click On Customize to add your first widget,"Натисніть «Налаштувати», щоб додати перший віджет"
Click below to get started:,"Натисніть нижче, щоб розпочати:"
Click here,Натисніть тут
Click here to post bugs and suggestions,"Натисніть тут, щоб опублікувати помилки та пропозиції"
Click here to verify,"Натисніть тут, щоб перевірити,"
Click on <b>Authorize Google Drive Access</b> to authorize Google Drive Access.,"Натисніть <b>Авторизувати доступ</b> до Диска Google, щоб авторизувати <b>доступ</b> до Диска Google."
Click on a file to select it.,"Натисніть на файл, щоб вибрати його."
Click on the button to log in to {0},"Натисніть кнопку, щоб увійти до {0}"
Click on the link below to approve the request,"Натисніть на посилання нижче, щоб схвалити запит"
Click on the link below to complete your registration and set a new password,"Натисніть на посилання нижче, щоб завершити реєстрацію та встановити новий пароль"
Click on the link below to download your data,"Натисніть на посилання нижче, щоб завантажити ваші дані"
Click on the link below to verify your request,"Натисніть на посилання нижче, щоб підтвердити запит"
Click on the lock icon to toggle public/private,"Клацніть на піктограму блокування, щоб переключити приватне / приватне"
Click on the row for accessing filters.,Клацніть на рядок для доступу до фільтрів.
Click on {0} to generate Refresh Token.,"Натисніть {0}, щоб згенерувати токен оновлення."
Click table to edit,Натисніть на таблицю для редагування
Click to Set Dynamic Filters,"Натисніть, щоб встановити динамічні фільтри"
Click to Set Filters,"Натисніть, щоб встановити фільтри"
Click to sort by {0},"Натисніть, щоб сортувати за {0}"
Clicked,Натиснуто
Client,Клієнт
Client Code,Код клієнта
Client Credentials,Облікові дані клієнта
Client ID,Ідентифікатор клієнта
Client Id,Ідентифікатор клієнта
Client Information,Інформація про клієнта
Client Metadata,Метадані клієнта
Client Script,Клієнтський скрипт
Client Secret,Секрет клієнта
Client Secret Basic,Client Secret Basic
Client Secret Post,Client Secret Post
Client URI,URI клієнта
Client URLs,URL-адреси клієнта
Client script,Клієнтський скрипт
Client side script extensions in Javascript,Розширення клієнтський сценарій в Javascript
Close,Закрити
Close Condition,Умова закриття
Close properties,Закрити властивості
Closed,Закрито
Cmd+Enter to add comment,Cmd+Enter для додавання коментаря
Code,Код
Code Challenge,Code Challenge
Code Editor Type,Тип редактора коду
Code challenge method,Метод code challenge
Collapse,Згорнути
Collapse All,Згорнути все
Collapsible,Згортальний
Collapsible Depends On,Згортання залежить від
Collapsible Depends On (JS),Згортання залежить від (JS)
Color,Колір
Column,Стовпець
Column 1,Стовпець 1
Column 2,Стовпець 2
Column <b>{0}</b> already exist.,Стовпець <b>{0}</b> вже існує.
Column Break,Розрив стовпця
Column Labels:,Мітки стовпців:
Column Name,Назва стовпця
Column Name cannot be empty,Назва стовпця не може бути порожньою
Column Width,Ширина стовпця
Column width cannot be zero.,Ширина стовпця не може бути нульовою.
Column {0},Стовпець {0}
Columns,Стовпці
Columns / Fields,Стовпці / Поля
Columns based on,Стовпці на основі
Combination of Grant Type (<code>{0}</code>) and Response Type (<code>{1}</code>) not allowed,Комбінація типу дозволу (<code>{0}</code>) та типу відповіді (<code>{1}</code>) не дозволена
Comm10E,Comm10E
"Comma-separated field names for raw data input (e.g. serial_no,item_name). Leave empty for single-value input (accessible as doc.name).","Назви полів через кому для введення даних (наприклад serial_no,item_name). Залиште порожнім для одного значення (доступне як doc.name)."
Comment,Коментар
Comment By,Автор коментаря
Comment Email,Email коментаря
Comment Type,Тип коментаря
Comment can only be edited by the owner,Коментар може редагувати лише його автор
Comment publicity can only be updated by the original author or a System Manager.,Видимість коментаря може змінити лише його автор або системний менеджер.
Commented on {0}: {1},Коментарі {0}: {1}
Comments,Коментарі
Comments and Communications will be associated with this linked document,Коментарі та повідомлення будуть пов'язані з цим документом
Comments cannot have links or email addresses,Коментарі не можуть містити посилання або email-адреси
Comments on this blog post will be disabled if checked.,"Коментарі до цього повідомлення в блозі будуть вимкнені, якщо позначити."
Commercial Rounding,Комерційне округлення
Commit,Зафіксувати
Committed,Зафіксовано
Common names and surnames are easy to guess.,Поширені імена та прізвища легко вгадати.
Common words are easy to guess.,Поширені слова легко вгадати.
Communicated via {0} on {1}: {2},Повідомляється через {0} {1}: {2}
Communication,Комунікація
Communication Date,Дата комунікації
Communication Link,Посилання на комунікацію
Communication Logs,Журнал комунікацій
Communication Type,Тип комунікації
Communication secret not set,Секрет комунікації не встановлено
Community Contribution,Внесок громади
Compact Item Print,Компактний товару друку
Company,Компанія
Company History,Історія компанії
Company Introduction,Опис компанії
Company Name,Назва компанії
"Company, Fiscal Year and Currency defaults","За замовчуванням компанія, фінансовий рік та валюта"
Compare Versions,Порівняти версії
Compilation warning,Попередження компіляції
Compiled Successfully,Компіляція успішна
Complete,Завершити
Complete By,Завершити до
Complete Registration,Завершити реєстрацію
Complete Setup,Завершити налаштування
Completed,Завершено
Completed By Role,Завершено за роллю
Completed By User,Завершено користувачем
Component,Компонент
Compose Email,Написати лист
Compressed,Стиснуто
Condition,Умова
Condition Detail,Подробиці умов
Condition JSON,Умова JSON
Condition Type,Тип умови
Condition description,Опис умови
Conditions,Умови
Config,Конфіг
Configuration,Конфігурація
Configure Chart,Налаштувати діаграму
Configure Charts,Налаштувати діаграми
Configure Columns,Налаштувати стовпці
Configure Recorder,Налаштувати рекордер
Configure columns for {0},Налаштувати стовпці для {0}
"Configure notifications for mentions, assignments, energy points and more.","Налаштування сповіщень для згадок, завдань, енергетичних точок тощо."
"Configure various aspects of how document naming works like naming series, current counter.","Налаштуйте різні аспекти іменування документів: серії найменувань, поточний лічильник."
Confirm,Підтвердити
Confirm Access,Підтвердити доступ
Confirm Deletion of Account,Підтвердити видалення акаунта
Confirm Deletion of Data,Підтвердити видалення даних
Confirm New Password,Підтвердити новий пароль
Confirm Password,Підтвердити пароль
Confirm Request,Підтвердити запит
Confirm Translations,Підтвердьте переклади
Confirm Your Email,Підтвердіть Ваш E-mail
Confirmation Email Template,Шаблон листа підтвердження
Confirmed,Підтверджено
"Congratulations on completing the module setup. If you want to learn more you can refer to the documentation <a target=""_blank"" href=""{0}"">here</a>.","Вітаємо з завершенням налаштування модуля. Якщо хочете дізнатися більше, зверніться до документації <a target=""_blank"" href=""{0}"">тут</a>."
Connect to {},Підключитися до {}
Connected App,Підключений застосунок
Connected User,Підключений користувач
Connected to QZ Tray!,Підключено до QZ Tray!
Connection Lost,З'єднання втрачено
Connection Name,Назва з&#39;єднання
Connection Success,З'єднання успішне
Connection failed,З'єднання не вдалось
Connection lost. Some features might not work.,З'єднання втрачено. Деякі функції можуть не працювати.
Connections,З'єднання
Connector Name,Назва роз&#39;єму
Connector Type,Тип роз&#39;єму
Console,Консоль
Console Log,Журнал консолі
Console Logs can not be deleted,Журнали консолі не можна видалити
Constraints,Обмеження
Contact,Контакт
Contact / email not found. Did not add attendee for -<br>{0},Контакт / email не знайдено. Учасника не додано для -<br>{0}
Contact Details,Контактні дані
Contact Email,Контактний email
Contact Numbers,Контактні номери
Contact Phone,Телефон контакту
Contact Synced with Google Contacts.,Контакт синхронізовано з Google Contacts.
Contact Us,Зв'язатися з нами
Contact Us Settings,Налаштування форми зворотного зв'язку
"Contact options, like ""Sales Query, Support Query"" etc each on a new line or separated by commas.","Варіанти звернення, наприклад ""Запит щодо продажів, Запит до підтримки"" тощо — кожен з нового рядка або через кому."
Contacts,Контакти
Contains {0} security fix,Містить {0} виправлення безпеки
Contains {0} security fixes,Містить {0} виправлень безпеки
Content,Вміст
Content (HTML),Вміст (HTML)
Content (Markdown),Вміст (відмітка)
Content Hash,Хеш вмісту
Content Type,Тип вмісту
Content data shoud be a list,Дані вмісту мають бути списком
Content type for building the page,Тип вмісту для побудови сторінки
Content web page.,Вміст веб-сторінки.
Context,Контекст
Context Script,Контекстний скрипт
Continue,Продовжити
Contribute Translations,Зробіть переклади
Contributed,Внесено
Contributed Translations,Внесені переклади
Contribution Document Name,Назва документа внеску
Contribution Status,Статус внеску
Controller method get_razorpay_order missing,Відсутній метод контролера get_razorpay_order
"Controls whether new users can sign up using this Social Login Key. If unset, Website Settings is respected.","Визначає, чи можуть нові користувачі реєструватися за допомогою цього ключа соціального входу. Якщо не встановлено, застосовуються налаштування сайту."
Conversation Tones,Розмови тонів
Copied to clipboard.,Скопійовано в буфер обміну.
Copied {0} {1} to clipboard,Скопійовано {0} {1} у буфер обміну
Copies,Копії
Copy Link,Копіювати посилання
Copy embed code,Копіювати код вставки
Copy error to clipboard,Копіювати помилку в буфер обміну
Copy to Clipboard,Копіювати в буфер обміну
Copy token to clipboard,Копіювати токен у буфер обміну
Copyright,Авторське право
Core,Ядро
Core DocTypes cannot be customized.,Базові DocType не можна налаштовувати.
Core Modules {0} cannot be searched in Global Search.,Базові модулі {0} не доступні для глобального пошуку.
Correct version :,Правильна версія:
Could not connect to outgoing email server,Не вдалося підключитися до сервера вихідної пошти
Could not create Razorpay order. Please contact Administrator,Не вдалося створити замовлення Razorpay. Зверніться до адміністратора
Could not create razorpay order,Не вдалося створити замовлення на розплату
Could not find {0},Не вдалося знайти {0}
Could not find {0} in {1},Не вдалося знайти {0} в {1}
Could not identify {0},Неможливо визначити {0}
Could not map column {0} to field {1},Не вдалося зіставити стовпець {0} з полем {1}
Could not parse field: {0},Не вдалося розібрати поле: {0}
Could not save customization,Не вдалося зберегти налаштування
Could not start Chromium. Check logs for details.,Не вдалося запустити Chromium. Перевірте журнали для деталей.
Could not start up:,Не вдалося запустити:
Couldn't Load Desk,Не вдалося завантажити робочий стіл
"Couldn't save, please check the data you have entered",Не вдалося зберегти — перевірте введені дані
Count,Кількість
Count Customizations,Кількість налаштувань
Count Filter,Фільтр кількості
Count of linked documents,Кількість пов'язаних документів
Counter,Лічильник
Country,Країна
Country Code Required,Необхідний код країни
Country Name,Назва країни
County,Округ
Cr,Кр
Create,Створити
Create & Continue,Створити і продовжити
Create Address,Створити адресу
Create Card,Створити картку
Create Chart,Створити діаграму
Create Child Doctype,Створити дочірній DocType
Create Contacts from Incoming Emails,Створювати контакти з вхідних листів
Create Entry,Створити запис
Create Letter Head,Створити бланк
Create Log,Створити журнал
Create New,Створити новий
Create New DocType,Створити новий DocType
Create New Kanban Board,Створити нову канбан-дошку
Create Post,Створити публікацію
Create Saved Filter,Створити збережений фільтр
Create User Email,Створити email користувача
Create a New Format,Створити новий формат
Create a Reminder,Створити нагадування
Create a new ...,Створити новий...
Create a new record,Створити новий запис
Create a new {0},Створити новий {0}
Create a {0} Account,Створити обліковий запис {0}
Create and Send Newsletters,Створення і відправлення розсилки
Create and manage newsletter,Створюйте інформаційний бюлетень та керуйте ним
Create or Edit Print Format,Створити або редагувати формат друку
Create or Edit Workflow,Створити або редагувати робочий процес
Create your first {0},Створіть свій перший {0}
Create your workflow visually using the Workflow Builder.,Створіть свій робочий процес візуально за допомогою конструктора процесів.
Created,Створено
Created At,Створено о
Created By,Створено
Created By You,Створено вами
Created By {0},Створено {0}
Created Custom Field {0} in {1},Створено користувацьке поле {0} у {1}
Created On,Створено
Created {0} records successfully.,Створено {0} записів успішно.
Creating {0},Створення {0}
Creation of this document is only permitted in developer mode.,Створення цього документа дозволено лише в режимі розробника.
Criticism,Критика
Criticize,Критикуйте
Cron,Cron
Cron Format,Формат Cron
Cron format is required for job types with Cron frequency.,Формат Cron обов'язковий для типів завдань із частотою Cron.
Crop,Обрізати
Ctrl + Down,Ctrl + Вниз
Ctrl + Up,Ctrl + Вгору
Ctrl+Enter to add comment,Ctrl+Enter для додавання коментаря
Currency,Валюта
Currency Name,Назва валюти
Currency Precision,Точність валюти
"Currency list stores the currency value, its symbol and fraction unit","Список валют зберігає значення валюти, її символ і одиницю дробу"
Current,Поточний
Current Job ID,ID поточного завдання
Current Mapping,Поточне відображення
Current Mapping Action,Поточний дію карти
Current Mapping Delete Start,Поточне відображення Видалити початок
Current Mapping Start,Поточне відображення початком
Current Mapping Type,Поточний тип відображення
Current Value,Поточне значення
Current status,Поточний статус
Currently Replying,В даний час відповідає
Currently Viewing,Зараз переглядається
Currently updating {0},В даний час оновлення {0}
Currently you have {0} review points,На даний момент у вас є {0} балів
Custom,Користувацький
Custom Base URL,Користувацька базова URL-адреса
Custom Block Name,Назва користувацького блоку
Custom Blocks,Користувацькі блоки
Custom CSS,Користувацький CSS
Custom Configuration,Користувацька конфігурація
Custom Delimiters,Користувацькі роздільники
Custom DocPerm,Користувацький DocPerm
Custom Document Types (Select Permission),Користувацькі типи документів (дозвіл на вибір)
Custom Document Types Limit Exceeded,Перевищено ліміт користувацьких типів документів
Custom Documents,Користувацькі документи
Custom Field,Користувацьке поле
Custom Field {0} is created by the Administrator and can only be deleted through the Administrator account.,Користувацьке поле {0} створено адміністратором і може бути видалено лише через обліковий запис адміністратора.
Custom Fields can only be added to a standard DocType.,Користувацькі поля можна додавати лише до стандартного DocType.
Custom Fields cannot be added to core DocTypes.,Користувацькі поля не можна додавати до основних DocType.
Custom Footer,Користувацький нижній колонтитул
Custom Format,Користувацький формат
Custom Group Search,Пошук користувацьких груп
"Custom Group Search if filled needs to contain the user placeholder {0}, eg uid={0},ou=users,dc=example,dc=com","Пошук користувацьких груп, якщо заповнено, має містити заповнювач користувача {0}, наприклад uid={0},ou=users,dc=example,dc=com"
Custom HTML,Користувацький HTML
Custom HTML Block,Користувацький HTML-блок
Custom HTML Help,Довідка користувацького HTML
Custom JS,Користувальницький JS
"Custom LDAP Directoy Selected, please ensure 'LDAP Group Member attribute' and 'Group Object Class' are entered","Вибрано користувацький каталог LDAP, переконайтеся, що введено 'атрибут члена групи LDAP' і 'клас об'єкта групи'"
Custom Label,Користувацька мітка
Custom Menu Items,Користувацькі пункти меню
Custom Options,Користувацькі параметри
Custom Overrides,Користувацькі перевизначення
Custom Report,Користувацький звіт
Custom Reports,Користувацькі звіти
Custom Role,Користувацька роль
Custom SCSS,Користувацький SCSS
Custom Script,Сценарій на замовлення
Custom Sidebar Menu,Користувацьке бічне меню
Custom Translation,Користувацький переклад
Custom Translations,призначені для користувача Переклади
Custom field renamed to {0} successfully.,Користувацьке поле успішно перейменовано на {0}.
"Custom get_list method for {0} must return a QueryBuilder object or None, got {1}","Метод get_list для {0} має повертати об'єкт QueryBuilder або None, отримано {1}"
Custom?,Користувацький?
Customization,Налаштування
Customizations Discarded,Налаштування скасовано
Customizations Reset,Налаштування скинуто
Customizations Saved Successfully,Налаштування успішно збережено
Customizations for <b>{0}</b> exported to:<br>{1},Налаштування для <b>{0}</b> експортовано до:<br>{1}
Customize,Налаштувати
Customize Child Table,Налаштувати дочірню таблицю
Customize Dashboard,Налаштувати інформаційну панель
Customize Form,Налаштувати форму
Customize Form - {0},Налаштувати форму - {0}
Customize Form Field,Налаштувати поле форми
"Customize Label, Print Hide, Default etc.","Налаштувати Label, Друк приховувати, за замовчуванням і т.д."
Customize Workspace,Налаштування робочої області
"Customize properties, naming, fields and more for standard doctypes","Налаштуйте властивості, іменування, поля та інше для стандартних DocType"
Customize...,Налаштувати ...
"Customized Formats for Printing, Email","Індивідуальні формати для друку, електронної пошти"
Customized HTML Templates for printing transactions.,Індивідуальні шаблони HTML для друкованих операцій.
Cut,Вирізати
Cyan,Блакитний
DELETE,ВИДАЛИТИ
DESC,СПАД
DLE,DLE
DRAFT,ЧЕРНЕТКА
Dadra and Nagar Haveli,Дадра і Нагар Гавелі
Daily,Щоденно
Daily Event Digest is sent for Calendar Events where reminders are set.,"Щоденний дайджест подій надсилається для подій календаря, де встановлено нагадування."
Daily Events should finish on the Same Day.,Щоденні події мають завершуватися того самого дня.
Daily Long,Щоденно (розширений)
Daily Maintenance,Щоденне обслуговування
Daman and Diu,Даман і Діу
Danger,Небезпека
Dark,Темний
Dark Color,Темний колір
Dark Theme,Темна тема
Dashboard,Панель приладів
Dashboard Chart,Графік панелі приладів
Dashboard Chart Field,Поле графіка панелі приладів
Dashboard Chart Link,Посилання графіка панелі приладів
Dashboard Chart Source,Джерело графіка панелі приладів
Dashboard Manager,Менеджер панелі приладів
Dashboard Name,Назва панелі приладів
Dashboard Settings,Налаштування панелі приладів
Dashboard View,Вигляд панелі приладів
Dashboards,Панелі приладів
Data,Дані
Data Clipped,Дані обрізано
Data Export,Експорт даних
Data Fields,Поля даних
Data Import,Імпорт даних
Data Import Legacy,Спадщина імпорту даних
Data Import Log,Журнал імпорту даних
Data Import Template,Шаблон імпорту даних
Data Import is not allowed for {0}. Enable 'Allow Import' in DocType settings.,Імпорт даних не дозволено для {0}. Увімкніть «Дозволити імпорт» у налаштуваннях DocType.
Data Migration,Переміщення даних
Data Migration Connector,Коннектор міграції даних
Data Migration Mapping,Картографія міграції даних
Data Migration Mapping Detail,Детальний опис картки міграції даних
Data Migration Plan,План міграції даних
Data Migration Plan Mapping,Мапування плану міграції даних
Data Migration Run,Запуск міграції даних
Data Too Long,Дані завадовгі
Data missing in table,Відсутні дані в таблиці
Database,База даних
Database Engine,Рушій бази даних
Database Name,Ім&#39;я бази даних
Database Processes,Процеси бази даних
Database Row Size Utilization,Використання розміру рядка бази даних
Database Storage Usage By Tables,Використання сховища бази даних за таблицями
Database Table Row Size Limit,Ліміт розміру рядка таблиці бази даних
"Database Table Row Size Utilization: {0}%, this limits number of fields you can add.","Використання розміру рядка таблиці бази даних: {0}%, це обмежує кількість полів, які можна додати."
Database Version,Версія бази даних
Date,Дата
Date Format,Формат дати
Date Range,Діапазон дат
Date and Number Format,Формат дати та чисел
Date {0} must be in format: {1},Дата {0} має бути у форматі: {1}
Dates are often easy to guess.,Дати часто легко вгадати.
Datetime,Дата і час
Day,День
Day of Week,День тижня
Days,Дні
Days After,Днів після
Days Before,Днів до
Days Before or After,Днів до або після
Deadlock Occurred,Виникло взаємне блокування
Dear,Шановний(а)
"Dear System Manager,","Шановний системний адміністратор,"
"Dear User,","Шановний користувачу,"
Dear {0},Шановний(а) {0}
Debug Log,Журнал налагодження
Decimal Separator must be '.' when Quoting is set to Non-numeric,"Десятковий роздільник має бути «.», якщо для лапок встановлено нечисловий режим"
Decimal Separator must be a single character,Десятковий роздільник має бути одним символом
Default,За замовчуванням
Default Address Template cannot be deleted,Типовий шаблон адреси не можна видалити
Default Amendment Naming,Типове іменування поправок
Default App,Типовий застосунок
Default Email Template,Типовий шаблон електронного листа
Default Inbox,Типова вхідна скринька
Default Incoming,Типова вхідна пошта
Default Letter Head,Типовий бланк
Default Naming,Типове іменування
Default Outgoing,Типова вихідна пошта
Default Portal Home,Типова домашня сторінка порталу
Default Print Format,Типовий формат друку
Default Print Language,Типова мова друку
Default Redirect URI,Типовий URI перенаправлення
Default Role at Time of Signup,Типова роль при реєстрації
Default Role on Creation,Роль за створенням за замовчуванням
Default Sending,Типове надсилання
Default Sending and Inbox,Типове надсилання та вхідна скринька
Default Sort Field,Типове поле сортування
Default Sort Order,Типовий порядок сортування
Default Template For Field,Типовий шаблон для поля
Default Theme,Типова тема
Default User Role,Типова роль користувача
Default User Type,Типовий тип користувача
Default Value,Значення за замовчуванням
Default View,Типовий вигляд
Default Workspace,Типовий робочий простір
Default display currency,Типова валюта відображення
Default for 'Check' type of field {0} must be either '0' or '1',Значення за замовчуванням для поля типу «Прапорець» {0} має бути «0» або «1»
Default value for {0} must be in the list of options.,Значення за замовчуванням для {0} має бути в списку варіантів.
Default {0},Типовий {0}
"Default: ""Contact Us""",За замовчуванням: «Зв'яжіться з нами»
DefaultValue,Значення за замовчуванням
Defaults,Значення за замовчуванням
Defaults Updated,Значення за замовчуванням оновлено
Define workflows for forms.,Визначити робочі процеси для форм.
Defines actions on states and the next step and allowed roles.,"Визначає дії в станах, наступний крок та дозволені ролі."
Defines how long exported reports sent via email are kept in the system. Older files will be automatically deleted.,"Визначає, як довго експортовані звіти, надіслані електронною поштою, зберігаються в системі. Старіші файли буде автоматично видалено."
Defines workflow states and rules for a document.,Визначає стани робочого процесу та правила для документа.
Delayed,Затримано
Delete,Видалити
Delete Account,Видалити обліковий запис
Delete All,Видалити все
Delete Background Exported Reports After (Hours),Видаляти фонові експортовані звіти через (годин)
Delete Column,Видалити стовпець
Delete Data,Видалити дані
Delete Kanban Board,Видалити канбан-дошку
Delete Section,Видалити секцію
Delete Tab,Видалити вкладку
Delete all,Видалити все
Delete all {0} rows,Видалити всі {0} рядків
Delete and Generate New,Видалити та створити новий
Delete column,Видалити стовпець
Delete comment?,Видалити коментар?
Delete entire column with fields,Видалити весь стовпець з полями
Delete entire section with fields,Видалити всю секцію з полями
Delete entire tab with fields,Видалити всю вкладку з полями
Delete row,Видалити рядок
Delete section,Видалити секцію
Delete tab,Видалити вкладку
Delete this record to allow sending to this email address,"Видаліть цей запис, щоб дозволити надсилання на цю електронну адресу"
Delete {0} item permanently?,Видалити {0} елемент назавжди?
Delete {0} items permanently?,Видалити {0} елементів назавжди?
Delete {0} rows,Видалити {0} рядків
Deleted,Видалено
Deleted DocType,Видалений DocType
Deleted Document,Видалений документ
Deleted Documents,Дистанційні документи
Deleted Name,Видалена назва
Deleted all documents successfully,Усі документи успішно видалено
Deleted!,Видалено!
Deleting {0},Видалення {0}
Deleting {0} records...,Видалення {0} записів...
Deleting {0}...,Видалення {0}...
Deletion Steps,Кроки видалення
Deletion of this document is only permitted in developer mode.,Видалення цього документа дозволено лише в режимі розробника.
Delhi,Делі
Delimiter Options,Параметри роздільника
Delimiter detection failed. Try to enable custom delimiters and adjust the delimiter options as per your data.,Виявлення роздільника не вдалося. Спробуйте увімкнути власні роздільники та налаштуйте параметри роздільника відповідно до ваших даних.
Delimiter must be a single character,Роздільник має бути одним символом
Delivery Failed,Помилка доставки
Delivery Status,Статус доставки
Deny,Відхилити
Department,Відділ
Dependencies,Залежності
Dependencies & Licenses,Залежності та ліцензії
Depends On,Залежить від
Descendants Of,Нащадки
Descendants Of (inclusive),Нащадки (включно)
Description,Опис
"Description for listing page, in plain text, only a couple of lines. (max 200 characters)","Опис для сторінки списку, у простому тексті, лише кілька рядків. (макс. 200 символів)"
Description to inform the user about any action that is going to be performed,"Опис для інформування користувача про будь-яку дію, яка буде виконана"
Designation,Посада
Desk,Стільниця
Desk Access,Доступ до робочого столу
Desk Card,Картка настільна
Desk Chart,Настільна діаграма
Desk Page,Столова столу
Desk Settings,Налаштування робочого столу
Desk Shortcut,Ярлик на робочому столі
Desk Theme,Тема робочого столу
Desk User,Користувач робочого столу
Desktop,Робочий стіл
Desktop Icon,Значок робочого столу
Desktop Icon already exists,Desktop Icon вже існує
Desktop Layout,Макет робочого столу
Desktop Settings,Налаштування робочого столу
Details,Деталі
Detect CSV type,Визначити тип CSV
Developer,Розробник
Developer Mode Only,Тільки для режиму розробника
Did not add,Не додано
Did not cancel,Чи не скасувати
Did not find {0} for {0} ({1}),Не знайшли {0} {0} ({1})
Did not remove,Не видалено
Diff,Різниця
"Different ""States"" this document can exist in. Like ""Open"", ""Pending Approval"" etc.","Різні ""Стани"", в яких може перебувати цей документ. Наприклад, ""Відкритий"", ""Очікує затвердження"" тощо."
Digits,Цифри
Dinars,Динари
Direct,Прямий
Direct room with {0} already exists.,Пряма кімната з {0} вже існує.
Directory Server,Сервер каталогів
Disable Auto Refresh,Вимкнути автооновлення
Disable Automatic Recency Filters,Вимкнути автоматичні фільтри за давністю
Disable Change Log Notification,Вимкнути сповіщення журналу змін
Disable Comment Count,Вимкнути лічильник коментарів
Disable Comments,Вимкнути коментарі
Disable Count,Вимкнути підрахунок
Disable Customer Signup link in Login page,Відключити посилання Реєстрація клієнта на сторінці входу
Disable Document Sharing,Вимкнути спільний доступ до документів
Disable Prepared Report,Вимкнути підготовлений звіт
Disable Product Suggestion,Вимкнути пропозиції продуктів
Disable Report,Вимкнути звіт
Disable SMTP server authentication,Вимкнути автентифікацію SMTP-сервера
Disable Scrolling,Вимкнути прокручування
Disable Sidebar Stats,Вимкнути статистику бічної панелі
Disable Signup,Відключити Реєстрація
Disable Signup for your site,Вимкнути реєстрацію для вашого сайту
Disable Standard Email Footer,Вимкнути стандартний нижній колонтитул електронної пошти
Disable System Update Notification,Вимкнути сповіщення про оновлення системи
Disable User Customization,Вимкнути налаштування користувача
Disable Username/Password Login,Вимкнути вхід за іменем користувача/паролем
Disable signups,Вимкнути реєстрацію
Disabled,Вимкнено
Disabled Auto Reply,Автовідповідь вимкнено
Discard,Відхилити
Discard {0},Відхилити {0}
Discard?,Відхилити?
Discarded,Відхилено
Disclaimer: These indexes are suggested based on data and queries performed during this recording. These suggestions may or may not help.,"Застереження: ці індекси пропонуються на основі даних і запитів, виконаних під час цього запису. Ці пропозиції можуть допомогти або не допомогти."
Discussion Reply,Відповідь у обговоренні
Discussion Topic,Тема обговорення
Dismiss,Закрити
Display,Відображення
Display Depends On,Відображення залежить від
Display Depends On (JS),Відображення залежить від (JS)
Divider,Роздільник
Do Not Create New User,Не створювати нового користувача
Do not allow user to change after set the first time,Не дозволяйте користувачеві змінювати після встановити в перший раз
Do not create new user if user with email does not exist in the system,"Не створювати нового користувача, якщо користувача з такою електронною адресою не існує в системі"
Do not edit headers which are preset in the template,"Не редагуйте заголовки, які вже задані в шаблоні"
Do not have permission to access {0} bucket.,Немає дозволу на доступ до сегмента {0}.
Do not send Emails,Не надсилайте електронні листи
Do not warn me again about {0},Більше не попереджати мене про {0}
Do you really want to send this email newsletter?,Ви дійсно хочете надіслати цей електронний бюлетень?
Do you still want to proceed?,Ви все одно хочете продовжити?
Do you want to cancel all linked documents?,Ви хочете скасувати всі пов'язані документи?
Doc Event,Подія документа
Doc Events,Події документа
Doc Status,Статус документа
DocField,DocField
DocPerm,DocPerm
DocShare,DocShare
DocType,DocType
DocType <b>{0}</b> provided for the field <b>{1}</b> must have atleast one Link field,"DocType <b>{0}</b>, вказаний для поля <b>{1}</b>, повинен мати принаймні одне поле типу Посилання"
DocType Action,Дія DocType
DocType Event,Подія DocType
DocType Layout,Макет DocType
DocType Layout Field,Поле макету DocType
DocType Link,Посилання DocType
DocType Missing,DocType відсутній
DocType State,Стан DocType
DocType View,Перегляд DocType
DocType can not be merged,DocType не може бути об'єднано
DocType can only be renamed by Administrator,DocType може бути перейменовано лише адміністратором
DocType is a Table / Form in the application.,DocType є таблицею/формою у застосунку.
DocType must be Submittable for the selected Doc Event,DocType повинен бути придатним до подання для вибраної події документа
DocType must have atleast one field,DocType повинен мати принаймні одне поле
DocType not supported by Log Settings.,DocType не підтримується налаштуваннями журналу.
DocType on which this Workflow is applicable.,"DocType, до якого застосовується цей робочий процес."
DocType required,DocType обов'язковий
DocType {0} does not exist.,DocType {0} не існує.
DocType {} not found,DocType {} не знайдено
DocType's name should not start or end with whitespace,Назва DocType не повинна починатися або закінчуватися пробілом
"DocType's name should start with a letter and it can only consist of letters, numbers, spaces and underscores","Ім&#39;я DOCTYPE має починатися з літери і може складатися тільки з букв, цифр, пробілів і знаків підкреслення"
"DocTypes cannot be modified, please use {0} instead","DocTypes не можна змінювати, будь ласка, використовуйте {0} натомість"
Doctype,Doctype
Doctype name is limited to {0} characters ({1}),Назва Doctype обмежена {0} символами ({1})
Doctype required,Doctype обов'язковий
Document,Документ
Document Actions,Дії з документом
Document Follow,Відстеження документа
Document Follow Notification,Сповіщення про відстеження документа
Document Link,Посилання на документ
Document Linking,Прив'язка документів
Document Links,Посилання на документи
Document Links Row #{0}: Could not find field {1} in {2} DocType,Рядок посилань на документи #{0}: не вдалося знайти поле {1} у DocType {2}
Document Links Row #{0}: Invalid doctype or fieldname.,Рядок посилань на документи #{0}: недійсний тип документа або назва поля.
Document Links Row #{0}: Parent DocType is mandatory for internal links,Рядок посилань на документи #{0}: батьківський DocType є обов'язковим для внутрішніх посилань
Document Links Row #{0}: Table Fieldname is mandatory for internal links,Рядок посилань на документи #{0}: назва поля таблиці є обов'язковою для внутрішніх посилань
Document Name,Назва документа
Document Name must not be empty,Назва документа не повинна бути порожньою
Document Naming Rule,Правило іменування документів
Document Naming Rule Condition,Умова правила іменування документів
Document Naming Settings,Налаштування іменування документів
Document Queued,Документ у черзі
Document Restoration Summary,Підсумок відновлення документа
Document Restored,Документ відновлено
Document Saved,Документ збережено
Document Share,Спільний доступ до документа
Document Share Key,Ключ спільного доступу до документа
Document Share Key Expiry (in Days),Термін дії ключа спільного доступу (у днях)
Document Share Report,Звіт про спільний доступ до документа
Document States,Стани документа
Document Status,Статус документа
Document Tag,Тег документа
Document Title,Назва документа
Document Type,Тип документа
Document Type Field Mapping,Картографія поля документа
Document Type Mapping,Картографування типу документа
Document Type and Function are required to create a number card,Для створення числової картки потрібні тип документа та функція
Document Type is not importable,Тип документа не підтримує імпорт
Document Type is not submittable,Тип документа не підтримує подання
Document Type to Track,Тип документа для відстеження
Document Type {0} has been repeated.,Тип документа {0} повторюється.
Document Types,Типи документів
Document Types (Select Permissions Only),Типи документів (лише дозволи на вибір)
Document Types and Permissions,Типи документів і дозволи
Document Unlocked,Документ розблоковано
Document can't saved.,Документ неможливо зберегти.
Document cannot be used as a filter value,Документ не може використовуватися як значення фільтра
Document follow is not enabled for this user.,Відстеження документів не увімкнено для цього користувача.
Document has been cancelled,Документ скасовано
Document has been submitted,Документ подано
Document is in draft state,Документ перебуває у стані чернетки
Document is only editable by users with role,Документ може редагувати лише користувач з роллю
Document not Relinked,Документ не перепов'язано
Document renamed from {0} to {1},Документ перейменовано з {0} на {1}
Document renaming from {0} to {1} has been queued,Перейменування документа з {0} на {1} додано до черги
Document type is required to create a dashboard chart,Для створення діаграми на панелі приладів потрібен тип документа
Document {0} Already Restored,Документ {0} вже відновлено
Document {0} has been set to state {1} by {2},Документ {0} переведено у стан {1} користувачем {2}
Documentation Link,Посилання на документацію
Documentation URL,URL документації
Documents,Документи
Documents assigned to you and by you.,"Документи, присвоєні вами і вас."
Documents restored successfully,Документи успішно відновлено
Documents that failed to restore,"Документи, які не вдалося відновити"
Documents that were already restored,"Документи, які вже були відновлені"
Domain,Домен
Domain Name,Ім'я домену
Domain Settings,Налаштування домену
Domains,Галузі
Domains HTML,HTML доменів
"Don't HTML Encode HTML tags like &lt;script&gt; or just characters like &lt; or &gt;, as they could be intentionally used in this field","Не кодувати HTML-теги, як-от &lt;script&gt;, або просто символи &lt; чи &gt;, оскільки вони можуть навмисно використовуватися в цьому полі"
Don't Import,Не імпортувати
Don't Override Status,Не перевизначати статус
Don't Send Emails,Не надсилати електронні листи
Don't create new records,Не створюйте нові записи
"Don't encode HTML tags like &lt;script&gt; or just characters like &lt; or &gt;, as they could be intentionally used in this field","Не кодувати HTML-теги, як-от &lt;script&gt;, або просто символи &lt; чи &gt;, оскільки вони можуть навмисно використовуватися в цьому полі"
Don't have an account?,Немає облікового запису?
Don't have an account? Sign up,Ще не зареєстровані? зареєструватися
"Don't know, ask 'help'","Не знаю, зверніться до ""Довідки"""
Done,Готово
Donut,Кільцева
Double click to edit label,"Двічі клацніть, щоб редагувати мітку"
Download,Завантажити
Download Backups,Завантажити резервні копії
Download Data,Завантажити дані
Download Files Backup,Завантажити резервну копію файлів
Download Link,Посилання для завантаження
Download PDF,Завантажити PDF
Download Report,Завантажити звіт
Download Template,Завантажити шаблон
Download Your Data,Завантажити свої дані
Download as CSV,Завантажити як CSV
Download link for your backup will be emailed on the following email address: {0},Посилання для скачування Вашої резервної копії буде відіслане на цей e-mail: {0}
Download template,Завантажити шаблон
Download vCard,Завантажити vCard
Download vCards,Завантажити vCard-файли
Download with Data,Завантажити з даними
Dr,Д-р
Draft,Чернетка
Drag,Перетягнути
Drag & Drop a section here from another tab,Перетягніть розділ сюди з іншої вкладки
Drag and Drop tool to build and customize Print Formats.,Drag and Drop інструмент для створення та налаштування форматів друку.
Drag and drop files here or upload from,Перетягніть файли сюди або завантажте з
"Drag and drop files, ","Перетягуйте файли,"
Drag columns to set order. Column width is set in percentage. The total width should not be more than 100. Columns marked in red will be removed.,"Перетягніть стовпці, щоб встановити порядок. Ширина стовпця задається у відсотках. Загальна ширина не повинна перевищувати 100. Стовпці, позначені червоним, будуть видалені."
Drag elements from the sidebar to add. Drag them back to trash.,"Перетягніть елементи з бічної панелі, щоб додати. Перетягніть їх назад, щоб видалити."
Drag to add state,"Перетягніть, щоб додати стан"
Drop,Крапля
Drop Here,Скиньте сюди
Drop files here,Перетягніть файли сюди
Dropbox Access Key,Dropbox ключ доступу
Dropbox Access Secret,Dropbox доступ до секретних
Dropbox Access Token,Dropbox Токен доступу
Dropbox Settings,налаштування Dropbox
Dropbox Setup,Налаштування Dropbox
Dropbox access is approved!,доступ Dropbox затверджений!
Dropbox backup settings,Налаштування резервного копіювання Dropbox
Dropdowns,Випадаючі списки
Due Date,Термін виконання
Due Date Based On,Термін виконання на основі
Duplicate,Дублювати
Duplicate Entry,Дублікат запису
Duplicate Filter Name,Дублікат назви фільтра
Duplicate Name,Дублікат назви
Duplicate current row,Дублювати поточний рядок
Duplicate field,Дублювати поле
Duplicate row,Дублювати рядок
Duplicate rows,Дублювати рядки
Duplicate {0} rows,Дублювати {0} рядків
Duration,Тривалість
Dynamic,Динамічний
Dynamic Filters,Динамічні фільтри
Dynamic Filters JSON,Динамічні фільтри JSON
Dynamic Filters Section,Розділ динамічних фільтрів
Dynamic Link,Динамічне посилання
Dynamic Report Filters,Динамічні фільтри звіту
Dynamic Route,Динамічний маршрут
Dynamic Template,Динамічний шаблон
EMail,E-mail
ERPNext Role,Роль ERPNext
ESC,ESC
EZPL Template,Шаблон EZPL
Edit,Редагувати
Edit Address in Form,Редагувати адресу у формі
Edit Auto Email Report Settings,Редагувати налаштування автоматичного звіту електронною поштою
Edit Chart,Редагувати діаграму
Edit Custom Block,Редагувати власний блок
Edit Custom HTML,Редагувати власний HTML
Edit DocType,Редагувати DocType
Edit Existing,Редагувати наявне
Edit Filter,Зміна фільтра
Edit Filters,Редагувати фільтри
Edit Footer,Редагувати нижній колонтитул
Edit Format,Редагувати формат
Edit Full Form,Редагувати повну форму
Edit HTML,Редагувати HTML
Edit Header,Редагувати верхній колонтитул
Edit Heading,Редагувати заголовок
Edit Letter Head,Редагувати шапку листа
Edit Letter Head Footer,Редагувати нижній колонтитул шапки листа
Edit Links,Редагувати посилання
Edit Number Card,Редагувати числову картку
Edit Onboarding,Редагувати адаптацію
Edit Print Format,Редагувати формат друку
Edit Profile,Редагувати профіль
Edit Properties,Редагувати властивості
Edit Quick List,Редагувати швидкий список
Edit Shortcut,Редагувати ярлик
Edit Sidebar,Редагувати бічну панель
Edit Values,Редагувати значення
Edit in Full Page,Редагувати на повній сторінці
Edit in full page,Редагувати в повній сторінці
Edit mode,Режим редагування
Edit the {0} Doctype,Редагувати DocType {0}
Edit to add content,"Редагуйте, щоб додати вміст"
Edit your response,Редагувати свою відповідь
Edit your workflow visually using the Workflow Builder.,Редагуйте свій робочий процес візуально за допомогою конструктора робочих процесів.
Edit {0},Редагувати {0}
Editable Grid,Редаговане сіткове представлення
Editing Row,Редагування рядка
Editing {0},Редагування {0}
Eg. smsgateway.com/api/send_sms.cgi,Напр. smsgateway.com/api/send_sms.cgi
Either key or IP flag is required.,Потрібен ключ або прапорець IP.
Element Selector,Вибір елемента
Email,Електронна пошта
Email / Notifications,Електронна пошта / повідомлення
Email Account,Обліковий запис електронної пошти
Email Account Disabled.,Обліковий запис електронної пошти вимкнено.
Email Account Name,Назва облікового запису електронної пошти
Email Account added multiple times,Обліковий запис електронної пошти додано кілька разів
Email Account not setup. Please create a new Email Account from Settings > Email Account,"Обліковий запис електронної пошти не налаштовано. Будь ласка, створіть новий обліковий запис у Налаштування > Обліковий запис електронної пошти"
Email Account not setup. Please create a new Email Account from Setup > Email > Email Account,Не налаштовано обліковий запис електронної пошти. Створіть новий обліковий запис електронної пошти у програмі Налаштування&gt; Електронна пошта&gt; Обліковий запис електронної пошти
Email Account setup please enter your password for: {0},"Налаштування облікового запису електронної пошти, введіть свій пароль для: {0}"
Email Account {0} Disabled,Обліковий запис електронної пошти {0} вимкнено
Email Address,Адреса електронної пошти
Email Address whose Google Contacts are to be synced.,"Адреса електронної пошти, контакти Google якої потрібно синхронізувати."
Email Addresses,Адреси електронної пошти
Email Domain,Домен електронної пошти
"Email Domain not configured for this account, Create one?","Домен електронної пошти не налаштований для цього облікового запису, створити один?"
Email Flag Queue,Черга позначок електронної пошти
Email Footer Address,Адреса в нижньому колонтитулі електронної пошти
Email Group,Група електронної пошти
Email Group List,Список груп Електронна пошта
Email Group Member,Учасник групи електронної пошти
Email Header,Заголовок електронної пошти
Email ID,Ідентифікатор електронної пошти
"Email ID must be unique, Email Account already exists for {0}","Ідентифікатор електронної пошти повинен бути унікальним, обліковий запис електронної пошти вже існує для {0}"
Email IDs,Ідентифікатори електронної пошти
Email Id,Ідентифікатор електронної пошти
Email Inbox,Поштова скринька
Email Login ID,Email Ввійти ID
Email Queue,Черга електронної пошти
Email Queue Recipient,Одержувач черги електронної пошти
Email Queue flushing aborted due to too many failures.,Очищення черги електронної пошти перервано через надто багато помилок.
Email Queue records.,Записи черги електронної пошти.
Email Reply Help,Допомога з відповіддю на електронну пошту
Email Retry Limit,Ліміт повторних спроб надсилання електронної пошти
Email Rule,Правило електронної пошти
Email Sent,Листа відправлено
Email Sent At,Електронний лист надіслано о
Email Server,Сервер електронної пошти
Email Settings,Налаштування електронної пошти
Email Signature,Підпис електронної пошти
Email Status,Статус електронної пошти
Email Sync Option,Параметр синхронізації електронної пошти
Email Template,Шаблон електронної пошти
Email Templates for common queries.,Шаблони електронних листів для спільних запитів.
Email Threads on Assigned Document,Теми електронної пошти у призначеному документі
Email To,Кому (електронна пошта)
Email Unsubscribe,Відписатися від електронної пошти
Email address,Адреса електронної пошти
Email has been marked as spam,Електронний лист позначено як спам
Email has been moved to trash,Електронний лист переміщено до смітника
Email is mandatory to create User Email,Електронна пошта обов'язкова для створення облікового запису користувача
Email not sent to {0} (unsubscribed / disabled),Електронний лист не надіслано {0} (відписаний / вимкнений)
Email not verified with {0},Електронну пошту не підтверджено через {0}
Email queue is currently suspended. Resume to automatically send other emails.,Черга електронної пошти наразі призупинена. Відновіть її для автоматичного надсилання інших листів.
Email queued to {0} recipients,Електронна пошта в черзі до одержувачів ({0})
Emails,Електронні листи
Emails Pulled,Електронні листи отримано
Emails are already being pulled from this account.,Електронні листи вже отримуються з цього облікового запису.
Emails are muted,Електронні листи вимкнено
Emails will be sent with next possible workflow actions,Електронні листи буде надіслано з наступними можливими діями робочого процесу
Embed code copied,Код вставки скопійовано
Embed image slideshows in website pages.,Код для вставки слайд-шоу зображень на веб-сторінках в.
Empty alias is not allowed,Порожній псевдонім не допускається
Empty column,Порожній стовпець
Empty string arguments are not allowed,Порожні рядкові аргументи не допускаються
Enable,Увімкнути
Enable / Disable Domains,Увімкнути / вимкнути домени
Enable Action Confirmation,Увімкнути підтвердження дії
Enable Address Autocompletion,Увімкнути автозаповнення адреси
Enable Allow Auto Repeat for the doctype {0} in Customize Form,Увімкнути дозвіл автоповтору для типу документа {0} у налаштуванні форми
Enable Auto Reply,Увімкнути автовідповідь
Enable Auto-deletion of Prepared Reports,Увімкніть автоматичне видалення підготовлених звітів
Enable Automatic Backup,Увімкнути автоматичне резервне копіювання
Enable Automatic Linking in Documents,Увімкнути автоматичне зв'язування в документах
Enable Chat,Увімкнути чат
Enable Comments,Увімкнути коментарі
Enable Dynamic Client Registration,Увімкнути динамічну реєстрацію клієнта
Enable Email Notifications,Увімкнути сповіщення електронною поштою
Enable Google API in Google Settings.,Увімкніть Google API у налаштуваннях Google.
Enable Google Indexing,Увімкнути індексування Google
Enable Google indexing,Увімкнути індексування Google
Enable In App Website Tracking,Увімкнути відстеження веб-сайту програми
Enable Incoming,Увімкнути вхідні
Enable Onboarding,Увімкнути onboarding
Enable Outgoing,Увімкнути вихідні
Enable Password Policy,Увімкнути політику паролів
Enable Prepared Report,Увімкнути підготовлений звіт
Enable Print Server,Увімкнути сервер друку
Enable Push Notification Relay,Увімкнути ретрансляцію push-сповіщень
Enable Rate Limit,Увімкнути обмеження швидкості
Enable Raw Printing,Увімкнути необроблений друк
Enable Report,Увімкнути звіт
Enable Scheduled Jobs,Увімкнути заплановані завдання
Enable Scheduler,Увімкнути планувальник
Enable Security,Увімкнути безпеку
Enable Social Login,Увімкнути вхід через соціальні мережі
Enable Social Sharing,Увімкнути соціальний доступ
Enable Tracking Page Views,Увімкнути відстеження переглядів сторінок
Enable Two Factor Auth,Увімкнути двофакторну автентифікацію
Enable developer mode to create a standard Print Template,Увімкніть режим розробника для створення стандартного шаблону друку
Enable developer mode to create a standard Web Template,Увімкніть режим розробника для створення стандартного веб-шаблону
Enable in-app website tracking,Увімкнути відстеження веб-сайту у додатку
Enabled,Увімкнено
Enabled Scheduler,Планувальник увімкнено
Enabled email inbox for user {0},Поштову скриньку увімкнено для користувача {0}
Enabled scheduled execution for script {0},Увімкнено заплановане виконання для сценарію {0}
Enables Calendar and Gantt views.,Вмикає перегляди Календар та Діаграма Ганта.
Enabling auto reply on an incoming email account will send automated replies to all the synchronized emails. Do you wish to continue?,Увімкнення автовідповіді на обліковому записі вхідної пошти надсилатиме автоматичні відповіді на всі синхронізовані листи. Бажаєте продовжити?
"Enabling this will register your site on a central relay server to send push notifications for all installed apps through Firebase Cloud Messaging. This server only stores user tokens and error logs, and no messages are saved.","Увімкнення цього параметра зареєструє ваш сайт на центральному ретрансляційному сервері для надсилання push-сповіщень для всіх встановлених додатків через Firebase Cloud Messaging. Цей сервер зберігає лише токени користувачів та журнали помилок, повідомлення не зберігаються."
Enabling this will submit documents in background,Увімкнення цього параметра надсилатиме документи у фоновому режимі
Encrypt Backups,Шифрувати резервні копії
Encryption key is in invalid format!,Ключ шифрування має неправильний формат!
Encryption key is invalid! Please check site_config.json,Ключ шифрування недійсний! Перевірте site_config.json
"Encryption key is invalid, Please check site_config.json","Ключ шифрування недійсний, будь ласка, перевірте site_config.json"
End,Кінець
End Date,Дата закінчення
End Date Field,Поле дати закінчення
End Date cannot be before Start Date!,Дата закінчення не може бути раніше дати початку!
End Date cannot be today.,Дата закінчення не може бути сьогоднішнім числом.
Ended At,Завершено о
Endpoint URL,URL-адреса кінцевої точки
Endpoints,Кінцеві точки
Ends on,Закінчується
Energy Point,Очко енергії
Energy Point Log,Журнал енергетичних точок
Energy Point Rule,Правило енергетичної точки
Energy Point Settings,Налаштування енергетичної точки
Energy Point Update on {0},Оновлення Energy Point від {0}
Energy Points,Енергетичні бали
Energy Points:,Енергетичні бали:
Enqueued By,Поставлено в чергу
Enqueued creation of indexes,Створення індексів поставлено в чергу
Ensure the user and group search paths are correct.,"Переконайтеся, що шляхи пошуку користувача та групи правильні."
Enter Client Id and Client Secret in Google Settings.,Введіть ідентифікатор клієнта та секрет клієнта в налаштуваннях Google.
Enter Code displayed in OTP App.,"Введіть код, відображений у програмі OTP."
Enter Email Recipient(s),Введіть E-mail одержувача (одержувачів)
"Enter Email Recipient(s) in the To, CC, or BCC fields","Введіть отримувача(-ів) електронної пошти в полях «Кому», «Копія» або «Прихована копія»"
Enter Form Type,Введіть тип форми
Enter Value,Введіть значення
Enter a name for this {0},Введіть назву для цього {0}
"Enter default value fields (keys) and values. If you add multiple values for a field, the first one will be picked. These defaults are also used to set ""match"" permission rules. To see list of fields, go to ""Customize Form"".","Введіть поля (ключі) та значення за замовчуванням. Якщо ви додасте кілька значень для поля, буде вибрано перше. Ці значення за замовчуванням також використовуються для встановлення правил дозволу ""збігу"". Щоб переглянути список полів, перейдіть до ""Налаштувати форму""."
Enter folder name,Введіть назву папки
"Enter keys to enable login via Facebook, Google, GitHub.","Введіть ключі щоб увімкнути вхід через Facebook, Google та GitHub."
"Enter list of Options, each on a new line.","Введіть список параметрів, кожний з нового рядка."
Enter python module or select connector type,Введіть модуль python або виберіть тип коннектора
"Enter static url parameters here (Eg. sender=ERPNext, username=ERPNext, password=1234 etc.)","Введіть тут статичні параметри URL (наприклад, sender=ERPNext, username=ERPNext, password=1234 тощо)"
Enter url parameter for message,Введіть параметр URL для повідомлення
Enter url parameter for receiver nos,Введіть параметр URL для номерів отримувачів
Enter your password,Введіть свій пароль
Entity Name,Назва суб'єкта
Entity Type,Тип суб'єкта
Equals,Дорівнює
Error,Помилка
Error Attaching File,Помилка вкладання файлу
Error Code: {0},Код помилки: {0}
Error Log,Журнал помилок
Error Log Notification,Повідомлення про журнал помилок
Error Logs,Журнали помилок
Error Message,Повідомлення про помилку
Error Report,Звіт про помилки
Error Snapshot,Знімок Помилка
"Error connecting to QZ Tray Application...<br><br> You need to have QZ Tray application installed and running, to use the Raw Print feature.<br><br><a target=""_blank"" href=""https://qz.io/download/"">Click here to Download and install QZ Tray</a>.<br> <a target=""_blank"" href=""https://erpnext.com/docs/user/manual/en/setting-up/print/raw-printing"">Click here to learn more about Raw Printing</a>.","Помилка підключення до програми QZ Tray...<br><br> Для використання функції друку RAW необхідно встановити та запустити програму QZ Tray.<br><br><a target=""_blank"" href=""https://qz.io/download/"">Натисніть тут, щоб завантажити та встановити QZ Tray</a>.<br> <a target=""_blank"" href=""https://erpnext.com/docs/user/manual/en/setting-up/print/raw-printing"">Натисніть тут, щоб дізнатися більше про друк RAW</a>."
Error connecting via IMAP/POP3: {e},Помилка підключення через IMAP/POP3: {e}
Error connecting via SMTP: {e},Помилка підключення через SMTP: {e}
Error has occurred in {0},Виникла помилка в {0}
Error in Client Script,Помилка в клієнтському скрипті
Error in Client Script.,Помилка в клієнтському скрипті.
Error in Custom Script,Помилка в призначеній для користувача Script
Error in Header/Footer Script,Помилка в скрипті верхнього/нижнього колонтитула
Error in Notification,Помилка в сповіщенні
Error in Notification: {},Помилка повідомлення: {}
Error in print format on line {0}: {1},Помилка у форматі друку на рядку {0}: {1}
Error in {0}.get_list: {1},Помилка в {0}.get_list: {1}
Error parsing nested filters: {0}. {1},Помилка розбору вкладених фільтрів: {0}. {1}
"Error validating ""Ignore User Permissions""","Помилка перевірки ""Ігнорувати дозволи користувача"""
Error while connecting to email account {0},Помилка під час підключення до облікового запису електронної пошти {0}
Error while evaluating Notification {0}. Please fix your template.,"Помилка під час обробки сповіщення {0}. Будь ласка, виправте свій шаблон."
Error {0}: {1},Помилка {0}: {1}
Error: Data missing in table {0},Помилка: відсутні дані в таблиці {0}
Error: Document has been modified after you have opened it,"Помилка: Документ був змінений після того, як відкрив її"
Error: Value missing for {0}: {1},Помилка: відсутнє значення для {0}: {1}
Error: {0} Row #{1}: Value missing for: {2},Помилка: {0} Рядок #{1}: відсутнє значення для: {2}
Errors,Помилки
Errors in Background Events,Помилки в фонових подій
Evaluate as Expression,Обчислити як вираз
Event,Подія
Event Category,Категорія події
Event Configurations,Конфігурації подій
Event Consumer,Подія споживача
Event Consumer Document Type,Тип документа споживача події
Event Consumer Document Types,Типи споживчих документів події
Event Frequency,Частота події
Event Notifications,Сповіщення про події
Event Participants,Учасники події
Event Producer,Продюсер подій
Event Producer Document Type,Тип документа виробника події
Event Producer Document Types,Типи документів виробника події
Event Producer Last Update,Останнє оновлення продюсера подій
Event Reminders,Нагадування про події
Event Streaming,Потокове трансляція
Event Subscriber,Абонент події
Event Subscriber has to be a System Manager.,Підписувач подій повинен бути системним менеджером.
Event Sync Log,Журнал синхронізації подій
Event Synced with Google Calendar.,Подію синхронізовано з Google Календарем.
Event Type,Тип події
Event Update Log,Журнал оновлення подій
Event and other calendars.,Подія та інші календарі.
Events,Події
Events in Today's Calendar,Події в сьогоднішньому календарі
Everyone,Всі
"Ex: ""colors"": [""#d1d8dd"", ""#ff5858""]","Наприклад: ""colors"": [""#d1d8dd"", ""#ff5858""]"
Exact Copies,Точні копії
Example,Приклад
Example Email Address,Приклад E-mail адреса
"Example: ""/desk""","Приклад: ""/desk"""
Example: #Tree/Account,Приклад: #Tree/Account
Example: 00001,Приклад: 00001
Example: Setting this to 24:00 will log out a user if they are not active for 24:00 hours.,"Приклад: встановлення цього значення на 24:00 завершить сеанс користувача, якщо він не був активний протягом 24:00 годин."
Example: {{ subject }},Приклад: {{ subject }}
Excel,Excel
Excellent,Відмінно
Exception,Виняток
Exception Type,Тип винятку
Execute,Виконати
Execute Console script,Виконати скрипт консолі
Executing Code,Виконання коду
Executing...,Виконання...
Execution Time: {0} sec,Час виконання: {0} сек
Executive,Виконавчий
Existing Role,Існуюча роль
Expand,Розгорнути
Expand All,Розгорнути все
"Expected 'and' or 'or' operator, found: {0}","Очікувався оператор 'and' або 'or', знайдено: {0}"
Experimental,Експериментальний
Expert,Експерт
Expiration time,Час закінчення
Expire Notification On,Термін дії сповіщення закінчується
Expired,Термін дії закінчився
Expires In,Закінчується через
Expires On,Закінчується
Expiry time of QR Code Image Page,Термін дії сторінки зображення QR-коду
Export,Експорт
Export 1 record,Експортувати 1 запис
Export All {0} rows?,Експортувати всі {0} рядки?
Export Custom Permissions,Експортувати налаштовані дозволи
Export Customizations,Експортувати налаштування
Export Data,Експортувати дані
Export Data in CSV / Excel format.,Експортувати дані у форматі CSV / Excel.
Export Errored Rows,Експортувати рядки з помилками
Export From,Експортувати з
Export Import Log,Журнал експорту/імпорту
Export Report: {0},Експортувати звіт: {0}
Export Type,Тип експорту
Export all matching rows?,Експортувати всі відповідні рядки?
Export all {0} rows?,Експортувати всі {0} рядки(-ів)?
Export as zip,Експортувати як zip
Export in Background,Експортувати у фоновому режимі
Export not allowed. You need {0} role to export.,Експорт не дозволено. Для експорту необхідна роль {0}.
Export only customizations assigned to the selected module.<br><span class='text-muted'><strong>Note:</strong> You must set the <em>Module (for export)</em> field on Custom Field and Property Setter records before applying this filter.</span><p class='alert alert-warning'> <strong>Warning:</strong> Customizations from other modules will be excluded.</p>,"Експортувати лише налаштування, призначені вибраному модулю.<br><span class='text-muted'><strong>Примітка:</strong> Необхідно встановити поле <em>Модуль (для експорту)</em> в записах Custom Field та Property Setter перед застосуванням цього фільтра.</span><p class='alert alert-warning'> <strong>Увага:</strong> Налаштування з інших модулів будуть виключені.</p>"
Export the data without any header notes and column descriptions,Експортувати дані без заголовків і описів стовпців
Export without main header,Експортувати без основного заголовка
Export {0} records,Експортувати {0} записи(-ів)
Exported permissions will be force-synced on every migrate overriding any other customization.,"Експортовані дозволи будуть примусово синхронізовані при кожній міграції, замінюючи будь-які інші налаштування."
Expose Recipients,Показати одержувачів
Expression,Вираз
Expression (old style),Вираз (старий стиль)
"Expression, Optional","Вираз, необов'язково"
Extends,Подовжує
Extends Another Page,Розширює ще одну сторінку
External,Зовнішній
External Link,Зовнішнє посилання
Extra Parameters,Додаткові параметри
Facebook,Facebook
Fail,Невдача
Failed,Невдало
Failed Emails,Листи з помилками
Failed Job Count,Кількість невдалих завдань
Failed Jobs,Невдалі завдання
Failed Login Attempts,Невдалі спроби входу
Failed Logins (Last 30 days),Невдалі входи (останні 30 днів)
Failed Transactions,Невдалі транзакції
Failed to aquire lock: {}. Lock may be held by another process.,Не вдалося отримати блокування: {}. Блокування може утримуватися іншим процесом.
Failed to change password.,Не вдалося змінити пароль.
Failed to complete setup,Не вдалося завершити налаштування
Failed to compute request body: {},Не вдалося обчислити тіло запиту: {}
Failed to connect to server,Не вдалося підключитися до сервера
Failed to connect to the Event Producer site. Retry after some time.,Не вдалося підключитися до сайту виробника подій. Повторіть спробу через деякий час.
Failed to create an Event Consumer or an Event Consumer for the current site is already registered.,Помилка створення споживача події або споживача події для поточного сайту вже зареєстрована.
"Failed to decode token, please provide a valid base64-encoded token.","Не вдалося декодувати токен. Будь ласка, надайте дійсний токен у кодуванні base64."
Failed to decrypt key {0},Не вдалося розшифрувати ключ {0}
Failed to delete {0} documents: {1},Не вдалося видалити {0} документи(-ів): {1}
Failed to enable scheduler: {0},Не вдалося увімкнути планувальник: {0}
Failed to evaluate conditions: {},Не вдалося оцінити умови: {}
Failed to export python type hints,Не вдалося експортувати підказки типів Python
Failed to generate names from the series,Не вдалося згенерувати назви з серії
Failed to generate preview of series,Не вдалося згенерувати попередній перегляд серії
Failed to get method for command {0} with {1},Не вдалося отримати метод для команди {0} з {1}
Failed to get method {0} with {1},Не вдалося отримати метод {0} з {1}
Failed to get site info,Не вдалося отримати інформацію про сайт
"Failed to import virtual doctype {}, is controller file present?",Не вдалося імпортувати віртуальний doctype {}. Чи присутній файл контролера?
Failed to optimize image: {0},Не вдалося оптимізувати зображення: {0}
Failed to render message: {},Не вдалося відобразити повідомлення: {}
Failed to render subject: {},Не вдалося відобразити тему: {}
Failed to request login to Frappe Cloud,Не вдалося запросити вхід у Frappe Cloud
Failed to send email with subject:,Не вдалося надіслати листа з темою:
Failed to send notification email,Не вдалося надіслати сповіщення електронною поштою
Failed to send {0} Auto Email Report,Не вдалося надіслати {0} автоматичний звіт електронною поштою
Failed to update global settings,Не вдалося оновити глобальні налаштування
Failed while amending subscription,Помилка під час зміни підписки
Failed while calling API {0},Помилка під час виклику API {0}
Failing Scheduled Jobs (last 7 days),Невдалі заплановані завдання (останні 7 днів)
Failure,Невдача
Failure Rate,Відсоток невдач
FavIcon,Значок сайту
Fax,Факс
Featured,Рекомендовані
Feedback,Відгук
Feedback Request,Зворотній зв&#39;язок Запит
Female,Жіноча
Fetch From,Отримати з
Fetch If Empty,"Витягнути, якщо порожньо"
Fetch Images,Завантажити зображення
Fetch attached images from document,Завантажити прикріплені зображення з документа
Fetch on Save if Empty,"Отримати при збереженні, якщо порожньо"
Fetching default Global Search documents.,Завантаження документів глобального пошуку за замовчуванням.
Fetching fields from {0}...,Отримання полів з {0}...
Fetching posts...,Отримання публікацій ...
Field,Поле
"Field ""route"" is mandatory for Web Views",Поле «route» є обов'язковим для веб-переглядів
"Field ""title"" is mandatory if ""Website Search Field"" is set.","Поле «title» є обов'язковим, якщо встановлено «Website Search Field»."
"Field ""value"" is mandatory. Please specify value to be updated","Поле «value» є обов'язковим. Будь ласка, вкажіть значення для оновлення"
Field <code>{0}</code> not found in {1},Поле <code>{0}</code> не знайдено в {1}
Field Description,Опис поля
Field Maps,Поле Карти
Field Missing,Поле відсутнє
Field Name,Назва поля
Field Orientation (Left-Right),Орієнтація поля (зліва направо)
Field Orientation (Top-Down),Орієнтація поля (зверху вниз)
Field Template,Шаблон поля
Field To Check,Поле для перевірки
Field Type,Тип поля
Field not permitted in query,Поле не дозволено в запиті
"Field that represents the Workflow State of the transaction (if field is not present, a new hidden Custom Field will be created)","Поле, що представляє стан робочого процесу транзакції (якщо поле відсутнє, буде створено нове приховане користувацьке поле)"
Field to Track,Поле для відстеження
Field type cannot be changed for {0},Тип поля не може бути змінено для {0}
Field {0} does not exist on {1},Поле {0} не існує в {1}
Field {0} is referring to non-existing doctype {1}.,Поле {0} посилається на неіснуючий тип документа {1}.
Field {0} must be a virtual field to support virtual doctype.,Поле {0} повинно бути віртуальним полем для підтримки віртуального типу документа.
Field {0} not found.,Поле {0} не знайдено.
Field {0} on document {1} is neither a Mobile number field nor a Customer or User link,"Поле {0} в документі {1} не є ні полем номера мобільного телефону, ні посиланням на клієнта чи користувача"
Fieldname,Ім'я поля
Fieldname '{0}' conflicting with a {1} of the name {2} in {3},Ім'я поля «{0}» конфліктує з {1} з іменем {2} у {3}
Fieldname called {0} must exist to enable autonaming,Ім'я поля {0} повинно існувати для увімкнення автоіменування
Fieldname is limited to 64 characters ({0}),Ім'я поля обмежено 64 символами ({0})
Fieldname not set for Custom Field,Ім'я поля не встановлено для користувацького поля
Fieldname which will be the DocType for this link field.,"Ім'я поля, яке буде типом документа для цього поля посилання."
Fieldname {0} appears multiple times,Ім'я поля {0} зустрічається кілька разів
Fieldname {0} cannot have special characters like {1},"Ім'я поля {0} не може містити спеціальні символи, як-от {1}"
Fieldname {0} conflicting with meta object,Ім'я поля {0} конфліктує з мета-об'єктом
Fieldname {0} is restricted,Ім'я поля {0} є зарезервованим
Fields,Поля
Fields Multicheck,Множинний вибір полів
Fields `file_name` or `file_url` must be set for File,Поля `file_name` або `file_url` повинні бути встановлені для файлу
Fields must be a list or tuple when as_list is enabled,"Поля повинні бути списком або кортежем, коли увімкнено as_list"
"Fields must be a string, list, tuple, pypika Field, or pypika Function","Поля повинні бути рядком, списком, кортежем, полем pypika або функцією pypika"
"Fields separated by comma (,) will be included in the ""Search By"" list of Search dialog box","Поля, розділені комою (,), будуть включені до списку «Пошук за» діалогового вікна пошуку"
Fieldtype,Тип поля
Fieldtype cannot be changed from {0} to {1},Тип поля не може бути змінено з {0} на {1}
Fieldtype cannot be changed from {0} to {1} in row {2},Тип поля не може бути змінено з {0} на {1} у рядку {2}
File,Файл
"File ""{0}"" was skipped because of invalid file type",Файл «{0}» було пропущено через недійсний тип файлу
File '{0}' not found,Файл «{0}» не знайдено
File Backup,Файл резервного копіювання
File Information,Інформація про файл
File Manager,Менеджер файлів
File Name,Ім'я файлу
File Size,Розмір файлу
File Storage,Сховище файлів
File Type,Тип файлу
File URL,URL файлу
File Upload,Завантаження файлу
File Upload Disconnected. Please try again.,Відвантаження файлу відключено. Будь ласка спробуйте ще раз.
File Upload in Progress. Please try again in a few moments.,"Файл завантажується в процесі роботи. Будь ласка, спробуйте ще раз через кілька хвилин."
File backup is ready,Резервна копія файлу готова
File name cannot have {0},Ім'я файлу не може містити {0}
File not attached,Файл не прикріплено
File size exceeded the maximum allowed size of {0} MB,Розмір файлу перевищив максимально допустимий розмір {0} МБ
File too big,Файл занадто великий
File type of {0} is not allowed,Тип файлу {0} не дозволено
File upload failed.,Завантаження файлу не вдалося.
File {0} does not exist,Файл {0} не існує
Files,Файли
Filter,Фільтр
Filter Area,Область фільтра
Filter By,Фільтрувати за
Filter Data,Дані фільтра
Filter List,Список фільтрів
Filter Meta,Мета фільтра
Filter Name,Назва фільтра
Filter Values,Значення фільтра
Filter condition missing after operator: {0},Умова фільтра відсутня після оператора: {0}
Filter fields have invalid backtick notation: {0},Поля фільтра містять недійсну нотацію зворотної лапки: {0}
Filter must be a tuple or list (in a list),Фільтр повинен бути кортеж або список (в списку)
"Filter must have 4 values (doctype, fieldname, operator, value): {0}","Фільтр повинен мати 4 значення (доктайпів, ім&#39;я_поля, оператор, значення): {0}"
Filter...,Фільтр...
Filtered By,Відфільтровано за
Filtered Records,Відфільтровані записи
"Filtered by ""{0}""",Відфільтровано за «{0}»
Filtered by: {0}.,Відфільтровано за: {0}.
Filters,Фільтри
Filters Configuration,Налаштування фільтрів
Filters Display,Відображення фільтрів
Filters Editor,Редактор фільтрів
Filters JSON,Фільтри JSON
Filters Section,Розділ фільтрів
Filters applied for {0},Фільтри застосовано для {0}
Filters saved,Фільтри збережено
"Filters will be accessible via <code>filters</code>. <br><br>Send output as <code>result = [result]</code>, or for old style <code>data = [columns], [result]</code>","Фільтри будуть доступні через <code>filters</code>. <br><br>Надішліть вивід як <code>result = [result]</code>, або для старого стилю <code>data = [columns], [result]</code>"
Filters {0},Фільтри {0}
Filters:,Фільтри:
Find '{0}' in ...,Знайти '{0}' в ...
Find {0} in {1},Знайти {0} в {1}
Finished,Завершено
Finished At,Завершено о
First,Спочатку
First Day of the Week,Перший день тижня
First Level,Перший рівень
First Name,Ім'я
First Success Message,Перше повідомлення про успіх
First Transaction,Перша транзакція
First data column must be blank.,Перший стовпець даних має бути порожнім.
First set the name and save the record.,Спочатку задайте ім'я та збережіть запис.
Fit,За розміром
Flag,Позначка
Float,Число з плаваючою точкою
Float Precision,Точність числа з плаваючою точкою
Fold,Згорнути
Fold can not be at the end of the form,Згортання не може бути в кінці форми
Fold must come before a Section Break,Згортання має передувати розриву розділу
Folder,Папка
Folder Name,Назва папки
Folder name should not include '/' (slash),Назва папки не повинна містити '/' (слеш)
Folder {0} is not empty,Папка {0} не порожня
Folio,Фоліо
Follow,Стежити
Followed by,Стежать
Following Report Filters have missing values:,У наступних фільтрах звіту відсутні значення:
Following document {0},Стежити за документом {0}
Following fields are missing:,Відсутні наступні поля:
Following fields have invalid values:,Наступні поля мають недійсні значення:
Following fields have missing values,У наступних полях відсутні значення
Following fields have missing values:,У наступних полях відсутні значення:
Font,Шрифт
Font Properties,Властивості шрифту
Font Size,Розмір шрифту
Fonts,Шрифти
Footer,Нижній колонтитул
"Footer ""Powered By""","Нижній колонтитул ""Powered By"""
Footer Based On,Нижній колонтитул на основі
Footer Content,Вміст нижнього колонтитула
Footer Details,Деталі нижнього колонтитула
Footer HTML,HTML нижнього колонтитула
Footer HTML set from attachment {0},HTML нижнього колонтитула встановлено з вкладення {0}
Footer Image,Зображення нижнього колонтитула
Footer Items,Елементи нижнього колонтитула
Footer Logo,Логотип нижнього колонтитула
Footer Script,Скрипт нижнього колонтитула
Footer Template,Шаблон нижнього колонтитула
Footer Template Values,Значення шаблону нижнього колонтитула
Footer might not be visible as {0} option is disabled</div>,"Нижній колонтитул може бути невидимим, оскільки опція {0} вимкнена</div>"
Footer will display correctly only in PDF,Нижній колонтитул відображатиметься коректно лише у PDF
For DocType,Для DocType
For DocType Link / DocType Action,Для посилання DocType / дії DocType
For Document,Для документа
For Document Event,Для документальної події
For Document Type,Для типу документа
For Example: {} Open,Наприклад: {} Відкрито
"For Links, enter the DocType as range.\nFor Select, enter list of Options, each on a new line.","Для посилання, введіть DOCTYPE як діапазону. Для Select, введіть список варіантів, кожен з нового рядка."
For User,Для користувача
For Value,Для значення
"For a dynamic subject, use Jinja tags like this: <code>{{ doc.name }} Delivered</code>",Для динамічної теми використовуйте теги Jinja ось так: <code>{{ doc.name }} Delivered</code>
"For comparison, use >5, <10 or =324. For ranges, use 5:10 (for values between 5 & 10).","Для порівняння використовуйте >5, <10 або =324. Для діапазонів використовуйте 5:10 (для значень між 5 і 10)."
"For currency {0}, the minimum transaction amount should be {1}",Для валюти {0} мінімальна сума транзакції повинна бути {1}
For example if you cancel and amend INV004 it will become a new document INV004-1. This helps you to keep track of each amendment.,"Наприклад, якщо ви скасуєте та відновите INV004, він стане новим документом INV004-1. Це допомагає стежити за кожною поправкою."
For example:,Наприклад:
"For example: If you want to include the document ID, use {0}","Наприклад: якщо ви хочете включити ідентифікатор документа, використовуйте {0}"
For example: {} Open,Наприклад: {} Відкрито
"For help see <a href=""https://frappeframework.com/docs/user/en/guides/portal-development/web-forms"" target=""_blank"">Client Script API and Examples</a>","Для отримання допомоги дивіться <a href=""https://frappeframework.com/docs/user/en/guides/portal-development/web-forms"" target=""_blank"">Client Script API and Examples</a>"
"For more information, <a class=""text-muted"" href=""https://erpnext.com/docs/user/manual/en/setting-up/email/linking-emails-to-document"">click here</a>.","Для отримання додаткової інформації <a class=""text-muted"" href=""https://erpnext.com/docs/user/manual/en/setting-up/email/linking-emails-to-document"">натисніть тут</a> ."
"For more information, {0}.","Для отримання додаткової інформації, {0}."
"For multiple addresses, enter the address on different line. e.g. test@test.com ⏎ test1@test.com",Для кількох адрес вводьте адресу на окремому рядку. Наприклад: test@test.com ⏎ test1@test.com
"For performance, only the first 100 rows were processed.",Для виконання було оброблено лише перші 100 рядків.
"For updating, you can update only selective columns.",Під час оновлення можна оновлювати лише вибіркові стовпці.
For {0} at level {1} in {2} in row {3},Для {0} на рівні {1} в {2} у рядку {3}
Force,Примусово
Force Re-route to Default View,Примусово перенаправити до перегляду за замовчуванням
Force Show,Force Show
Force Stop job,Примусово зупинити завдання
Force User to Reset Password,Примусити користувача скинути пароль
Force Web Capture Mode for Uploads,Примусовий режим веб-захоплення для завантажень
Forgot Password,Забули пароль
Forgot Password?,Забули пароль?
Form,Форма
Form Builder,Конструктор форм
Form Customization,Налаштування форми
Form Dict,Словник форми
Form Settings,Налаштування форми
Form Tour,Тур по формі
Form Tour Step,Крок туру форми
Form URL-Encoded,Форма URL-кодована
Format,Формат
Format Data,Форматувати дані
Fortnightly,Раз на два тижні
Forward,Переслати
Forward Query Parameters,Передати параметри запиту
Forward To Email Address,Переслати на адресу електронної пошти
Fraction,Дріб
Fraction Units,Одиниці дробу
Frames,Рамки
Frappe,Frappe
Frappe Blog,Блог Frappe
Frappe Forum,Форум Frappe
Frappe Framework,Фреймворк Frappe
Frappe Light,Frappe Light
Frappe Mail,Пошта Frappe
Frappe Mail OAuth Error,Помилка OAuth пошти Frappe
Frappe Mail Site,Поштовий сайт Frappe
Frappe Support,Підтримка Frappe
Frappe page builder using components,Конструктор сторінок Frappe на основі компонентів
Free,Безкоштовно
Frequency,Частота
Frequently Visited Links,Часто відвідувані посилання
Friday,П'ятниця
Friendly Title,Дружній Назва
From,Від
From Attach Field,З поля вкладення
From Date,З дати
From Date Field,З поля дати
From Document Type,З типу документа
From Field,З поля
From Full Name,Від повного імені
From User,Від користувача
From version,З версії
Full,Повний
Full Name,Повне ім'я
Full Page,Повна сторінка
Full Width,Повна ширина
Function,Функція
Function Based On,Функція на основі
Function {0} is not whitelisted.,Функція {0} не внесена до білого списку.
Function {0} requires arguments but none were provided,"Функція {0} вимагає аргументів, але жодного не надано"
Further nodes can be only created under 'Group' type nodes,Подальші вузли можуть бути створені тільки під вузлами типу &quot;група&quot;
Further sub-groups can only be created under records marked as 'Group',"Подальші підгрупи можна створювати лише під записами, позначеними як «Група»"
Fw: {0},Пересл.: {0}
GCalendar Sync ID,GCalendar Sync ID
GET,GET
GMail,GMail
GNU Affero General Public License,GNU Affero General Public License
GNU General Public License,GNU General Public License
GST State,GST Держава
GST State Number,Номер штату GST
Gantt,Діаграма Ганта
Gantt View,Перегляд діаграми Ганта
Gateway,Шлюз
Gateway Controller,Контролер шлюзу
Gateway Settings,Параметри шлюзу
Gender,Стать
Genderqueer,Гендерквір
General,Загальне
Generate Keys,Генерувати ключі
Generate New Report,Створити новий звіт
Generate Random Password,Генерувати випадковий пароль
Generate Separate Documents For Each Assignee,Генерувати окремі документи для кожного виконавця
Generate Tracking URL,Генерувати URL відстеження
Generated File,Згенерований файл
Geo,Гео
Geoapify,Geoapify
Geolocation,Геолокація
Geolocation Settings,Налаштування геолокації
Get Alerts for Today,Отримати сповіщення на сьогодні
Get Backup Encryption Key,Отримати ключ шифрування резервної копії
Get Contacts,Отримати контакти
Get Fields,Отримати поля
Get Header and Footer wkhtmltopdf variables,Отримати змінні верхнього та нижнього колонтитулів wkhtmltopdf
Get Items,Отримати елементи
Get OpenID Configuration,Отримати конфігурацію OpenID
Get PDF,Отримати PDF
Get a preview of generated names with a series.,Переглянути попередній перегляд згенерованих імен із серією.
Get notified when an email is received on any of the documents assigned to you.,"Отримувати сповіщення, коли надходить електронний лист щодо будь-якого з призначених вам документів."
Get your globally recognized avatar from Gravatar.com,Отримайте свій глобально впізнаваний аватар з Gravatar.com
Git Branch,Гілка Git
GitHub,GitHub
GitHub Sync ID,GitHub Sync ID
Github flavoured markdown syntax,Синтаксис markdown у стилі Github
Give Review Points,Дайте оглядові бали
Global Search DocType,Тип документа глобального пошуку
Global Search Document Types Reset.,Типи документів глобального пошуку скинуто.
Global Search Settings,Налаштування глобального пошуку
Global Shortcuts,Глобальні гарячі клавіші
Global Unsubscribe,Глобальне відписання
Go,Перейти
Go Back,Назад
Go to Notification Settings List,Перейти до списку налаштувань сповіщень
Go to Page,Перейти до сторінки
Go to Workflow,Перейти до робочого процесу
Go to Workspace,Перейти до робочого простору
Go to next record,Перейти до наступного запису
Go to previous record,Перейти до попереднього запису
Go to the document,Перейти до документа
Go to this URL after completing the form,Перейти за цією URL-адресою після заповнення форми
Go to this URL after completing the form (only for Guest users),Перейдіть на цю URL-адресу після заповнення форми (лише для користувачів Гість)
Go to {0},Перейти до {0}
Go to {0} List,Перейти до списку {0}
Go to {0} Page,Перейти до сторінки {0}
Goa,Гоа
Goal,Ціль
Good Work 🎉,Гарна робота 🎉
Google,Google
Google API Settings.,Налаштування API Google.
Google Analytics Anonymize IP,Google Analytics анонімізує IP
Google Analytics ID,Ідентифікатор Google Analytics
Google Analytics anonymise IP,Анонімізація IP у Google Analytics
Google Calendar,Google Календар
"Google Calendar - Could not create Calendar for {0}, error code {1}.","Google Календар - Не вдалося створити календар для {0}, код помилки {1}."
"Google Calendar - Could not delete Event {0} from Google Calendar, error code {1}.","Google Календар - Не вдалося видалити подію {0} з Google Календаря, код помилки {1}."
"Google Calendar - Could not fetch event from Google Calendar, error code {0}.","Google Календар - Не вдалося отримати подію з Google Календаря, код помилки {0}."
"Google Calendar - Could not find Calendar for {0}, error code {1}.","Google Календар - Не вдалося знайти календар для {0}, код помилки {1}."
"Google Calendar - Could not insert contact in Google Contacts {0}, error code {1}.","Google Календар - Не вдалося додати контакт у Google Контакти {0}, код помилки {1}."
"Google Calendar - Could not insert event in Google Calendar {0}, error code {1}.","Google Календар - Не вдалося додати подію в Google Календар {0}, код помилки {1}."
"Google Calendar - Could not update Event {0} in Google Calendar, error code {1}.","Google Календар - Не вдалося оновити подію {0} в Google Календарі, код помилки {1}."
Google Calendar Event ID,Ідентифікатор події Google Календаря
Google Calendar ID,Ідентифікатор Google Календаря
Google Calendar Integration.,Інтеграція Google Календар.
Google Calendar has been configured.,Google Календар налаштовано.
Google Contacts,Google Контакти
"Google Contacts - Could not sync contacts from Google Contacts {0}, error code {1}.","Google Контакти - Не вдалося синхронізувати контакти з Google Контактів {0}, код помилки {1}."
"Google Contacts - Could not update contact in Google Contacts {0}, error code {1}.","Google Контакти - Не вдалося оновити контакт у Google Контактах {0}, код помилки {1}."
Google Contacts Id,Ідентифікатор Google Контактів
Google Contacts Integration is disabled.,Інтеграція контактів Google вимкнена.
Google Contacts Integration.,Інтеграція контактів Google.
Google Contacts has been configured.,Контакти Google налаштовано.
Google Drive,Google Диск
Google Drive - Could not create folder in Google Drive - Error Code {0},Google Диск - Не вдалося створити папку на Диску Google - Код помилки {0}
Google Drive - Could not find folder in Google Drive - Error Code {0},Google Drive - Не вдалося знайти папку на Диску Google - Код помилки {0}
Google Drive - Could not locate - {0},Google Drive - Не вдалося знайти - {0}
Google Drive Backup Successful.,Резервне копіювання Google Диска вдало.
Google Drive Backup.,Резервне копіювання на Диску Google.
Google Drive Integration.,Інтеграція Диска Google.
Google Drive Picker,Вибір файлів Google Диску
Google Drive Picker Enabled,Вибір файлів Google Диску увімкнено
Google Drive has been configured.,Диск Google налаштовано.
Google Font,Шрифт Google
Google Indexing has been configured.,Індексування Google налаштовано.
Google Integration is disabled.,Інтеграція Google відключена.
Google Meet Link,Посилання на Google Meet
Google Services,Сервіси Google
Google Settings,Налаштування Google
Google Sheets URL is invalid or not publicly accessible.,URL-адреса Google Таблиць недійсна або недоступна публічно.
"Google Sheets URL must end with ""gid={number}"". Copy and paste the URL from the browser address bar and try again.","URL-адреса Google Таблиць повинна закінчуватися на ""gid={number}"". Скопіюйте та вставте URL-адресу з адресного рядка браузера і спробуйте ще раз."
Google Snippet Preview,Попередній перегляд фрагмента Google
Google Translation,Переклад Google
Grant Type,Тип надання доступу
Graph,Графік
Gray,Сірий
Great,Чудово
Great Job,Чудова робота
Greater Than,Більше ніж
Greater Than Or Equal To,Більше або рівне
Green,Зелений
Grid Empty State,Порожній стан таблиці
Grid Page Length,Довжина сторінки таблиці
Grid Shortcuts,Скорочення для таблиці
Group,Група
Group By,Групувати за
Group By Based On,Групувати за основою
Group By Type,Групувати за типом
Group By field is required to create a dashboard chart,"Поле ""Групувати за"" обов'язкове для створення діаграми на панелі керування"
Group By must be a string,"""Групувати за"" має бути рядком"
Group Name,Назва групи
Group Node,Вузол групи
Group Object Class,Клас об'єкта групи
Group name cannot be empty.,Ім&#39;я групи не може бути порожнім.
Group your custom doctypes under modules,Згрупуйте власні типи документів за модулями
Grouped by <span style='font-weight:600;'>{0}</b>,Згруповано за <span style='font-weight:600;'>{0}</b>
Groups of DocTypes,Групи DOCTYPES
Guest,Гість
Gujarat,Гуджарат
HEAD,HEAD
HERE,ТУТ
HH:mm,HH:mm
HH:mm:ss,HH:mm:ss
HOOK-.####,ГУК -. ####
HTML,HTML
HTML Editor,HTML-редактор
"HTML Header, Robots and Redirects","HTML заголовки, роботи та перенаправлення"
HTML Message,HTML-повідомлення
HTML Page,HTML-сторінка
HTML Template,Шаблон HTML
HTML for header section. Optional,HTML для розділу заголовка. Необов'язково
HTML with jinja support,HTML з підтримкою Jinja
Half,Половина
Half Day,Півдня
Half Yearly,Піврічний
Half-yearly,Піврічний
Handled Emails,Оброблені листи
Haryana,Хар&#39;яна
Has  Attachment,Має вкладення
Has Attachments,Має вкладення
Has Domain,Має домен
Has Mapping,Мапинг
Has Next Condition,Має наступну умову
Has Role,Має роль
Has Setup Wizard,Має майстер налаштування
Has Web View,Має веб-перегляд
Have an account? Login,Маєте обліковий запис? Увійти
Header,Заголовок
Header HTML,HTML заголовка
Header HTML set from attachment {0},HTML заголовка встановлено з вкладення {0}
Header Icon,Іконка заголовка
Header Image,Зображення заголовка
Header Script,Скрипт заголовка
Header and Breadcrumbs,Заголовок та навігаційний ланцюжок
"Header, Robots","Заголовок, Роботи"
Header/Footer scripts can be used to add dynamic behaviours.,Скрипти заголовка/підвалу можна використовувати для додавання динамічної поведінки.
Headers,Заголовки
Headers must be a dictionary,Заголовки мають бути словником
Heading,Заголовок
Heatmap,Теплова карта
Hello,Привіт
Hello {0},"Вітаємо, {0}"
Hello!,Вітаємо!
"Hello,","Привіт,"
Help,Довідка
Help Article,Стаття довідки
Help Articles,Статті довідки
Help Category,Категорія довідки
Help Dropdown,Випадаюче меню довідки
Help HTML,HTML довідки
Help on Search,Довідка з пошуку
"Help: To link to another record in the system, use ""#Form/Note/[Note Name]"" as the Link URL. (don't use ""http://"")","Допомога: Для посилання на інший запис в системі, використовуйте &quot;# Форма / Примітка / [Примітка Ім&#39;я]&quot; як URL Link. (не використовуйте &quot;HTTP: //&quot;)"
"Help: To link to another record in the system, use ""/desk/note/[Note Name]"" as the Link URL. (don't use ""http://"")","Довідка: щоб зв'язатися з іншим записом у системі, використовуйте ""/desk/note/[Назва нотатки]"" як URL посилання. (не використовуйте ""http://"")"
Helpful,Корисно
Helvetica,Helvetica
Helvetica Neue,Helvetica Neue
Here's your tracking URL,Ось ваше посилання для відстеження
Hi {0},"Привіт, {0}"
Hidden,Приховано
Hidden Fields,Приховані поля
Hidden columns include: <br> {0},Приховані стовпці включають: <br> {0}
Hide,Приховати
Hide Block,Приховати блок
Hide Border,Приховати межу
Hide Buttons,Приховати кнопки
Hide CTA,Сховати заклик до дії
Hide Copy,Приховати копію
Hide Custom DocTypes and Reports,Приховати користувацькі типи документів та звіти
Hide Days,Приховати дні
Hide Descendants,Приховати нащадків
Hide Empty Read-Only Fields,Приховати порожні поля лише для читання
Hide Error,Приховати помилку
Hide Footer Signup,Приховати Footer Реєстрація
Hide Label,Приховати мітку
Hide Login,Приховати вхід
Hide Preview,Приховати попередній перегляд
"Hide Previous, Next and Close button on highlight dialog.","Приховати кнопки «Попередній», «Наступний» та «Закрити» у діалозі виділення."
Hide Seconds,Приховати секунди
Hide Sidebar and Menu,Сховати бічну панель і меню
"Hide Sidebar, Menu, and Comments","Приховати бічну панель, меню та коментарі"
Hide Standard Menu,Приховати стандартне меню
Hide Traceback,Приховати Traceback
Hide Weekends,Приховати вихідні
Hide descendant records of <b>For Value</b>.,Приховати записи нащадків <b>Для значення</b>.
Hide details,Приховати деталі
Hide footer,Приховати підвал
Hide footer in auto email reports,Приховати підвал в автоматичних звітах електронної пошти
Hide footer signup,Приховати реєстрацію у підвалі
Hide navbar,Приховати панель навігації
High,Високий
Higher priority rule will be applied first,Правило з вищим пріоритетом застосовується першим
Highlight,Виділення
Himachal Pradesh,Хімачал-Прадеш
"Hint: Include symbols, numbers and capital letters in the password","Підказка: включіть символи, цифри та великі літери у пароль"
Home,Головна
Home Page,Головна сторінка
Home Settings,Налаштування головної
Home/Test Folder 1,Головна/Тестова папка 1
Home/Test Folder 1/Test Folder 3,Головна/Тестова папка 1/Тестова папка 3
Home/Test Folder 2,Головна/Тестова папка 2
Host,господар
Hostname,Ім&#39;я хоста
Hourly,Щогодини
Hourly Long,Щогодини (тривалий)
Hourly Maintenance,Щогодинне обслуговування
Hourly comment limit reached for: {0},Досягнуто погодинне обмеження коментарів для: {0}
Hourly rate limit for generating password reset links,Погодинний ліміт для генерації посилань скидання пароля
Hours,Години
"How should this currency be formatted? If not set, will use system defaults","Як слід форматувати цю валюту? Якщо не вказано, використовуватимуться системні налаштування за замовчуванням"
Hub Sync ID,Ідентифікатор концентратора синхронізації
Human-readable name intended for display to the end user.,"Зрозуміла людині назва, призначена для відображення кінцевому користувачу."
I found these: ,Я знайшов це:
"I guess you don't have access to any workspace yet, but you can create one just for yourself. Click on the <b>Create Workspace</b> button to create one.<br>","Здається, у вас ще немає доступу до жодного робочого простору, але ви можете створити його для себе. Натисніть кнопку <b>Створити робочий простір</b>, щоб створити його.<br>"
ID,ID
ID (name),ID (назва)
ID (name) of the entity whose property is to be set,"ID (назва) сутності, властивість якої потрібно встановити"
"IDs must contain only alphanumeric characters, not contain spaces, and should be unique.","Ідентифікатори повинні містити лише буквено-цифрові символи, не містити пробілів та бути унікальними."
IMAP Details,Деталі IMAP
IMAP Folder,Папка IMAP
IP Address,IP-адреса
Icon,Іконка
Icon Image,Зображення іконки
Icon Style,Стиль іконки
Icon Type,Тип іконки
Icon is not correctly configured please check the workspace sidebar to it,"Іконка налаштована неправильно, будь ласка, перевірте бічну панель робочого простору"
Icon will appear on the button,Іконка відображатиметься на кнопці
Identity Details,Дані посвідчення
Idx,Індекс
"If Apply Strict User Permission is checked and User Permission is defined for a DocType for a User, then all the documents where value of the link is blank, will not be shown to that User","Якщо встановлено прапорець «Застосовувати суворі дозволи користувача» і для користувача визначено дозволи для DocType, то всі документи, де значення посилання порожнє, не будуть показані цьому користувачу"
If Checked workflow status will not override status in list view,"Якщо встановлено прапорець, статус робочого процесу не перевизначатиме статус у перегляді списку"
"If Icon is set, it will be shown instead of Label","Якщо піктограма встановлена, вона відображатиметься замість Мітка"
If Owner,Якщо власник
"If a Role does not have access at Level 0, then higher levels are meaningless.","Якщо роль не має доступу на рівні 0, то вищі рівні не мають значення."
"If checked, a confirmation will be required before performing workflow actions.","Якщо встановлено прапорець, перед виконанням дій робочого процесу буде потрібне підтвердження."
"If checked, all other workflows become inactive.","Якщо встановлено прапорець, всі інші робочі процеси стають неактивними."
"If checked, negative numeric values of Currency, Quantity or Count would be shown as positive","Якщо встановлено прапорець, від'ємні числові значення валюти, кількості або підрахунку відображатимуться як додатні"
"If checked, this field will be not overwritten based on Fetch From if a value already exists.","Якщо встановлено прапорець, це поле не буде перезаписано на основі &quot;Витягнути з&quot;, якщо значення вже існує."
"If checked, users will not see the Confirm Access dialog.","Якщо встановлено прапорець, користувачі не бачитимуть діалог підтвердження доступу."
"If disabled, this role will be removed from all users.","Якщо вимкнено, цю роль буде видалено у всіх користувачів."
"If enabled,  user can login from any IP Address using Two Factor Auth, this can also be set for all users in System Settings","Якщо увімкнено, користувач може входити з будь-якої IP-адреси за допомогою двофакторної автентифікації; це також можна налаштувати для всіх користувачів у системних налаштуваннях"
"If enabled, all responses on the web form will be submitted anonymously","Якщо увімкнено, всі відповіді у веб-формі надсилатимуться анонімно"
"If enabled, all users can login from any IP Address using Two Factor Auth. This can also be set only for specific user(s) in User Page","Якщо увімкнено, всі користувачі можуть входити з будь-якої IP-адреси за допомогою двофакторної автентифікації. Це також можна налаштувати лише для конкретних користувачів на сторінці користувача"
"If enabled, changes to the document are tracked and shown in timeline","Якщо увімкнено, зміни в документі відстежуються та відображаються на часовій шкалі"
"If enabled, document views are tracked, this can happen multiple times","Якщо увімкнено, перегляди документів відстежуються, це може відбуватися кілька разів"
"If enabled, only System Managers can upload public files. Other users can't see the checkbox <i>Is Private</i> in the upload dialog.","Якщо увімкнено, лише системні менеджери можуть завантажувати публічні файли. Інші користувачі не бачать прапорець <i>Приватний</i> у діалозі завантаження."
"If enabled, the document is marked as seen, the first time a user opens it","Якщо увімкнено, документ позначається як переглянутий першого разу, коли користувач його відкриває"
"If enabled, the notification will show up in the notifications dropdown on the top right corner of the navigation bar.","Якщо увімкнено, сповіщення відображатиметься у випадаючому списку сповіщень у верхньому правому куті навігаційної панелі."
"If enabled, the password strength will be enforced based on the Minimum Password Score value. A value of 1 being very weak and 4 being very strong.","Якщо увімкнено, надійність пароля перевірятиметься на основі значення мінімальної оцінки пароля. Значення 1 означає дуже слабкий, 4 — дуже надійний."
"If enabled, the password strength will be enforced based on the Minimum Password Score value. A value of 2 being medium strong and 4 being very strong.","Якщо включено, то сила пароля буде забезпечуватися на основі мінімального значення пароля Score. Значення 2 є середньої сили і 4 будучи дуже сильним."
"If enabled, users who login from Restricted IP Address, won't be prompted for Two Factor Auth","Якщо увімкнено, користувачі, які входять із обмеженої IP-адреси, не отримуватимуть запит на двофакторну автентифікацію"
"If enabled, users will be notified every time they login. If not enabled, users will only be notified once.","Якщо увімкнено, користувачі отримуватимуть сповіщення при кожному вході. Якщо вимкнено, користувачі отримають сповіщення лише один раз."
"If left empty, the default workspace will be the last visited workspace","Якщо залишити порожнім, робочим простором за замовчуванням буде останній відвіданий"
If non standard port (e.g. 587),Якщо нестандартний порт (напр. 587)
"If non standard port (e.g. 587). If on Google Cloud, try port 2525.",Якщо нестандартний порт (напр. 587). У Google Cloud спробуйте порт 2525.
"If non-standard port (e.g. POP3: 995/110, IMAP: 993/143)","Якщо нестандартний порт (напр. POP3: 995/110, IMAP: 993/143)"
"If not set, the currency precision will depend on number format","Якщо не встановлено, точність валюти залежатиме від формату числа"
"If set, only user with these roles can access this chart. If not set, DocType or Report permissions will be used.","Якщо встановлено, лише користувачі з цими ролями можуть отримати доступ до цього графіка. Якщо не встановлено, використовуватимуться дозволи DocType або звіту."
If the condition is satisfied user will be rewarded with the points. eg. doc.status == 'Closed'\n,"Якщо умову буде виконано, користувач буде нагороджений балами. напр. doc.status == &#39;Закрито&#39;"
If the document has different field names on the Producer and Consumer's end check this and set up the Mapping,"Якщо документ має різні назви полів на кінці виробника та споживача, перевірте це та налаштуйте картографування"
"If the user enables the mask property for the phone number field, the value will be displayed in a masked format (e.g., 811XXXXXXX).","Якщо користувач увімкне властивість маски для поля номера телефону, значення відображатиметься у замаскованому форматі (напр., 811XXXXXXX)."
"If the user has access to Employee and Report is enabled, they can view Employee-based reports.","Якщо користувач має доступ до співробітника та звіти увімкнено, він може переглядати звіти на основі співробітників."
"If the user has any role checked, then the user becomes a ""System User"". ""System User"" has access to the desktop","Якщо у користувача є будь-яка встановлена роль, він стає «Системним користувачем». «Системний користувач» має доступ до робочого столу"
"If these instructions where not helpful, please add in your suggestions on GitHub Issues.","Якщо ці інструкції виявилися не корисними, будь ласка, додайте свої пропозиції у GitHub Issues."
If this is checked the documents will have the same name as they have on the Event Producer's site,"Якщо це встановлено, документи матимуть те саме ім’я, що і на сайті виробника подій"
"If this is checked, rows with valid data will be imported and invalid rows will be dumped into a new file for you to import later.","Якщо це буде позначено, буде імпортовано рядки з дійсними даними, а недійсні рядки будуть скинуті до нового файлу для імпорту пізніше."
"If this was a mistake or you need access again, please reach out to your team.","Якщо це була помилка або вам знову потрібен доступ, зверніться до своєї команди."
"If unchecked, the value will always be re-fetched on save.","Якщо прапорець не встановлено, значення завжди оновлюватиметься при збереженні."
If user is the owner,Якщо користувач є власником
"If you are updating, please select ""Overwrite"" else existing rows will not be deleted.","Якщо ви оновлюєте дані, виберіть «Перезаписати», інакше існуючі рядки не будуть видалені."
If you are updating/overwriting already created records.,Якщо ви оновлюєте / перезаписуєте вже створені записи.
"If you are uploading new records, ""Naming Series"" becomes mandatory, if present.","Якщо ви завантажуєте нові записи, «Серія найменувань» стає обов'язковою, якщо вона присутня."
"If you are uploading new records, leave the ""name"" (ID) column blank.","Якщо ви завантажуєте нові записи, залиште стовпець «name» (ID) порожнім."
If you don't want to create any new records while updating the older records.,Якщо ви не хочете створювати нові записи під час оновлення старих записів.
"If you have any questions, reach out to your system administrator.","Якщо у вас є запитання, зверніться до системного адміністратора."
"If you have recently restored the site, you may need to copy the site_config.json containing the original encryption key.","Якщо ви нещодавно відновили сайт, можливо, вам потрібно скопіювати файл site_config.json з оригінальним ключем шифрування."
"If you set this, this Item will come in a drop-down under the selected parent.","Якщо ви встановите це, цей елемент з'явиться у випадаючому списку під вибраним батьківським елементом."
"If you think this is unauthorized, please change the Administrator password.","Якщо ви вважаєте, що це несанкціоновано, будь ласка, змініть пароль адміністратора."
"If your CSV uses a different delimiter, add that character here, ensuring no spaces or additional characters are included.","Якщо ваш CSV-файл використовує інший роздільник, додайте цей символ тут, переконавшись, що пробіли або додаткові символи відсутні."
"If your data is in HTML, please copy paste the exact HTML code with the tags.","Якщо ваші дані у форматі HTML, будь ласка, скопіюйте та вставте точний HTML-код з тегами."
Ignore User Permissions,Ігнорувати дозволи користувача
Ignore XSS Filter,Ігнорувати XSS-фільтр
Ignore attachments over this size,Ігнорувати вкладення понад цей розмір
Ignore encoding errors,Ігнорувати помилки кодування
Ignored Apps,Проігноровані застосунки
Ignored: {0} to {1},Ігнорується: {0} до {1}
Illegal Access Token. Please try again,Нелегальна Токен доступу. Будь ласка спробуйте ще раз
Illegal Document Status for {0},Недозволений статус документа для {0}
Illegal SQL Query,Недозволений SQL-запит
Illegal template,Недозволений шаблон
Image,Зображення
Image Field,Поле зображення
Image Height,Висота зображення
Image Link,Посилання на зображення
Image View,Перегляд зображення
Image Width,Ширина зображення
Image field must be a valid fieldname,Поле зображення повинно бути дійсною назвою поля
Image field must be of type Attach Image,Поле зображення повинно бути типу «Прикріпити зображення»
Image link '{0}' is not valid,Посилання на зображення '{0}' недійсне
Image optimized,Зображення оптимізовано
Image: Corrupted Data Stream,Зображення: пошкоджений потік даних
Images,Зображення
Impersonate,Уособлення
Impersonate as {0},Уособитися як {0}
Impersonated by {0},Уособлений користувачем {0}
Impersonating {0},Уособлення {0}
Implement `clear_old_logs` method to enable auto error clearing.,Реалізуйте метод `clear_old_logs` для увімкнення автоматичного очищення помилок.
Implicit,Неявний
Import,Імпорт
Import Data,Імпортувати дані
Import Data from CSV / Excel files.,Імпортувати дані з файлів CSV / Excel.
Import Email From,Імпортувати електронну пошту з
Import File,Імпортувати файл
Import File Errors and Warnings,Помилки та попередження імпорту файлу
Import Log,Журнал імпорту
Import Log Preview,Попередній перегляд журналу імпорту
Import Preview,Попередній перегляд імпорту
Import Progress,Прогрес імпорту
Import Status,Статус імпорту
Import Subscribers,Імпорт підписників
Import Type,Тип імпорту
Import Warnings,Попередження імпорту
Import Zip,Імпорт ZIP
Import from Google Sheets,Імпорт з Google Sheets
"Import template should be of type .csv, .xlsx or .xls","Шаблон імпорту має бути типу .csv, .xlsx або .xls"
Import template should contain a Header and atleast one row.,Шаблон імпорту повинен містити заголовок і принаймні один рядок.
"Import timed out, please re-try.","Час імпорту вичерпано, будь ласка, спробуйте ще раз."
Important,Важливо
Importing {0} is not allowed.,Імпорт {0} не дозволено.
Importing {0} of {1},Імпортування {0} з {1}
"Importing {0} of {1}, {2}","Імпортування {0} з {1}, {2}"
In,В
In Days,У днях
In Filter,У фільтрі
In Global Search,У глобальному пошуку
In Grid View,У вигляді сітки
In Hours,У годиннику
In List Filter,У фільтрі списку
In List View,У вигляді списку
In Minutes,У хвилинах
In Preview,У попередньому перегляді
In Progress,В процесі
In Read Only Mode,У режимі лише для читання
In Reply To,У відповідь на
In Standard Filter,У стандартному фільтрі
In Valid Request,Невірний запит
In points. Default is 9.,У пунктах. За замовчуванням 9.
In seconds,У секундах
Inactive,Неактивний
Inbox,Вхідні
Inbox User,Користувач вхідних
Inbox View,Перегляд вхідних
Include Attachments,Включити вкладення
Include Disabled,Включити вимкнені
Include Name Field,Включити поле назви
Include Search in Top Bar,Включити пошук у верхній панелі
Include Theme from Apps,Включити тему з додатків
Include Web View Link in Email,Включити посилання веб-перегляду в електронний лист
Include filters,Включити фільтри
Include hidden columns,Включити приховані стовпці
Include indentation,Включити відступи
"Include symbols, numbers and capital letters in the password","Включіть символи, цифри та великі літери в пароль"
Incoming,Вхідні
Incoming (POP/IMAP) Settings,Налаштування вхідної пошти (POP/IMAP)
Incoming Change,Вхідні зміни
Incoming Emails (Last 7 days),Вхідні листи (останні 7 днів)
Incoming Server,Сервер вхідної пошти
Incoming Settings,Налаштування вхідної пошти
Incoming email account not correct,Обліковий запис вхідної електронної пошти невірний
Incomplete Virtual Doctype Implementation,Неповна реалізація віртуального типу документа
Incomplete login details,Неповні дані для входу
Incorrect Configuration,Неправильна конфігурація
Incorrect URL,Неправильний URL
Incorrect User or Password,Неправильний користувач або пароль
Incorrect Verification code,Неправильний код підтвердження
Incorrect email or password. Please check your login credentials.,"Неправильна електронна адреса чи пароль. Будь ласка, перевірте свої дані для входу."
Incorrect value in row {0}:,Неправильне значення в рядку {0}:
Incorrect value in row {0}: {1} must be {2} {3},Неправильне значення в рядку {0}: {1} повинен бути {2} {3}
Incorrect value:,Неправильне значення:
Incorrect value: {0} must be {1} {2},Неправильне значення: {0} повинен бути {1} {2}
Indent,Відступ
Index,Індекс
Index Web Pages for Search,Індексувати веб-сторінки для пошуку
Index created successfully on column {0} of doctype {1},Індекс успішно створено на стовпці {0} типу документа {1}
Indexing Authorization Code,Код санкціонування індексації
Indexing Refresh Token,Маркер оновлення індексації
Indexing authorization code,Індексування коду авторизації
Indexing refresh token,Індексування токена оновлення
Indicator,Індикатор
Indicator Color,Колір індикатора
Indicator color,Колір індикатора
Industry Type ID,Ідентифікатор типу галузі
Info,Інформація
Info:,Інформація:
Initial Sync Count,Кількість початкової синхронізації
InnoDB,InnoDB
Input existing role name if you would like to extend it with access of another role.,"Введіть існуючу назву ролі, якщо ви хочете розширити її доступом іншої ролі."
Insert,Вставити
Insert Above,Вставити вище
Insert After,Вставити після
Insert After cannot be set as {0},«Вставити після» не може бути встановлено як {0}
"Insert After field '{0}' mentioned in Custom Field '{1}', with label '{2}', does not exist","Поле «Вставити після» '{0}', вказане в користувацькому полі '{1}' з міткою '{2}', не існує"
Insert Below,Вставити нижче
Insert Column Before {0},Вставити стовпець перед {0}
Insert Image in Markdown,Вставити зображення в Markdown
Insert New Records,Вставити нові записи
Insert Style,Вставити стиль
Insert new records,Вставте нові записи
Instagram,Instagram
Install {0} from Marketplace,Встановити {0} з Маркетплейсу
Installed Application,Встановлений застосунок
Installed Applications,Встановлені застосунки
Installed Apps,Встановлені програми
Instructions,Інструкції
Instructions Emailed,Інструкції надіслано електронною поштою
Insufficient Permission Level for {0},Недостатній рівень дозволів для {0}
Insufficient Permission for {0},Недостатньо дозволів для {0}
Insufficient Permissions for deleting Report,Недостатньо дозволів для видалення звіту
Insufficient Permissions for editing Report,Недостатньо дозволів для редагування звіту
Insufficient attachment limit,Недостатній ліміт вкладень
Int,Ціле число
Integration Request,Запит на інтеграцію
Integration Request Service,Запит на обслуговування Інтеграція
Integration Type,Тип інтеграції
Integrations,Інтеграції
Integrations can use this field to set email delivery status,Інтеграції можуть використовувати це поле для встановлення статусу доставки електронної пошти
Inter,Між
Interests,Інтереси
Intermediate,Середній
Internal Server Error,Внутрішня помилка сервера
Internal record of document shares,Внутрішній запис спільного доступу до документів
Interval,Інтервал
Intro Video URL,URL вступного відео
Introduce your company to the website visitor.,Представте свою компанію відвідувачу сайту.
Introduction,Вступ
Introductory information for the Contact Us Page,Вступна інформація для сторінки «Зв'яжіться з нами»
Introspection URI,URI самоаналізу
Invalid,Недійсний
"Invalid ""depends_on"" expression","Недійсний вираз ""depends_on"""
"Invalid ""depends_on"" expression set in filter {0}","Недійсний вираз ""depends_on"" встановлено у фільтрі {0}"
"Invalid ""mandatory_depends_on"" expression","Недійсний вираз ""mandatory_depends_on"""
Invalid Access Key ID or Secret Access Key.,Недійсний ідентифікатор ключа доступу чи секретний ключ доступу.
Invalid Account SID or Auth Token.,Недійсний SID облікового запису або маркер авторизації.
Invalid Action,Недійсна дія
"Invalid Authorization Type {0}, must be one of {1}.","Недійсний тип авторизації {0}, має бути одним із {1}."
"Invalid Authorization headers, add a token with a prefix from one of the following: {0}.","Недійсні заголовки авторизації, додайте маркер із префіксом із одного з таких: {0}."
"Invalid Bearer token, please provide a valid access token with prefix 'Bearer'.","Недійсний маркер носія, надайте дійсний маркер доступу з префіксом &quot;Носій&quot;."
Invalid CSV Format,Недійсний формат CSV
Invalid Code. Please try again.,"Недійсний код. Будь ласка, спробуйте ще раз."
Invalid Condition: {},Недійсна умова: {}
Invalid Credentials,Недійсні облікові дані
Invalid Credentials for Email Account: {0},Недійсні облікові дані для облікового запису електронної пошти: {0}
Invalid Date,Недійсна дата
Invalid DocType,Недійсний тип документа
Invalid DocType: {0},Недійсний тип документа: {0}
Invalid Doctype,Недійсний тип документа
Invalid Fieldname,Недійсна назва поля
Invalid File URL,Недійсна URL-адреса файлу
Invalid Filter,Недійсний фільтр
Invalid Filter Format for field {0} of type {1}. Try using filter icon on the field to set it correctly,"Недійсний формат фільтра для поля {0} типу {1}. Спробуйте скористатися значком фільтра на полі, щоб налаштувати його правильно"
Invalid Filter Value,Недійсне значення фільтра
Invalid Home Page,Недійсна домашня сторінка
Invalid JSON,Недійсний JSON
Invalid JSON in card links for {0},Недійсний JSON у посиланнях на картку для {0}
Invalid Link,Недійсне посилання
Invalid Login Token,Недійсний токен входу
Invalid Login. Try again.,Недійсний вхід. Спробуйте ще раз.
Invalid Mail Server. Please rectify and try again.,"Недійсний поштовий сервер. Будь ласка, виправте та спробуйте ще раз."
Invalid Naming Series: {},Недійсна серія іменування: {}
Invalid Operation,Недійсна операція
Invalid Option,Недійсний параметр
Invalid Outgoing Mail Server or Port,Невірний Сервер вихідної пошти або порт
Invalid Outgoing Mail Server or Port: {0},Недійсний вихідний поштовий сервер або порт: {0}
Invalid Output Format,Недійсний формат виведення
Invalid Override,Недійсне перевизначення
Invalid Parameters.,Недійсні параметри.
Invalid Password,Недійсний пароль
Invalid Password:,Неправильний пароль:
Invalid Phone Number,Недійсний номер телефону
Invalid Request,Недійсний запит
Invalid Search Field {0},Недійсне поле пошуку {0}
Invalid Subscription,Недійсна підписка
Invalid Table Fieldname,Недійсна назва поля таблиці
Invalid Token,Неприпустимий маркер
Invalid Transition,Недійсний перехід
Invalid URL,Недійсна URL-адреса
Invalid User Name or Support Password. Please rectify and try again.,"Недійсне ім'я користувача або пароль підтримки. Будь ласка, виправте та спробуйте ще раз."
Invalid Values,Недійсні значення
Invalid Webhook Secret,Недійсний секрет вебхука
Invalid aggregate function,Недійсна агрегатна функція
Invalid alias format: {0}. Alias must be a simple identifier.,Недійсний формат псевдоніма: {0}. Псевдонім має бути простим ідентифікатором.
Invalid app,Недійсний застосунок
Invalid argument format: {0}. Only quoted string literals or simple field names are allowed.,Недійсний формат аргументу: {0}. Дозволяються лише рядкові літерали в лапках або прості назви полів.
"Invalid argument type: {0}. Only strings, numbers, dicts, and None are allowed.","Недійсний тип аргументу: {0}. Дозволяються лише рядки, числа, словники та None."
"Invalid characters in fieldname: {0}. Only letters, numbers, and underscores are allowed.","Недійсні символи в назві поля: {0}. Дозволяються лише літери, цифри та символи підкреслення."
Invalid characters in table name: {0},Недійсні символи в назві таблиці: {0}
Invalid column,Недійсний стовпець
Invalid condition type in nested filters: {0},Недійсний тип умови у вкладених фільтрах: {0}
Invalid direction in Order By: {0}. Must be 'ASC' or 'DESC'.,Недійсний напрямок у Order By: {0}. Має бути 'ASC' або 'DESC'.
Invalid docstatus,Недійсний статус документа
Invalid expression in Workflow Update Value: {0},Недійсний вираз у значенні оновлення робочого процесу: {0}
Invalid expression set in filter {0},Недійсний вираз встановлено у фільтрі {0}
Invalid expression set in filter {0} ({1}),Недійсний вираз у фільтрі {0} ({1})
"Invalid field format for SELECT: {0}. Field names must be simple, backticked, table-qualified, aliased, or '*'.","Недійсний формат поля для SELECT: {0}. Назви полів мають бути простими, у зворотних лапках, з уточненням таблиці, псевдонімом або '*'."
"Invalid field format in {0}: {1}. Use 'field', 'link_field.field', or 'child_table.field'.","Недійсний формат поля в {0}: {1}. Використовуйте 'field', 'link_field.field' або 'child_table.field'."
Invalid field name {0},Недійсна назва поля {0}
Invalid field name: {0},Недійсна назва поля: {0}
Invalid field type: {0},Недійсний тип поля: {0}
Invalid fieldname '{0}' in autoname,Недійсна назва поля '{0}' в автоназві
Invalid file URL. Please contact System Administrator.,Недійсна URL-адреса файлу. Зверніться до системного адміністратора.
Invalid file path: {0},Недійсний шлях до файлу: {0}
Invalid filter condition: {0}. Expected a list or tuple.,Недійсна умова фільтра: {0}. Очікується список або кортеж.
Invalid filter field format: {0}. Use 'fieldname' or 'link_fieldname.target_fieldname'.,Недійсний формат поля фільтра: {0}. Використовуйте 'fieldname' або 'link_fieldname.target_fieldname'.
Invalid filter: {0},Недійсний фільтр: {0}
"Invalid function argument type: {0}. Only strings, numbers, lists, and None are allowed.","Недійсний тип аргументу функції: {0}. Дозволені лише рядки, числа, списки та None."
Invalid include path,Недійсний шлях включення
Invalid input,Недійсні вхідні дані
Invalid json added in the custom options: {0},Недійсний JSON у користувацьких параметрах: {0}
Invalid key,Недійсний ключ
Invalid login or password,Невірне ім’я користувача або пароль
Invalid module path,Недійсний шлях модуля
Invalid name type (integer) for varchar name column,Недійсний тип назви (ціле число) для стовпця varchar
Invalid naming series (. missing),Невірний серії імен (. Відсутня)
Invalid naming series {}: dot (.) missing,Недійсна серія іменування {}: відсутня крапка (.)
Invalid naming series {}: dot (.) missing before the numeric placeholders. Kindly use a format like <b>ABCD.#####</b>.,"Недійсна серія іменування {}: відсутня крапка (.) перед числовими заповнювачами. Будь ласка, використовуйте формат на зразок <b>ABCD.#####</b>."
Invalid nested expression: dictionary must represent a function or operator,Недійсний вкладений вираз: словник має представляти функцію або оператор
Invalid or corrupted content for import,Недійсний або пошкоджений вміст для імпорту
Invalid payment gateway credentials,Невірні облікові дані для платіжного шлюзу
Invalid recipient address,Невірна адреса одержувача
Invalid redirect regex in row #{}: {},Недійсний регулярний вираз перенаправлення в рядку #{}: {}
Invalid request arguments,Недійсні аргументи запиту
Invalid request body,Недійсне тіло запиту
Invalid role,Недійсна роль
Invalid simple filter format: {0},Недійсний формат простого фільтра: {0}
Invalid start for filter condition: {0}. Expected a list or tuple.,Недійсний початок умови фільтра: {0}. Очікується список або кортеж.
Invalid template file for import,Недійсний файл шаблону для імпорту
Invalid token state! Check if the token has been created by the OAuth user.,"Недійсний стан токена! Перевірте, чи був токен створений користувачем OAuth."
"Invalid token, please provide a valid token with prefix 'Basic' or 'Token'.","Недійсний маркер, надайте дійсний маркер із префіксом &quot;Basic&quot; або &quot;Token&quot;."
Invalid username or password,Недійсне ім'я користувача або пароль
Invalid value specified for UUID: {},Вказано недійсне значення для UUID: {}
Invalid values for fields:,Недійсні значення для полів:
Invalid wkhtmltopdf version,Недійсна версія wkhtmltopdf
Invalid {0} condition,Недійсна умова {0}
Invalid {0} dictionary format,Недійсний формат словника {0}
Inverse,Обернений
Invitation already accepted,Запрошення вже прийнято
Invitation already exists,Запрошення вже існує
Invitation cannot be cancelled,Запрошення не може бути скасоване
Invitation is cancelled,Запрошення скасовано
Invitation is expired,Термін дії запрошення закінчився
Invitation not found,Запрошення не знайдено
Invitation to join {0} cancelled,Запрошення приєднатися до {0} скасовано
Invitation to join {0} expired,Термін дії запрошення приєднатися до {0} закінчився
Invite as User,Запросити як користувача
Invited By,Запрошений від
Is,Є
Is Active,Активний
Is Attachments Folder,Папка вкладень
Is Billing Contact,Це контактний особа для оплати
Is Calendar and Gantt,Календар і діаграма Ганта
Is Child Table,Дочірня таблиця
Is Complete,Завершено
Is Completed,Виконано
Is Current,Поточний
Is Custom,Користувацький
Is Custom Field,Користувацьке поле
Is Default,За замовчуванням
Is Dynamic URL?,Динамічна URL-адреса?
Is First Startup,Перший запуск
Is Folder,Папка
Is Global,Глобальний
Is Globally Pinned,Глобально закріплений
Is Group,Група
Is Hidden,Прихований
Is Home Folder,Домашня папка
Is Mandatory Field,Обов'язкове поле
Is Optional State,Необов'язковий стан
Is Pinned,Прикріплений
Is Primary,Основний
Is Primary Address,Основна адреса
Is Primary Contact,Основний контакт
Is Primary Mobile,Основний мобільний
Is Primary Phone,Основний телефон
Is Private,Приватний
Is Public,Публічний
Is Published Field,Опубліковане поле
Is Published Field must be a valid fieldname,Опубліковане поле має бути дійсною назвою поля
Is Query Report,Звіт за запитом
Is Remote Request?,Віддалений запит?
Is Setup Complete?,Налаштування завершено?
Is Single,Одиничний
Is Skipped,Пропущено
Is Spam,Спам
Is Standard,Стандартний
Is Submittable,Можна подати
Is System Generated,Згенеровано системою
Is Table,Є таблицею
Is Table Field,Є полем таблиці
Is Tree,Є деревом
Is Unique,Є унікальним
Is Virtual,Є віртуальним
Is Your Company Address,Є адресою Вашої компанії
Is standard,Є стандартним
It is risky to delete this file: {0}. Please contact your System Manager.,"Видалення цього файлу є ризикованим: {0}. Будь ласка, зверніться до системного адміністратора."
Item Label,Мітка елемента
Item Type,Тип елемента
Item cannot be added to its own descendants,Елемент не може бути доданий до своїх нащадків
Items,Елементи
JS,JS
JS Message,JS-повідомлення
JSON,JSON
JSON Request Body,Тіло JSON-запиту
Jammu and Kashmir,Джамму та Кашмір
Jane Doe,Іванна Іваненко
JavaScript,JavaScript
JavaScript Format: frappe.query_reports['REPORTNAME'] = {},Формат JavaScript: frappe.query_reports['REPORTNAME'] = {}
Javascript,Javascript
Javascript is disabled on your browser,Javascript вимкнено у вашому браузері
Javascript to append to the head section of the page.,Javascript прикласти до головної частини сторінки.
Jharkhand,Джаркханд
Jinja,Jinja
Job,Робота
Job ID,ID завдання
Job Id,Id завдання
Job Info,Інформація про завдання
Job Name,Назва завдання
Job Status,Статус завдання
Job Stopped Successfully,Завдання успішно зупинено
Job is in {0} state and can't be cancelled,Завдання перебуває у стані {0} і не може бути скасоване
Job is not running.,Завдання не виконується.
Job stopped successfully,Завдання успішно зупинено
John Doe,Джон Доу
Join video conference with {0},Приєднатися до відеоконференції з {0}
Jump to field,Перейти до поля
K,K
Kanban,Канбан
Kanban Board,Канбан-дошка
Kanban Board Column,Стовпець канбан-дошки
Kanban Board Name,Назва канбан-дошки
Kanban Settings,Налаштування канбану
Kanban View,Вигляд канбан
Karma,Карма
Karnataka,Карнатака
Keep Closed,Залишити закритим
Keep track of all update feeds,Відстежувати всі оновлення
Keeps track of all communications,Відстежує всі комунікації
Kerala,Керала
Key,Ключ
Keyboard Shortcuts,Гарячі клавіші
Keycloak,Keycloak
Kh,Kh
Knowledge Base,База знань
Knowledge Base Contributor,Учасник бази знань
Kopiyka,коп
Knowledge Base Editor,Редактор бази знань
L,L
LDAP Auth,LDAP-автентифікація
LDAP Custom Settings,Користувацькі налаштування LDAP
LDAP Email Field,Поле електронної пошти LDAP
LDAP First Name Field,Поле імені LDAP
LDAP Group,Група LDAP
LDAP Group Field,Поле групи LDAP
LDAP Group Mapping,Зіставлення груп LDAP
LDAP Group Mappings,Зіставлення груп LDAP
LDAP Group Member attribute,Атрибут членів групи LDAP
LDAP Last Name Field,Поле прізвища LDAP
LDAP Middle Name Field,Поле по батькові LDAP
LDAP Mobile Field,Поле мобільного телефону LDAP
LDAP Not Installed,LDAP не встановлено
LDAP Phone Field,Поле телефону LDAP
LDAP Search String,Рядок пошуку LDAP
"LDAP Search String must be enclosed in '()' and needs to contian the user placeholder {0}, eg sAMAccountName={0}","Рядок пошуку LDAP має бути укладений у '()' і містити замісник користувача {0}, наприклад sAMAccountName={0}"
"LDAP Search String needs to end with a placeholder, eg sAMAccountName={0}","Пошуковий рядок LDAP повинен закінчуватися заповнювачем, наприклад, sAMAccountName = {0}"
LDAP Search and Paths,Пошук та шляхи LDAP
LDAP Security,Безпека LDAP
LDAP Server Settings,Налаштування сервера LDAP
LDAP Server Url,URL сервера LDAP
LDAP Settings,Налаштування LDAP
LDAP User Creation and Mapping,Створення та зіставлення користувачів LDAP
LDAP Username Field,Поле імені користувача LDAP
LDAP is not enabled.,LDAP не увімкнено.
LDAP search path for Groups,Шлях пошуку LDAP для груп
LDAP search path for Users,Шлях пошуку LDAP для користувачів
LDAP settings incorrect. validation response was: {0},Налаштування LDAP некоректні. Відповідь перевірки: {0}
Label,Мітка
Label Help,Довідка по мітці
Label Printer,Принтер етикеток
Label Size,Розмір етикетки
Label Template,Шаблон етикетки
Label and Type,Мітка та тип
Label is mandatory,Мітка є обов'язковою
Lakshadweep Islands,Острови Лакшадвіп
Landing Page,Цільова сторінка
Landscape,Альбомна орієнтація
Language,Мова
Language Code,Код мови
Language Name,Назва мови
"Language, Date and Time settings","Налаштування мови, дати та часу"
Last,Остання
Last 10 active users,Останні 10 активних користувачів
Last 14 Days,Останні 14 днів
Last 30 Days,Останні 30 днів
Last 6 Months,Останні 6 місяців
Last 7 Days,Останні 7 днів
Last 90 Days,Останні 90 днів
Last Active,Остання активність
Last Backup On,Остання резервна копія увімкнена
Last Deployed On,Останнє розгортання в
Last Edited by You,Востаннє відредаговано вами
Last Edited by {0},Востаннє відредаговано {0}
Last Execution,Останнє виконання
Last Heartbeat,Останній пульс
Last IP,Остання IP-адреса
Last Known Versions,Останні відомі версії
Last Login,Останній вхід
Last Message,Останнє повідомлення
Last Modified By,Остання зміна
Last Modified Date,Дата останньої зміни
Last Modified On,Останній раз змінено
Last Month,Минулий місяць
Last Name,Прізвище
Last Password Reset Date,Дата останнього скидання пароля
Last Point Allocation Date,Дата останнього розподілу балів
Last Quarter,Минулий квартал
Last Received At,Останній раз отримано
Last Reset Password Key Generated On,Ключ скидання пароля згенеровано востаннє
Last Run,Останній запуск
Last Sync On,Остання синхронізація
Last Synced On,Востаннє синхронізовано
Last Update,Останнє оновлення
Last Updated,Останнє оновлення
Last Updated By,Востаннє оновлено користувачем
Last Updated On,Востаннє оновлено
Last User,Останній користувач
Last Week,Минулий тиждень
Last Year,Минулий рік
Last refreshed,Останній оновлений
Last synced {0},Востаннє синхронізовано {0}
Layout,Макет
Layout Reset,Скидання макету
"Layout will be reset to standard layout, are you sure you want to do this?","Макет буде скинуто до стандартного, ви впевнені, що хочете це зробити?"
Ldap settings,налаштування LDAP
Lead Conversion Time,Провідний час конвертації
Leaderboard,LEADERBOARD
Learn more,Дізнатися більше
Leave a Comment,Залишити коментар
Leave blank to repeat always,Залиште порожнім для постійного повторення
Leave this conversation,Покинути цю розмову
Ledger,Журнал
Left,Ліворуч
Left Bottom,Знизу ліворуч
Left Center,По центру ліворуч
Left this conversation,Покинув цю розмову
Legal,Юридичний
Length,Довжина
Length of passed data array is greater than value of maximum allowed label points!,Довжина переданого масиву даних перевищує максимально дозволену кількість міток!
Length of {0} should be between 1 and 1000,Довжина {0} має бути від 1 до 1000
Less,Менше
Less Than,Менше ніж
Less Than Or Equal To,Менше або дорівнює
Let us continue with the onboarding,Продовжимо налаштування
Let's Get Started,Розпочнімо
Let's avoid repeated words and characters,Уникаймо повторюваних слів і символів
Let's prepare the system for first use.,Давайте підготуємо систему для першого використання.
Let's set up your account,Налаштуймо ваш обліковий запис
Let's take you back to onboarding,Повернімося до налаштування
Letter,Лист
Letter Head,Бланк
Letter Head Based On,Бланк на основі
Letter Head Image,Зображення бланка
Letter Head Name,Назва бланка
Letter Head Scripts,Скрипти бланка
Letter Head cannot be both disabled and default,Бланк не може бути одночасно вимкненим і типовим
Letter Head in HTML,Бланк у форматі HTML
Level,Рівень
"Level 0 is for document level permissions, higher levels for field level permissions.","Рівень 0 — для дозволів на рівні документа, вищі рівні — для дозволів на рівні полів."
Level Name,Ім&#39;я рівня
Library,Бібліотека
License,Ліцензія
License Type,Тип ліцензії
Light,Світлий
Light Blue,Блакитний
Light Color,Світлий колір
Light Theme,Світла тема
Like,Схожий
Liked,Сподобалось
Liked By,Сподобалось
Liked by {0},В обране {0}
Likes,Вподобання
Limit,Ліміт
Limit Number of DB Backups,Обмеження кількості резервних копій БД
Limit must be a non-negative integer,Ліміт має бути невід'ємним цілим числом
Line,Рядок
Link,Посилання
Link Cards,Картки посилань
Link Count,Кількість посилань
Link Details,Деталі посилання
Link DocType,Тип документа посилання
Link Document Type,Тип документа посилання
Link Expired,Посилання застаріло
Link Field Results Limit,Ліміт результатів поля посилання
Link Fieldname,Назва поля посилання
Link Filters,Фільтри посилань
Link Name,Назва посилання
Link Title,Заголовок посилання
Link To,Посилання на
Link To in Row,Посилання на в рядку
Link Type,Тип посилання
Link Type in Row,Тип посилання в рядку
"Link for About Us Page is ""/about"".","Посилання для сторінки ""Про нас"" — ""/about""."
"Link that is the website home page. Standard Links (home, login, products, blog, about, contact)","Посилання, що є головною сторінкою сайту. Стандартні посилання (home, login, products, blog, about, contact)"
"Link that is the website home page. Standard Links (index, login, products, blog, about, contact)","Посилання, що це веб-сайт домашня сторінка. Стандартні посилання (індекс, Ввійти, продукти, блог, о, контакт)"
Link to the page you want to open. Leave blank if you want to make it a group parent.,"Посилання на сторінку, яку потрібно відкрити. Залиште порожнім, якщо хочете зробити це батьківською групою."
Linked,Пов'язано
Linked Documents,Пов&#39;язані документи
Linked With,Пов'язано з
Linked with {0},Зв&#39;язано з {0}
LinkedIn,LinkedIn
Links,Посилання
List,Список
List / Search Settings,Налаштування списку / пошуку
List Columns,Стовпці списку
List Filter,Фільтр списку
List Settings,Налаштування списку
List View,Перегляд списку
List View Setting,Налаштування перегляду списку
List View Settings,Налаштування перегляду списку
List a document type,Перелічити тип документа
"List as [{""label"": _(""Jobs""), ""route"":""jobs""}]","Список у форматі [{""label"": _(""Jobs""), ""route"":""jobs""}]"
List of backups available for download,"Список резервних копій, доступних для завантаження"
"List of email addresses, separated by comma or new line.","Список адрес електронної пошти, розділених комою або новим рядком."
List of patches executed,Список виконаних патчів
List of themes for Website.,Список тем для веб-сайту.
List setting message,Повідомлення налаштувань списку
Lists,Списки
Load Balancing,Балансування навантаження
Load More,Завантажити більше
Load More Communications,Завантажити більше повідомлень
Load more,Завантажити більше
Loaded,Завантажено
Loading,Завантаження
Loading Filters...,Завантаження фільтрів...
Loading import file...,Завантаження файлу імпорту...
Loading versions...,Завантаження версій...
Loading...,Завантаження...
Local DocType,Місцевий DocType
Local Document Type,Тип локального документа
Local Fieldname,Локальне поле ім&#39;я
Local Primary Key,Місцевий основний ключ
Locals,Місцеві жителі
Location,Місцезнаходження
Log,Журнал
Log API Requests,Журнал API-запитів
Log Cleanup,Очищення журналу
Log Data,Дані журналу
Log Details,Деталі журналу
Log DocType,Тип документа журналу
Log In To {0},Увійти до {0}
Log Index,Індекс журналу
Log Setting User,Користувач налаштувань журналу
Log Settings,Налаштування журналу
Log cleanup and notification configuration,Очищення журналу та конфігурація сповіщень
Log in to access this page.,"Увійдіть, щоб отримати доступ до цієї сторінки."
Log of Scheduler Errors,Журнал помилок Scheduler
Log of error during requests.,Ввійти помилки під час запитів.
Log of error on automated events (scheduler).,Ввійти помилки на автоматизованих подій (планувальник).
Log out,Вийти
Logged Out,Вийшли із системи
Logged in,Увійшли в
Logged in as Guest or Administrator,Ви увійшли як Гість або Administrator
Login,Вхід
Login Activity,Активність входу
Login After,Вхід після
Login Before,Вхід до
Login Failed please try again,"Помилка входу, спробуйте ще раз"
Login Id is required,Необхідний ідентифікатор входу
Login Methods,Методи входу
Login Page,Сторінка входу
Login Required,Для цього треба увійти в систему
Login To {0},Увійти до {0}
Login Verification Code from {},Код підтвердження входу від {}
Login and view in Browser,Увійти та переглянути в браузері
Login is required to see web form list view. Enable {0} to see list settings,"Для перегляду списку веб-форм потрібен вхід. Увімкніть {0}, щоб переглянути налаштування списку"
Login link sent to your email,Посилання для входу надіслано на вашу електронну пошту
Login not allowed at this time,Вхід наразі заборонений
Login required,Необхідний вхід
"Login session expired, refresh page to retry","Сесія входу закінчилася, оновіть сторінку для повторної спроби"
Login to comment,"Увійдіть, щоб залишити коментар"
Login to start a new discussion,"Увійдіть, щоб розпочати нове обговорення"
Login to view,Увійдіть для перегляду
Login to {0},Увійти до {0}
Login token required,Необхідний токен входу
Login with Email Link,Увійти за посиланням електронної пошти
Login with Frappe Cloud,Увійти через Frappe Cloud
Login with LDAP,Увійти через LDAP
Login with email link,Увійти за посиланням електронної пошти
Login with email link expiry (in minutes),Термін дії посилання для входу електронною поштою (у хвилинах)
Login with username and password is not allowed.,Вхід за іменем користувача та паролем не дозволено.
Login with {0},Увійти через {0}
Logo URI,URI логотипу
Logo URL,URL логотипу
Logo Width,Ширина логотипу
Logout,Вийти
Logout All Sessions,Вийти з усіх сесій
Logout All Sessions on Password Reset,Вийти з усіх сесій при скиданні пароля
Logout From All Devices After Changing Password,Вийти з усіх пристроїв після зміни пароля
Logs,Журнали
Logs To Clear,Журнали для очищення
Logs to Clear,Журнали для очищення
Long Text,Довгий текст
Looks Great,Виглядає здорово
Looks like something is wrong with this site's Paypal configuration.,"Схоже, щось не так з конфігурацією Paypal цього сайту."
Looks like something is wrong with this site's payment gateway configuration. No payment has been made.,"Схоже, щось не так з конфігурацією платіжного шлюзу цього сайту. Платіж не було досягнуто."
"Looks like something went wrong during the transaction. Since we haven't confirmed the payment, Paypal will automatically refund you this amount. If it doesn't, please send us an email and mention the Correlation ID: {0}.","Схоже, щось пішло не так під час операції. Так як ми не підтвердили оплату, Paypal автоматично поверне вам цю суму. Якщо цього не відбулося, будь ласка, надішліть нам по електронній пошті і згадати Кореляція ID: {0}."
Looks like you didn't change the value,"Схоже, ви не змінили значення"
Low,Низький
M,М
MIT License,Ліцензія MIT
Madam,Пані
Madhya Pradesh,Мадх&#39;я-Прадеш
Maharashtra,Махараштра
Main Section,Основний розділ
Main Section (HTML),Основний розділ (HTML)
Main Section (Markdown),Основний розділ (Markdown)
"Maintains a Log of all inserts, updates and deletions on Event Producer site for documents that have consumers.","Веде Журнал усіх вставок, оновлень та видалень на сайті виробника подій для документів, які мають споживачі."
Maintains a log of every event consumed along with the status of the sync and a Resync button in case sync fails.,"Веде журнал кожної події, споживаної разом зі статусом синхронізації та кнопкою Resync у випадку, якщо синхронізація не вдалася."
Maintenance Manager,Менеджер з обслуговування
Maintenance User,Користувач обслуговування
Major,Основний
"Make ""name"" searchable in Global Search","Зробити ""name"" доступним для пошуку в глобальному пошуку"
Make Attachment Public (by default),Зробити вкладення публічним (за замовчуванням)
Make Attachments Public by Default,Робити вкладення публічними за замовчуванням
Make all attachments private,Зробіть усі вкладення приватними
Make sure to configure a Social Login Key before disabling to prevent lockout,"Переконайтеся, що ключ соціального входу налаштовано перед вимкненням, щоб уникнути блокування"
Make use of longer keyboard patterns,Використовуйте довші комбінації клавіш
Make {0},Створити {0}
Makes the page public,Робить сторінку публічною
Male,Чоловічий
Manage 3rd party apps,Керування сторонніми додатками
Manage Billing,Керування оплатою
Manage Third Party Apps,Керування сторонніми додатками
Mandatory,Обов'язково
Mandatory Depends On,Обов'язковість залежить від
Mandatory Depends On (JS),Обов'язковість залежить від (JS)
Mandatory Information missing:,Відсутня обов'язкова інформація:
Mandatory field: set role for,Обов'язкове поле: встановіть роль для
Mandatory field: {0},Обов'язкове поле: {0}
"Mandatory fields required in table {0}, Row {1}","Обов'язкові поля у таблиці {0}, рядок {1}"
Mandatory fields required in {0},Обов'язкові поля у {0}
Mandatory fields required:,Необхідні обов'язкові поля:
Mandatory:,Обов'язково:
Manipur,Маніпур
Map,Карта
Map Columns,Зіставлення стовпців
Map View,Вигляд карти
Map columns from {0} to fields in {1},Зіставте стовпці з {0} до полів у {1}
Map route parameters into form variables. Example <code>/project/&lt;name&gt;</code>,Зіставте параметри маршруту зі змінними форми. Приклад <code>/project/&lt;name&gt;</code>
Mapping,Картографування
Mapping Name,Картографічне ім&#39;я
Mapping Type,Тип карти
Mapping column {0} to field {1},Зіставлення стовпця {0} з полем {1}
Mappings,Зображень
Margin Bottom,Відступ знизу
Margin Left,Відступ зліва
Margin Right,Відступ справа
Margin Top,Відступ зверху
MariaDB Variables,Змінні MariaDB
Mark all as Read,Позначити всіх як прочитані
Mark all as read,Позначити всі як прочитані
Mark as Read,Позначити як прочитане
Mark as Spam,Позначити як спам
Mark as Unread,Позначити як непрочитане
Markdown,Markdown
Markdown Editor,Редактор Markdown
Marked As Spam,Позначено як спам
Marketing Manager,Менеджер з маркетингу
Mask,Маска
Master,Головний
Max 500 records at a time,Максимум 500 записів за раз
Max Attachment Size (in MB),Максимальний розмір вкладення (в МБ)
Max Attachments,Максимальна кількість вкладень
Max File Size (MB),Максимальний розмір файлу (МБ)
Max Height,Максимальна висота
Max Length,Максимальна довжина
Max Report Rows,Максимальна кількість рядків звіту
Max Value,Максимальне значення
Max attachment size,Максимальний розмір вкладення
Max auto email report per user,Максимальна кількість автоматичних звітів електронною поштою на користувача
Max signups allowed per hour,Максимальна кількість реєстрацій на годину
Max width for type Currency is 100px in row {0},Максимальна ширина для типу Валюта становить 100px у рядку {0}
Maximum,Максимум
Maximum Attachment Limit for this record reached.,Досягнуто обмеження за кількістю долучень для цього запису
Maximum Attachment Limit of {0} has been reached for {1} {2}.,Досягнуто максимального ліміту вкладень {0} для {1} {2}.
Maximum Number of Fields,Максимальна кількість полів
Maximum Points,Максимальний бал
Maximum attachment limit of {0} has been reached.,Досягнуто максимального ліміту вкладень {0}.
Maximum points allowed after multiplying points with the multiplier value\n(Note: For no limit leave this field empty or set 0),"Максимум балів, допущених після множення балів зі значенням множника (Примітка. Для жодного обмеження не залишайте це поле порожнім або встановіть 0)"
Maximum {0} rows allowed,Дозволено максимум {0} рядків
Maybe,Можливо
Me,Я
Meaning of Different Permission Types,Значення різних типів дозволів
"Meaning of Submit, Cancel, Amend","Значення Провести, Скасувати, Відновити"
Medium,Середній
Meeting,Зустріч
Meets Condition?,Відповідає умові?
Meghalaya,Мегалая
Members,Учасники
Memory Usage,Використання пам'яті
Memory Usage in MB,Використання пам'яті в МБ
Mention,Згадка
Mention transaction completion page URL,Згадка угода завершення URL сторінки
Mentions,Згадки
Menu,Меню
Merchant ID,Ідентифікатор продавця
Merchant Key,Торговий ключ
Merge with existing,Об'єднати з існуючим
Merging is only possible between Group-to-Group or Leaf Node-to-Leaf Node,Об'єднання можливе лише між групами або між кінцевими вузлами
Message,Повідомлення
Message (HTML),Повідомлення (HTML)
Message (Markdown),Повідомлення (Markdown)
Message Count,Кількість повідомлень
Message Examples,Приклади повідомлень
Message ID,Ідентифікатор повідомлення
Message Parameter,Параметр повідомлення
Message Preview,Попередній перегляд повідомлення
Message Sent,Повідомлення надіслано
Message Type,Тип повідомлення
Message clipped,Повідомлення обрізано
Message from server: {0},Повідомлення від сервера: {0}
Message not setup,Повідомлення не налаштовано
Message to be displayed on successful completion,"Повідомлення, що відображається після успішного завершення"
Message to be displayed on successful completion (only for Guest users),"Повідомлення, яке буде показано при успішному завершенні (тільки для користувачів Гість)"
Message-id,Message-id
Messages,Повідомлення
Meta,Мета
Meta Description,Мета-опис
Meta Image,Мета-зображення
Meta Tags,Мета-теги
Meta Title,Мета-заголовок
Meta description,Мета-опис
Meta image,Мета-зображення
Meta title,Мета-заголовок
Meta title for SEO,Мета-заголовок для SEO
Metadata,Метадані
Method,Метод
Method Not Allowed,Метод не дозволено
Method is required to create a number card,Метод необхідний для створення числової картки
Mid Center,По центру посередині
Middle Name,По батькові
Middle Name (Optional),По батькові (необов'язково)
Migration ID Field,Поле Ідентифікатор міграції
Milestone,Етап
Milestone Tracker,Трекер етапів
Minimum,Мінімум
Minimum Password Score,Мінімальна оцінка пароля
Minor,Незначний
Minutes,Хвилини
Minutes After,Хвилини після
Minutes Before,Хвилини до
Minutes Offset,Зміщення хвилин
Misconfigured,Неправильно налаштовано
Miss,Пані
Missing DocType,Відсутній тип документа
Missing Field,Відсутнє поле
Missing Fields,Відсутні поля
Missing Filters Required,Необхідні відсутні фільтри
Missing Permission,Відсутній дозвіл
Missing Value,Відсутнє значення
Missing Values Required,Необхідні відсутні значення
Missing parameter Kanban Board Name,Відсутній параметр Kanban Board Name
Missing parameters for login,Відсутні параметри для входу
Mizoram,Мізорам
Mobile,Мобільний
Mobile No,Номер мобільного
Mobile Number,Номер мобільного телефону
Mobile number,Номер мобільного
Mock Printing,Тестовий друк
Modal Trigger,Тригер модального вікна
Models (building blocks) of the Application,Моделі (будівельні блоки) додатка
Modified By,Змінено
Module,Модуль
Module (for export),Модуль (для експорту)
Module Def,Визначення модуля
Module HTML,HTML модуля
Module Name,Назва модуля
Module Not Found,Модуль не знайдено
Module Onboarding,Онбординг модуля
Module Path,модуль Path
Module Profile,Профіль модуля
Module Profile Name,Назва профілю модуля
Module onboarding progress reset,Прогрес онбордингу модуля скинуто
Module to Export,Модуль для експорту
Module {} not found,Модуль {} не знайдено
Modules,Модулі
Modules HTML,HTML модулів
Monday,Понеділок
"Monitor logs for errors, background jobs, communications, and user activity","Моніторинг журналів на наявність помилок, фонових завдань, комунікацій та активності користувачів"
Monospace,Моноширинний
Month,Місяць
Monthly,Щомісяця
Monthly Long,Повний місяць
Monthly Rank:,Щомісячний ранг:
More,Більше
More Info,Детальніше
More Information,Додаткова інформація
More articles on {0},Більше статей про {0}
More content for the bottom of the page.,Додатковий вміст для нижньої частини сторінки.
Most Used,Найчастіше використовувані
Most probably your password is too long.,"Швидше за все, ваш пароль занадто довгий."
Move,Перемістити
Move To,Перемістити до
Move To Trash,Перемістити до кошика
Move current and all subsequent sections to a new tab,Перемістити поточний та всі наступні розділи на нову вкладку
Move cursor to above row,Перемістити курсор на рядок вище
Move cursor to below row,Перемістити курсор на рядок нижче
Move cursor to next column,Перемістити курсор до наступного стовпця
Move cursor to previous column,Перемістити курсор до попереднього стовпця
Move sections to new tab,Перемістити розділи на нову вкладку
Move the current field and the following fields to a new column,Перемістити поточне поле та наступні поля до нового стовпця
Move to Row Number,Перейти до номера рядка
Move to next step when clicked inside highlighted area.,Перейти до наступного кроку при натисканні в межах виділеної області.
Mozilla doesn't support :has() so you can pass parent selector here as workaround,"Mozilla не підтримує :has(), тому тут можна вказати батьківський селектор як обхідний шлях"
Mr,Пан
Mrs,Пані
Ms,Пані
Multiple root nodes not allowed.,Декілька кореневих вузлів не допускається.
Multiplier Field,Поле множника
Must be a publicly accessible Google Sheets URL,Має бути загальнодоступною URL-адресою Google Sheets
"Must be enclosed in '()' and include '{0}', which is a placeholder for the user/login name. i.e. (&(objectclass=user)(uid={0}))","Має бути укладено в '()' та містити '{0}', що є заповнювачем для імені користувача/логіна. Наприклад: (&(objectclass=user)(uid={0}))"
"Must be of type ""Attach Image""","Має бути типу ""Прикріпити зображення"""
Must have report permission to access this report.,Необхідно мати дозвіл на звіт для доступу до цього звіту.
Must specify a Query to run,Необхідно вказати запит для виконання
Mute Sounds,Вимкнути звуки
Mx,Мx
My Account,Мій обліковий запис
My Device,Мій пристрій
MyISAM,MyISAM
"NOTE: If you add states or transitions in the table, it will be reflected in the Workflow Builder but you will have to position them manually. Also Workflow Builder is currently in <b>BETA</b>.","ПРИМІТКА: Якщо ви додаєте стани або переходи в таблиці, вони відображатимуться в конструкторі робочих процесів, але їх потрібно буде розмістити вручну. Також конструктор робочих процесів наразі знаходиться в режимі <b>БЕТА</b>."
NOTE: This box is due for depreciation. Please re-setup LDAP to work with the newer settings,"ПРИМІТКА: Це поле підлягає застаріванню. Будь ласка, переналаштуйте LDAP для роботи з новішими параметрами"
Nagaland,Нагаленд
Name,Назва
Name (Doc Name),Назва (ім'я документа)
Name Case,"Назва, найменування, позначення справи"
"Name already taken, please set a new name","Назва вже зайнята, будь ласка, задайте нову назву"
Name cannot contain special characters like {0},"Назва не може містити спеціальні символи, такі як {0}"
Name not set via prompt,Ім&#39;я не встановлено за допомогою Підкажіть
Name of the Document Type (DocType) you want this field to be linked to. e.g. Customer,"Назва типу документа (DocType), до якого потрібно прив'язати це поле. Наприклад: Клієнт"
Name of the new Print Format,Назва нового формату друку
Name of {0} cannot be {1},Назва {0} не може бути {1}
Names and surnames by themselves are easy to guess.,Імена та прізвища самі по собі легко вгадати.
Naming,Іменування
"Naming Options:\n<ol><li><b>field:[fieldname]</b> - By Field</li><li><b>naming_series:</b> - By Naming Series (field called naming_series must be present</li><li><b>Prompt</b> - Prompt user for a name</li><li><b>[series]</b> - Series by prefix (separated by a dot); for example PRE.#####</li>\n<li><b>format:EXAMPLE-{MM}morewords{fieldname1}-{fieldname2}-{#####}</b> - Replace all braced words (fieldnames, date words (DD, MM, YY), series) with their value. Outside braces, any characters can be used.</li></ol>","Параметри імен: <ol><li> <b>поле: [поле поля]</b> - по полю </li><li> <b>naming_series:</b> - За <b>іменем</b> серії (поле, яке називається naming_series, має бути присутнім </li><li> <b>Підказка</b> - Постійний користувач для імені </li><li> <b>[серія]</b> - Серія за префіксом (розділена крапкою); наприклад PRE. ##### </li><li> <b>Формат: ПРИКЛАД - {MM} morewords {поле поля1} - {fieldname2} - {#####}</b> - Замінити всі прикріплені слова (імена поля, слова дати (DD, MM, YY), серії) з їх значенням. За межами дужок можна використовувати будь-які символи. </li></ol>"
Naming Rule,Правило іменування
Naming Series,Серія іменування
Naming Series mandatory,Серія іменування обов'язкова
Navbar,Панель навігації
Navbar Item,Елемент панелі навігації
Navbar Settings,Налаштування панелі навігації
Navbar Template,Шаблон панелі навігації
Navbar Template Values,Значення шаблону панелі навігації
Navigate Home,Навігація додому
Navigate list down,Перейти вниз по списку
Navigate list up,Перейти вгору по списку
Navigate to main content,Перейти до основного вмісту
Navigation Buttons,Кнопки навігації
Navigation Settings,Налаштування навігації
Need Help?,Потрібна допомога?
Need Workspace Manager role to edit private workspace of other users,Необхідна роль менеджера робочого простору для редагування приватного робочого простору інших користувачів
Negative Value,Від'ємне значення
Nested filters must be provided as a list or tuple.,Вкладені фільтри мають бути надані у вигляді списку або кортежу.
Nested set error. Please contact the Administrator.,"Помилка вкладеного набору. Будь ласка, зверніться до адміністратора."
Network Printer Settings,Налаштування мережевого принтера
Never,Ніколи
New,Новий
New Activity,Нова активність
New Address,Нова адреса
New Chart,Новий графік
New Chat,Новий чат
New Comment on {0}: {1},Новий коментар до {0}: {1}
New Connection,Нове підключення
New Contact,Новий контакт
New Custom Block,Новий користувацький блок
New Custom Print Format,Новий користувацький формат друку
New Document Form,Нова форма документа
New Document Shared {0},Новий спільний документ {0}
New Email,Новий лист
New Email Account,Новий обліковий запис електронної пошти
New Event,Нова подія
New Folder,Нова папка
New Kanban Board,Нова дошка Kanban
New Links,Нові посилання
New Mention on {0},Нова згадка у {0}
New Message from Website Contact Page,Нове повідомлення зі сторінки контактів сайту
New Name,Нова назва
New Newsletter,Новий бюлетень
New Notification,Нове сповіщення
New Number Card,Нова числова картка
New Onboarding,Нове введення в систему
New Password,Новий пароль
New Password Required.,Новий пароль Потрібно.
New Print Format Name,Нова назва формату друку
New Quick List,Новий швидкий список
New Report name,Нова назва звіту
New Role,Нова роль
New Shortcut,Новий ярлик
New Users (Last 30 days),Нові користувачі (останні 30 днів)
New Value,Нове значення
New Workflow Name,Нова назва робочого процесу
New Workspace,Новий робочий простір
New data will be inserted.,Нові дані буде вставлено.
New line separated list of scope values.,"Список значень областей, розділених новим рядком."
"New lines separated list of strings representing ways to contact people responsible for this client, typically email addresses.","Список рядків, розділених новими рядками, що представляють способи зв'язку з особами, відповідальними за цього клієнта, як правило, адреси електронної пошти."
New module created {0},Створено новий модуль {0}
New password cannot be same as old password,Новий пароль не може збігатися зі старим паролем
New updates are available,Доступні нові оновлення
New users will have to be manually registered by system managers.,Нові користувачі мають бути зареєстровані системними адміністраторами вручну.
New value to be set,Нове значення для встановлення
New {0},Новий {0}
New {0} Created,Новий {0} створено
New {0} {1} added to Dashboard {2},Новий {0} {1} додано до інформаційної панелі {2}
New {0} {1} created,Новий {0} {1} створено
New {0}: {1},Новий {0}: {1}
New {} releases for the following apps are available,Доступні нові {} випуски для таких застосунків
Newly created user {0} has no roles enabled.,Щойно створений користувач {0} не має увімкнених ролей.
Newsletter,Інформаційний бюлетень
Newsletter Email Group,Інформаційний бюлетень E-mail Група
Newsletter Manager,Менеджер розсилок
Newsletter has already been sent,Розсилка вже відправлено
Newsletter should have at least one recipient,Інформаційний бюлетень повинен мати принаймні одного одержувача
Newsletter should have atleast one recipient,Бюлетень повинен мати принаймні одного одержувача
Newsletters,Розсилка
"Newsletters to contacts, leads.","Розсилка контактам, Lead-ам."
Next,Далі
Next 14 Days,Наступні 14 днів
Next 30 Days,Наступні 30 днів
Next 6 Months,Наступні 6 місяців
Next 7 Days,Наступні 7 днів
Next Action Email Template,Шаблон електронного листа для наступної дії
Next Actions,Наступні дії
Next Actions HTML,HTML наступних дій
Next Document,Наступний документ
Next Execution,Наступне виконання
Next Form Tour,Наступний тур по формі
Next Month,Наступний місяць
Next Quarter,Наступний квартал
Next Schedule Date,Наступна дата за розкладом
Next Scheduled Date,Наступна запланована дата
Next State,Наступний стан
Next Step Condition,Умова наступного кроку
Next Sync Token,Наступний токен синхронізації
Next Week,Наступний тиждень
Next Year,Наступний рік
Next actions,Наступні дії
Next on Click,Далі при натисканні
No,Ні
No Active Sessions,Немає активних сеансів
No Copy,Без копіювання
No Data,Немає даних
No Data...,Немає даних...
No Email Account,Немає облікового запису електронної пошти
No Email Accounts Assigned,Не призначено облікових записів електронної пошти
No Email field found in {0},Поле електронної пошти не знайдено у {0}
No Emails,Немає листів
No Entry for the User {0} found within LDAP!,Запис для користувача {0} не знайдено в LDAP!
No Events Today,Сьогодні немає подій
No Filters Set,Фільтри не встановлено
No Google Calendar Event to sync.,Немає подій Google Календаря для синхронізації.
No Images,Немає зображень
No LDAP User found for email: {0},Користувача LDAP для електронної пошти {0} не знайдено
No Label,Без мітки
No Letterhead,Без бланка
No More Activity,Більше активності немає
No Name Specified for {0},Не вказано назву для {0}
No New notifications,Немає нових сповіщень
No Permissions Specified,Дозволи не вказано
No Permissions set for this criteria.,Для цього критерію не встановлено дозволів.
No Permitted Charts,Немає дозволених діаграм
No Permitted Charts on this Dashboard,На цій інформаційній панелі немає дозволених діаграм
No Preview,Попередній перегляд недоступний
No Preview Available,Попередній перегляд недоступний
No Printer is Available.,Жоден принтер недоступний.
No RQ Workers connected. Try restarting the bench.,Жодного RQ-воркера не підключено. Спробуйте перезапустити сервер.
No Records Created,Записів не створено
No Results,Немає результатів
No Results found,Результатів не знайдено
No Roles Specified,Ролі не вказано
No Select Field Found,Поле вибору не знайдено
No Suggestions,Немає підказок
No Tags,Немає тегів
No Upcoming Events,Немає майбутніх подій
No activity,Немає активності
No address added yet.,Адресу ще не додано.
No alerts for today,Сьогодні немає сповіщень
No automatic optimization suggestions available.,Немає доступних пропозицій щодо автоматичної оптимізації.
No changes in document,Немає змін у документі
No changes made,Змін не внесено
No changes made because old and new name are the same.,"Змін не внесено, оскільки стара та нова назви однакові."
No changes to sync,Немає змін для синхронізації
No changes to update,Немає змін для оновлення
No comments yet,Коментарів немає
No comments yet.,Коментарів ще немає.
No comments yet. Start a new discussion.,Немає коментарів. Почати нову тему повідомлення.
No conditions provided,Не передбачено жодних умов
No contacts added yet.,Контакти ще не додано.
No contacts linked to document,"Немає контактів, пов'язаних з документом"
No currency fields in {0},Немає полів валюти в {0}
No data found in the file. Please reattach the new file with data.,У файлі не знайдено жодних даних. Повторно встановіть новий файл із даними.
No data to export,Немає даних для експорту
No default Address Template found. Please create a new one from Setup > Printing and Branding > Address Template.,"Шаблон адреси за замовчуванням не знайдено. Будь ласка, створіть новий у розділі Налаштування > Друк та брендинг > Шаблон адреси."
No document found for given filters,Чи не знайдено документів для заданих фільтрів
No documents found tagged with {0},Не знайдено документів з тегом {0}
No email account associated with the User. Please add an account under User > Email Inbox.,"З користувачем не пов'язано жодного облікового запису електронної пошти. Будь ласка, додайте обліковий запис у розділі Користувач > Поштова скринька."
No email addresses to invite,Немає адрес електронної пошти для запрошення
No failed logs,Немає журналів помилок
"No fields found that can be used as a Kanban Column. Use the Customize Form to add a Custom Field of type ""Select"".","Не знайдено полів, які можна використати як стовпець Канбан. Використовуйте налаштування форми, щоб додати користувацьке поле типу ""Вибір""."
No file attached,Файл не прикріплено
No filters found,Фільтри не знайдено
No filters selected,Фільтри не вибрано
No further records,Більше записів немає
No items found.,Не знайдено жодного елемента.
No matching records. Search something new,Відповідних записів не знайдено. Спробуйте інший пошуковий запит
No more items to display,Більше немає елементів для відображення
No more posts,Більше немає публікацій
"No need for symbols, digits, or uppercase letters.","Немає потреби у символах, цифрах або великих літерах."
No new Google Contacts synced.,Нові контакти Google не синхронізовано.
No of Columns,Кількість стовпців
No of Requested SMS,Кількість запитаних SMS
No of Rows (Max 500),Кількість рядків (макс. 500)
No of Sent SMS,Кількість надісланих SMS
No of emails remaining to be synced,"Ні листів, що залишилися бути синхронізований"
No pending or current jobs for this site,На цьому веб-сайті немає очікуваних чи поточних завдань
No permission for {0},Немає дозволу для {0}
No permission to '{0}' {1},Немає дозволу на '{0}' {1}
No permission to read {0},Немає дозволу на читання {0}
No permission to {0} {1} {2},Немає дозволу на {0} {1} {2}
No posts yet,Повідомлень ще немає
No records deleted,Жодного запису не видалено
No records present in {0},У {0} немає записів
No records tagged.,Жодного запису не позначено тегом.
No records will be exported,Жодного запису не буде експортовано
No results found for {0} in Global Search,У глобальному пошуку не знайдено результатів для {0}
No rows,Немає рядків
No rows selected,Рядки не вибрано
No subject,Без теми
No template found at path: {0},Шаблон за шляхом {0} не знайдено
No user found,Користувача не знайдено
No user has the role <strong>{0}</strong>,Жоден користувач не має ролі <strong>{0}</strong>
No values to show,Немає значень для відображення
No {0},Немає {0}
No {0} found,{0} не знайдено
No {0} found with matching filters. Clear filters to see all {0}.,"{0} з відповідними фільтрами не знайдено. Очистіть фільтри, щоб переглянути всі {0}."
No {0} mail,Немає пошти {0}
No {0} permission,Немає {0} дозвіл
No.,Ні.
Nomatim,Nomatim
Non Negative,Невід'ємне
Non-Conforming,Невідповідний
None,Немає
None: End of Workflow,Немає: кінець робочого процесу
Normalized Copies,Нормалізовані копії
Normalized Query,Нормалізований запит
Not Allowed,Не дозволено
Not Allowed: Disabled User,Не дозволено: вимкнений користувач
Not Ancestors Of,Не є предками
Not Descendants Of,Не є нащадками
Not Equals,Не дорівнює
Not Found,Не знайдено
Not Helpful,Не корисно
Not In,Не входить до
Not Like,Не схоже на
Not Linked to any record,Не пов'язано з жодним записом
Not Nullable,Не може бути порожнім
Not Permitted,Не дозволено
Not Permitted to read {0},Немає дозволу на читання {0}
Not Published,Не опубліковано
Not Saved,Не збережено
Not Seen,Не переглянуто
Not Sent,Не надіслано
Not Set,Не встановлено
Not a valid Comma Separated Value (CSV File),Недійсний файл з роздільниками-комами (CSV-файл)
Not a valid DocType view:,Недійсне подання DocType:
Not a valid User Image.,Недійсне зображення користувача.
Not a valid Workflow Action,Недійсна дія робочого процесу
Not a valid user,Недійсний користувач
Not a zip file,Чи не поштовий файл
Not active,Неактивний
Not allowed for {0}: {1},Не дозволено для {0}: {1}
Not allowed to Import,Чи не дозволяється імпортувати
"Not allowed to attach {0} document, please enable Allow Print For {0} in Print Settings","Не можна прикріпити документ {0}, увімкніть «Дозволити друк для {0}» у налаштуваннях друку"
Not allowed to change {0} after submission,"Не допускається, щоб змінити {0} після представлення"
Not allowed to create custom Virtual DocType.,Не дозволено створювати власний віртуальний тип документа.
Not allowed to print cancelled documents,Не дозволено друкувати скасовані документи
Not allowed to print draft documents,Не дозволено друкувати чернетки документів
Not allowed via controller permission check,Не дозволено згідно з перевіркою прав контролера
Not enough permission to see links,"Бракує дозволів, щоб побачити посилання"
Not found,Не знайдено
Not in Developer Mode,Не в режимі розробника
Not in Developer Mode! Set in site_config.json or make 'Custom' DocType.,Не в режимі розробника! Встановіть у site_config.json або створіть тип документа «Custom».
Not permitted,Не дозволено
Not permitted to view {0},Немає дозволу на перегляд {0}
Not permitted. {0}.,Не дозволено. {0}.
Note,Примітка
Note Seen By,Примітку переглянув
Note:,Примітка:
Note: By default emails for failed backups are sent.,Примітка. За замовчуванням надсилаються електронні листи для невдалих резервних копій.
Note: Changing the Page Name will break previous URL to this page.,Примітка: зміна назви сторінки призведе до недійсності попереднього URL цієї сторінки.
Note: Etc timezones have their signs reversed.,Примітка: у часових поясах Etc знаки інвертовані.
"Note: For best results,  images must be of the same size and width must be greater than height.","Примітка: для найкращих результатів зображення повинні мати однаковий розмір, а ширина має бути більшою за висоту."
Note: Multiple sessions will be allowed in case of mobile device,Примітка: для мобільних пристроїв дозволяється кілька сеансів
Note: This will be shared with user.,Примітка: це буде надіслано користувачу.
Note: Your request for account deletion will be fulfilled within {0} hours.,Примітка: ваш запит на видалення облікового запису буде виконано протягом {0} годин.
Notes:,Примітки:
Nothing New,Нічого нового
Nothing left to redo,Нічого більше повторювати
Nothing left to undo,Нічого більше скасовувати
Nothing to show,Нічого відображати
Nothing to update,Нічого оновлювати
Notification,Сповіщення
Notification Log,Журнал сповіщень
Notification Recipient,Отримувач сповіщень
Notification Settings,Налаштування сповіщень
Notification Subscribed Document,Документ підписки на сповіщення
Notification Tones,Тональні сповіщення
Notification sent to,Сповіщення надіслано
Notification: customer {0} has no Mobile number set,Сповіщення: для клієнта {0} не вказано номер мобільного телефону
Notification: document {0} has no {1} number set (field: {2}),Сповіщення: у документі {0} не вказано номер {1} (поле: {2})
Notification: user {0} has no Mobile number set,Сповіщення: для користувача {0} не вказано номер мобільного телефону
Notifications,Сповіщення
Notifications Disabled,Сповіщення вимкнено
Notifications and bulk mails will be sent from this outgoing server.,Сповіщення та масові листи надсилатимуться з цього вихідного сервера.
Notify Users On Every Login,Сповіщати користувачів при кожному вході
Notify by Email,Сповіщати електронною поштою
Notify by email,Сповіщати електронною поштою
Notify if unreplied,"Сповіщати, якщо немає відповіді"
Notify if unreplied for (in mins),Сповіщати при відсутності відповіді протягом (хвилин)
Notify users with a popup when they log in,Сповіщати користувачів спливаючим вікном під час входу
Now,Зараз
Number,Число
Number Card,Числова картка
Number Card Link,Посилання числової картки
Number Card Name,Назва числової картки
Number Cards,Числові картки
Number Format,Формат числа
Number of Backups,Кількість резервних копій
Number of DB Backups,Кількість резервних копій DB
Number of DB backups cannot be less than 1,Кількість резервних копій БД не може бути менше 1
Number of Groups,Кількість груп
Number of Queries,Кількість запитів
"Number of attachment fields are more than {}, limit updated to {}.","Кількість полів вкладень перевищує {}, ліміт оновлено до {}."
Number of backups must be greater than zero.,Кількість резервних копій повинна бути більше нуля.
Number of columns for a field in a Grid (Total Columns in a grid should be less than 11),Кількість стовпців для поля в сітці (загальна кількість стовпців у сітці має бути менше 11)
Number of columns for a field in a List View or a Grid (Total Columns should be less than 11),Кількість стовпців для поля у режимі списку або сітки (загальна кількість стовпців має бути менше 11)
Number of days after which the document Web View link shared on email will be expired,"Кількість днів, після яких посилання на веб-перегляд документа, надіслане електронною поштою, стане недійсним"
Number of keys,Кількість ключів
Number of onsite backups,Кількість локальних резервних копій
OAuth,OAuth
OAuth Authorization Code,Код авторизації OAuth
OAuth Bearer Token,Токен носія OAuth
OAuth Client,Клієнт OAuth
OAuth Client ID,Ідентифікатор клієнта OAuth
OAuth Client Role,Роль клієнта OAuth
OAuth Error,Помилка OAuth
OAuth Provider Settings,Налаштування провайдера OAuth
OAuth Scope,Область OAuth
OAuth Settings,Налаштування OAuth
"OAuth has been enabled but not authorised. Please use ""Authorise API Access"" button to do the same.","OAuth увімкнено, але не авторизовано. Будь ласка, скористайтеся кнопкою «Авторизувати доступ до API»."
OPTIONS,ПАРАМЕТРИ
OR,АБО
OTP App,Застосунок OTP
OTP Issuer Name,Назва видавця OTP
OTP SMS Template,Шаблон SMS для OTP
OTP SMS Template must contain <code>{0}</code> placeholder to insert the OTP.,Шаблон SMS для OTP повинен містити заповнювач <code>{0}</code> для вставки OTP.
OTP Secret Reset - {0},Скидання секрету OTP - {0}
OTP Secret has been reset. Re-registration will be required on next login.,Секрет OTP скинуто. При наступному вході потрібна повторна реєстрація.
OTP placeholder should be defined as <code>{{ otp }}</code> ,Заповнювач OTP має бути визначений як <code>{{ otp }}</code> 
OTP secret can only be reset by the Administrator.,OTP-секрет може бути скинутий тільки адміністратором.
OTP setup using OTP App was not completed. Please contact Administrator.,Налаштування OTP за допомогою застосунку OTP не завершено. Зверніться до адміністратора.
Occurrences,Випадки
Odisha,Одіша
Off,Вимкнено
Office,Офіс
Office 365,Office 365
Official Documentation,Офіційна документація
Offline,Offline
Offset X,Зміщення X
Offset X (dots),Зміщення X (точки)
Offset Y,Зміщення Y
Offset Y (dots),Зміщення Y (точки)
Offset must be a non-negative integer,Зміщення повинно бути невід'ємним цілим числом
Old Password,Старий пароль
Old Password Required.,Старий Потрібно пароль.
Old and new fieldnames are same.,Старі та нові назви полів однакові.
Older backups will be automatically deleted,Старіші резервні копії будуть автоматично видалені
Oldest Unscheduled Job,Найстаріше непланове завдання
On Hold,На утриманні
On Payment Authorization,При авторизації платежу
On Payment Charge Processed,При обробці платіжного збору
On Payment Failed,При помилці платежу
On Payment Mandate Acquisition Processed,При обробці отримання мандату платежу
On Payment Mandate Charge Processed,При обробці збору за мандатом платежу
On Payment Paid,При сплаті платежу
"On checking this option, URL will be treated like a jinja template string",При виборі цього параметра URL буде оброблятися як рядок шаблону jinja
On or After,Після або в
On or Before,До або в
"On {0}, {1} wrote:","{0}, {1} написав(ла):"
Onboard,Підключити
Onboarding,На борту
Onboarding Complete,Включення завершено
Onboarding Name,Назва адаптації
Onboarding Permission,Дозвіл адаптації
Onboarding Status,Статус адаптації
Onboarding Step,Крок адаптації
Onboarding Step Map,Карта кроків адаптації
Onboarding complete,Адаптацію завершено
"Once submitted, submittable documents cannot be changed. They can only be Cancelled and Amended.","Після подання документи, що підлягають поданню, не можна змінити. Їх можна лише скасувати та виправити."
"Once you have set this, the users will only be able access documents (eg. Blog Post) where the link exists (eg. Blogger).","Після встановлення цього параметра користувачі зможуть отримати доступ лише до документів (наприклад, публікацій блогу), де існує посилання (наприклад, Blogger)."
One Last Step,Останній крок
One Time Password (OTP) Registration Code from {},Код реєстрації одноразового пароля (OTP) від {}
One of,Один із
Online,Online
Only 200 inserts allowed in one request,Дозволено не більше 200 вставок в одному запиті
Only Administrator can delete Email Queue,Лише адміністратор може видаляти чергу електронної пошти
Only Administrator can edit,Лише адміністратор може редагувати
Only Administrator can save a standard report. Please rename and save.,"Лише адміністратор може зберегти стандартний звіт. Будь ласка, перейменуйте та збережіть."
Only Administrator is allowed to use Recorder,Лише адміністратор має право використовувати Recorder
Only Allow Edit For,Дозволити редагування лише для
Only Options allowed for Data field are:,Дозволені параметри для поля даних:
Only Send Records Updated in Last X Hours,"Надсилати лише записи, оновлені за останні X годин"
Only System Managers can make this file public.,Лише системні менеджери можуть зробити цей файл загальнодоступним.
Only Workspace Manager can edit public workspaces,Лише менеджер робочого простору може редагувати публічні робочі простори
Only allow System Managers to upload public files,Дозволити завантаження публічних файлів лише системним менеджерам
Only allowed to export customizations in developer mode,Експорт налаштувань дозволено лише в режимі розробника
Only draft documents can be discarded,Лише чернетки документів можна відхилити
Only for,Лише для
Only mandatory fields are necessary for new records. You can delete non-mandatory columns if you wish.,Для нових записів необхідні лише обов'язкові поля. За бажанням ви можете видалити необов'язкові стовпці.
Only one {0} can be set as primary.,Лише один {0} може бути встановлений як основний.
Only reports of type Report Builder can be deleted,Видаляти можна лише звіти типу Report Builder
Only reports of type Report Builder can be edited,Редагувати можна лише звіти типу Report Builder
Only standard DocTypes are allowed to be customized from Customize Form.,З форми налаштування можна змінювати лише стандартні типи документів.
Only the Administrator can delete a standard DocType.,Лише адміністратор може видалити стандартний тип документа.
Only the assignee can complete this to-do.,Лише призначений виконавець може завершити це завдання.
Only users involved in the document are listed,"Перераховані лише користувачі, які беруть участь у документі"
Only {0} emailed reports are allowed per user,Тільки {0} по електронній пошті звіти кожному користувачеві дозволено
Only {0} emailed reports are allowed per user.,Для одного користувача дозволено надсилати не більше {0} звітів електронною поштою.
Oops,На жаль
Oops! Something went wrong,Нам Щось пішло не так
Oops! Something went wrong.,Ой! Щось пішло не так.
"Oops, you are not allowed to know that","На жаль, ви не можете знати, що"
Open,Відкрити
Open Awesomebar,Відкрити Awesomebar
Open Chat,Відкрити чат
Open Communication,Відкрити комунікацію
Open Document,Відкрити документ
Open Documents,Відкрити документи
Open Help,Відкрити довідку
Open Link,Відкрити посилання
Open Reference Document,Відкрити посилальний документ
Open Settings,Відкрити налаштування
Open Source Applications for the Web,Відкриті програми для вебу
Open Translation,Відкритий переклад
Open URL in a New Tab,Відкрити URL у новій вкладці
Open a dialog with mandatory fields to create a new record quickly,Відкрийте діалогове вікно із обов&#39;язковими полями для швидкого створення нової записи
Open a dialog with mandatory fields to create a new record quickly. There must be at least one mandatory field to show in dialog.,Відкрити діалог з обов'язковими полями для швидкого створення нового запису. У діалозі має бути щонайменше одне обов'язкове поле.
Open a module or tool,Відкрити модуль або інструмент
Open console,Відкрити консоль
Open in a new tab,Відкрити у новій вкладці
Open in new tab,Відкрити у новій вкладці
Open list item,Відкрити елемент списку
Open reference document,Відкрити посилальний документ
Open your authentication app on your mobile phone.,Відкрийте програму автентифікації на своєму мобільному телефоні.
Open {0},Відкрити {0}
OpenID Configuration,Конфігурація OpenID
OpenID Configuration fetched successfully!,Конфігурацію OpenID успішно отримано!
OpenLDAP,OpenLDAP
Opened,Відкрито
Operation,Операція
Operator must be one of {0},Оператор має бути одним з: {0}
Operator {0} requires exactly 2 arguments (left and right operands),Оператор {0} вимагає рівно 2 аргументи (лівий і правий операнди)
Optimize,Оптимізувати
Optimizing image...,Оптимізація зображення...
Option 1,Варіант 1
Option 2,Варіант 2
Option 3,Варіант 3
Option {0} for field {1} is not a child table,Параметр {0} для поля {1} не є дочірньою таблицею
Optional: Always send to these ids. Each Email Address on a new row,Необов'язково: завжди надсилати на ці адреси. Кожна адреса електронної пошти з нового рядка
Optional: The alert will be sent if this expression is true,"Необов'язково: сповіщення буде надіслано, якщо цей вираз є істинним"
Options,Параметри
Options 'Dynamic Link' type of field must point to another Link Field with options as 'DocType',Поле типу 'Dynamic Link' в параметрах повинно вказувати на інше поле типу Link з параметром 'DocType'
Options Help,Довідка про параметри
Options for Rating field can range from 3 to 10,Параметри поля оцінювання можуть бути від 3 до 10
Options for select. Each option on a new line.,Параметри для вибору. Кожен параметр з нового рядка.
Options for {0} must be set before setting the default value.,Параметри для {0} мають бути встановлені перед встановленням значення за замовчуванням.
Options is required for field {0} of type {1},Параметри обов'язкові для поля {0} типу {1}
Options not set for link field {0},Параметри не встановлені для поля посилання {0}
Or login with,Або увійдіть в систему з
Orange,Помаранчевий
Order,Порядок
Order By must be a string,«Сортувати за» має бути рядком
Org History,Історія організації
Org History Heading,Заголовок історії організації
Organizational Unit for Users,Організаційний підрозділ для користувачів
Orientation,Орієнтація
Original,Оригінал
Original Value,Оригінальне значення
Other,Інше
Other Territory,Інша територія
Outgoing,Вихідний
Outgoing (SMTP) Settings,Налаштування вихідної пошти (SMTP)
Outgoing Emails (Last 7 days),Вихідні листи (останні 7 днів)
Outgoing Server,Вихідний сервер
Outgoing Settings,Налаштування вихідної пошти
Outgoing email account not correct,Обліковий запис вихідної електронної пошти вказано неправильно
Outlook.com,Outlook.com
Output,Вивід
Overview,Огляд
Overwrite,Перезаписати
Owner,Власник
PATCH,PATCH
PDF,PDF
PDF Generation in Progress,Генерація PDF виконується
PDF Generator,Генератор PDF
PDF Page Height (in mm),Висота сторінки PDF (у мм)
PDF Page Size,Розмір сторінки PDF
PDF Page Width (in mm),Ширина сторінки PDF (у мм)
PDF Settings,Налаштування PDF
PDF generation failed,Не вдалося згенерувати PDF
PDF generation failed because of broken image links,Не вдалося згенерувати PDF через недійсні посилання на зображення
PDF generation may not work as expected.,Генерація PDF може не працювати належним чином.
"PDF printing via ""Raw Print"" is not supported.",Друк PDF через «Raw Print» не підтримується.
"PDF printing via ""Raw Print"" is not yet supported. Please remove the printer mapping in Printer Settings and try again.",Друк у форматі PDF через &quot;Сирий друк&quot; ще не підтримується. Видаліть відображення принтера в Налаштуваннях принтера і повторіть спробу.
PID,PID
POP3 OAuth authentication failed for Email Account {0},Автентифікація POP3 OAuth не вдалася для облікового запису електронної пошти {0}
POST,POST
PUT,PUT
Package,Пакет
Package Document Type,Тип пакетного документа
Package Import,Імпорт пакету
Package Name,Назва пакету
Package Publish Target,Цільова публікація пакета
Package Publish Tool,Інструмент публікації пакетів
Package Release,Випуск пакету
Packages,Пакети
"Packages are lightweight apps (collection of Module Defs) that can be created, imported, or released right from the UI","Пакети — це легкі застосунки (набір визначень модулів), які можна створювати, імпортувати або випускати безпосередньо з інтерфейсу користувача"
Page,Сторінка
Page Break,Розрив сторінки
Page Builder,Конструктор сторінок
Page Building Blocks,Блоки для побудови сторінок
Page HTML,HTML сторінки
Page Height (in mm),Висота сторінки (в мм)
Page Length,Довжина сторінки
Page Margins,Поля сторінки
Page Missing or Moved,Сторінка відсутня або її було переміщено
Page Name,Назва сторінки
Page Number,Номер сторінки
Page Route,Маршрут сторінки
Page Settings,Параметри сторінки
Page Shortcuts,Ярлики сторінки
Page Size,Розмір сторінки
Page Title,Заголовок сторінки
Page Width (in mm),Ширина сторінки (в мм)
Page has expired!,Термін дії сторінки закінчився!
Page height and width cannot be zero,Висота та ширина сторінки не можуть бути нульовими
Page not found,Сторінку не знайдено
"Page to show on the website
","Сторінка для відображення на веб-сайті
"
Page to show on the website\n,"Сторінка, що буде показана на веб-сайті"
Page {0} of {1},Сторінка {0} з {1}
Pages in Desk (place holders),Сторінки на стільниці (місцеутримувачі)
Parameter,Параметр
Parent,Батьківський елемент
Parent DocType,Батьківський DocType
Parent Document Type,Батьківський тип документа
Parent Document Type is required to create a number card,Для створення картки з числом потрібен батьківський тип документа
Parent Element Selector,Селектор батьківського елемента
Parent Error Snapshot,Батько Знімок Помилка
Parent Field,Батьківське поле
Parent Field (Tree),Батьківське поле (дерево)
Parent Field must be a valid fieldname,Батьківське поле має бути дійсною назвою поля
Parent Icon,Батьківська іконка
Parent Label,Батьківська мітка
Parent Missing,Батьківський елемент відсутній
Parent Page,Батьківська сторінка
Parent Table,Батьківська таблиця
Parent document type is required to create a dashboard chart,Для створення діаграми на інформаційній панелі потрібен батьківський тип документа
Parent is required to get child table data,Батько зобов&#39;язаний отримати дані дочірньої таблиці
Parent is the name of the document to which the data will get added to.,"Батьківський елемент — це назва документа, до якого будуть додані дані."
Parent-to-child or child-to-different-child grouping is not allowed.,Групування від батьківського до дочірнього або від дочірнього до іншого дочірнього не допускається.
Parentfield not specified in {0}: {1},Батьківське поле не вказано в {0}: {1}
"Parenttype, Parent and Parentfield are required to insert a child record","Для вставки дочірнього запису необхідні Parenttype, Parent та Parentfield"
Partial,Частковий
Partial Success,Частковий успіх
Partially Sent,Частково надіслано
Partially Successful,Частково Успішний
Participants,Учасники
Party GSTIN,Партія GSTIN
Pass,Прийнято
Passive,Пасивний
Password,Пароль
Password Email Sent,Лист із паролем надіслано
Password Reset,Скидання пароля
Password Reset Link Generation Limit,Ліміт генерації посилань для скидання пароля
Password Updated,Пароль оновлено
Password cannot be filtered,Пароль не можна фільтрувати
Password changed successfully.,Пароль успішно змінено.
Password for Base DN,Пароль для Base DN
Password is required or select Awaiting Password,Необхідно ввести пароль або вибрати «Очікування пароля»
Password is valid. 👍,Пароль дійсний. 👍
Password missing in Email Account,Пароль відсутній в обліковому записі електронної пошти
Password not found,Пароль не знайдений
Password not found for {0} {1} {2},Пароль не знайдено для {0} {1} {2}
Password requirements not met,Вимоги до пароля не виконано
Password reset instructions have been sent to your email,Інструкції щодо зміни паролю були відправлені на вашу електронну пошту
Password reset instructions have been sent to {}'s email,Інструкції зі скидання пароля надіслано на електронну адресу {}
Password set,Пароль встановлено
Password size exceeded the maximum allowed size,Розмір пароля перевищує максимально допустимий
Password size exceeded the maximum allowed size.,Розмір пароля перевищує максимально допустимий.
Passwords do not match,Паролі не збігаються
Passwords do not match!,Паролі не збігаються!
Paste,Вставити
Patch,Патч
Patch Log,Журнал патчів
Patch type {} not found in patches.txt,Тип патча {} не знайдено у patches.txt
Path,Шлях
Path to CA Certs File,Шлях до файлу сертифікатів CA
Path to Server Certificate,Шлях до сертифіката сервера
Path to private Key File,Шлях до файлу приватного ключа
Path {0} is not within module {1},Шлях {0} не знаходиться в межах модуля {1}
Path {0} it not a valid path,Шлях {0} не є дійсним шляхом
PayPal Settings,налаштування PayPal
PayPal payment gateway settings,Налаштування оплати шлюз PayPal
Payload Count,Кількість корисних даних
Payment Cancelled,оплата Скасовано
Payment Success,оплата успіху
Paytm Settings,Налаштування Paytm
Paytm payment gateway settings,Налаштування шлюзу платежів Paytm
Peak Memory Usage,Пікове використання памʼяті
Pending,Очікує
Pending Approval,Очікує затвердження
Pending Emails,Очікуючі електронні листи
Pending Jobs,Очікуючі завдання
Pending Label Size,Очікуваний розмір етикетки
Pending Verification,Очікує верифікації
Percent,Відсоток
Percent Complete,Відсоток завершено
Percentage,Відсоток
Period,Період
Perm Level,Рівень дозволу
Permanent,Постійний
Permanently Cancel {0}?,Остаточно скасувати {0}?
Permanently Discard {0}?,Остаточно відхилити {0}?
Permanently Submit {0}?,Остаточно подати {0}?
Permanently delete {0}?,Остаточно видалити {0}?
Permission,Дозвіл
Permission Error,Помилка дозволу
Permission Inspector,Інспектор дозволів
Permission Level,Рівень дозволу
Permission Levels,Рівні дозволів
Permission Log,Журнал дозволів
Permission Query,Запит дозволу
Permission Rules,Правила дозволів
Permission Type,Тип дозволу
Permission Type '{0}' is reserved. Please choose another name.,"Тип дозволу '{0}' зарезервовано. Будь ласка, оберіть іншу назву."
Permissions,Дозволи
Permissions Error,Помилка дозволів
Permissions are automatically applied to Standard Reports and searches.,Дозволи автоматично застосовуються до стандартних звітів та пошуків.
"Permissions are set on Roles and Document Types (called DocTypes) by setting rights like Read, Write, Create, Delete, Submit, Cancel, Amend, Report, Import, Export, Print, Email and Set User Permissions.","Дозволи встановлюються для ролей та типів документів (DocTypes) шляхом налаштування прав, таких як: Читати, Писати, Створювати, Видаляти, Подавати, Скасовувати, Виправляти, Звітувати, Імпортувати, Експортувати, Друкувати, Надсилати електронну пошту та Встановлювати дозволи користувача."
Permissions at higher levels are Field Level permissions. All Fields have a Permission Level set against them and the rules defined at that permissions apply to the field. This is useful in case you want to hide or make certain field read-only for certain Roles.,"Дозволи на вищих рівнях є дозволами рівня поля. Усі поля мають встановлений рівень дозволу, і правила, визначені для цих дозволів, застосовуються до поля. Це корисно, якщо ви хочете приховати або зробити певне поле доступним лише для читання для певних ролей."
"Permissions at level 0 are Document Level permissions, i.e. they are primary for access to the document.","Дозволи на рівні 0 є дозволами рівня документа, тобто вони є первинними для доступу до документа."
Permissions get applied on Users based on what Roles they are assigned.,Дозволи застосовуються до користувачів на основі призначених їм ролей.
Permitted Documents For User,Дозволені документи для користувача
Permitted Roles,Дозволені ролі
Personal,Особистий
Personal Data Deletion Request,Запит на видалення персональних даних
Personal Data Deletion Step,Крок видалення персональних даних
Personal Data Download Request,Запит на завантаження персональних даних
Phone,Телефон
Phone No.,Номер телефону
Phone Number {0} set in field {1} is not valid.,"Номер телефону {0}, вказаний у полі {1}, є недійсним."
Pick Columns,Вибрати стовпці
Pie,Кругова
Pin Globally,Прикріпити глобально
Pin To Bottom,Приколоти донизу
Pin To Top,Прив’язати до початку
Pincode,Поштовий індекс
Pink,Рожевий
Placeholder,Заповнювач
Places,Місця
Plain Text,Звичайний текст
Plant,Підприємство
Please Authorize OAuth for Email Account {0},"Будь ласка, авторизуйте OAuth для облікового запису електронної пошти {0}"
Please Authorize OAuth for Email Account {},"Будь ласка, авторизуйте OAuth для облікового запису електронної пошти {}"
Please Duplicate this Website Theme to customize.,"Будь ласка, продублюйте цю тему сайту для налаштування."
Please Enter Your Password to Continue,"Будь ласка, введіть пароль, щоб продовжити"
Please Install the ldap3 library via pip to use ldap functionality.,"Будь ласка, встановіть бібліотеку ldap3 через pip для використання функцій ldap."
Please Set Chart,"Будь ласка, налаштуйте діаграму"
Please Update SMS Settings,"Будь ласка, оновіть налаштування SMS"
Please add a subject to your email,"Будь ласка, додайте тему до вашого листа"
Please add a valid comment.,"Будь ласка, додайте дійсний коментар."
Please ask your administrator to verify your sign-up,"Будь ласка, попросіть вашого адміністратора підтвердити вашу реєстрацію"
Please attach a file first.,"Будь ласка, спочатку прикріпіть файл."
Please attach an image file to set HTML,"Додайте файл зображення, щоб встановити HTML"
Please attach an image file to set HTML for Footer.,"Будь ласка, прикріпіть файл зображення для встановлення HTML нижнього колонтитула."
Please attach an image file to set HTML for Letter Head.,"Будь ласка, прикріпіть файл зображення для встановлення HTML шапки листа."
Please attach the package,"Будь ласка, прикріпіть пакет"
Please check the filter values set for Dashboard Chart: {},"Будь ласка, перевірте значення фільтрів, встановлених для діаграми інформаційної панелі: {}"
"Please check the value of ""Fetch From"" set for field {0}","Будь ласка, перевірте значення ""Отримати з"", встановлене для поля {0}"
Please check your email for verification,"Будь ласка, перевірте свою електронну пошту для верифікації"
Please check your email login credentials.,"Будь ласка, перевірте дані для входу до вашої електронної пошти."
Please check your registered email address for instructions on how to proceed. Do not close this window as you will have to return to it.,"Будь ласка, перевірте вашу зареєстровану електронну адресу для отримання інструкцій щодо подальших дій. Не закривайте це вікно, оскільки вам доведеться повернутися до нього."
Please click Edit on the Workspace for best results,"Будь ласка, натисніть Редагувати на робочому просторі для кращих результатів"
"Please click on 'Export Errored Rows', fix the errors and import again.","Будь ласка, натисніть 'Експортувати рядки з помилками', виправте помилки та імпортуйте знову."
Please click on the following link and follow the instructions on the page. {0},"Будь ласка, натисніть на наступне посилання та дотримуйтесь інструкцій на сторінці. {0}"
Please click on the following link to set your new password,"Будь ласка, натисніть на наступне посилання, щоб встановити новий пароль"
Please close this window,"Будь ласка, закрийте це вікно"
Please confirm your action to {0} this document.,"Будь ласка, підтвердьте свою дію щодо {0} цього документа."
Please contact your system manager to install correct version.,"Будь ласка, зверніться до вашого системного адміністратора для встановлення правильної версії."
Please create Card first,"Будь ласка, спочатку створіть картку"
Please create chart first,"Будь ласка, спочатку створіть діаграму"
Please delete the field from {0} or add the required doctype.,"Будь ласка, видаліть поле з {0} або додайте необхідний тип документа."
Please do not change the rows above {0},"Ласка, не змінюйте рядки вище {0}"
Please do not change the template headings.,"Будь ласка, не змінюйте заголовки шаблону."
Please duplicate this to make changes,"Будь ласка, продублюйте це для внесення змін"
Please enable Twilio settings to send WhatsApp messages,Увімкніть налаштування Twilio для надсилання повідомлень WhatsApp
Please enable atleast one Social Login Key or LDAP or Login With Email Link before disabling username/password based login.,"Будь ласка, увімкніть принаймні один ключ соціального входу, LDAP або вхід за посиланням електронної пошти перед вимкненням входу на основі імені користувача/пароля."
Please enable developer mode to create new connection,Увімкніть режим розробника для створення нового з&#39;єднання
Please enable pop-ups,"Будь ласка, увімкніть спливаючі вікна"
Please enable pop-ups in your browser,"Будь ласка, увімкніть спливаючі вікна у вашому браузері"
Please enable twilio settings before sending WhatsApp messages,Увімкніть налаштування twilio перед надсиланням повідомлень WhatsApp
Please enable {} before continuing.,"Будь ласка, увімкніть {} перед продовженням."
Please ensure that your profile has an email address,"Будь ласка, переконайтеся, що у вашому профілі вказана електронна адреса"
Please enter Access Token URL,"Будь ласка, введіть URL токена доступу"
Please enter Authorize URL,"Будь ласка, введіть URL авторизації"
Please enter Base URL,"Будь ласка, введіть базовий URL"
Please enter Client ID before social login is enabled,"Будь ласка, введіть ідентифікатор клієнта перед увімкненням соціального входу"
Please enter Client Secret before social login is enabled,"Будь ласка, введіть секрет клієнта перед увімкненням соціального входу"
Please enter OpenID Configuration URL,"Будь ласка, введіть URL конфігурації OpenID"
Please enter Redirect URL,"Будь ласка, введіть URL перенаправлення"
Please enter a valid email address.,"Будь ласка, введіть дійсну електронну адресу."
Please enter both your email and message so that we can get back to you. Thanks!,"Будь ласка, вкажіть вашу електронну адресу та повідомлення, щоб ми могли вам відповісти. Дякуємо!"
Please enter the password,"Будь ласка, введіть пароль"
Please enter the password for: <b>{0}</b>,"Будь ласка, введіть пароль для: <b>{0}</b>"
Please enter valid mobile nos,"Будь ласка, введіть дійсні номери мобільних телефонів"
Please enter values for App Access Key and App Secret Key,"Будь ласка, введіть значення для App Access Key і App Secret Key"
Please enter your new password.,"Будь ласка, введіть ваш новий пароль."
Please enter your old password.,"Будь ласка, введіть ваш старий пароль."
Please find attached {0}: {1},"Будь ласка, знайдіть у вкладенні {0}: {1}"
Please generate keys for the Event Subscriber User {0} first.,Спершу створіть ключі для користувача абонента події {0}.
Please hide the standard navbar items instead of deleting them,"Будь ласка, сховайте стандартні елементи навігаційної панелі, замість того, щоб їх видаляти"
Please login to post a comment.,"Будь ласка, увійдіть, щоб залишити коментар."
Please make sure that there are no empty columns in the file.,"Будь ласка, переконайтеся, що немає ніяких порожніх стовпців у файлі."
Please make sure the Reference Communication Docs are not circularly linked.,"Будь ласка, переконайтеся, що документи довідкового зв'язку не пов'язані циклічно."
Please refresh to get the latest document.,"Будь ласка, оновіть сторінку, щоб отримати останній документ."
Please remove the printer mapping in Printer Settings and try again.,"Будь ласка, видаліть відображення принтера в налаштуваннях принтера і спробуйте ще раз."
Please save before attaching.,"Будь ласка, збережіть перед прикріпленням."
Please save the Newsletter before sending,"Будь ласка, збережіть бюлетень перед відправкою"
Please save the document before assignment,"Будь ласка, збережіть документ перед призначенням"
Please save the document before removing assignment,"Будь ласка, збережіть документ перед видаленням призначення"
Please save the form before previewing the message,"Будь ласка, збережіть форму перед попереднім переглядом повідомлення"
Please save the report first,"Будь ласка, спочатку збережіть звіт"
Please save to edit the template.,"Будь ласка, збережіть, щоб редагувати шаблон."
Please select Company,"Будь ласка, виберіть компанію"
Please select DocType first,"Будь ласка, спочатку виберіть тип документа"
Please select Entity Type first,"Будь ласка, спочатку виберіть тип сутності"
Please select Minimum Password Score,"Будь ласка, виберіть мінімальну оцінку пароля"
Please select X and Y fields,"Будь ласка, виберіть поля X та Y"
Please select a Amount Field.,"Будь ласка, виберіть поле Сума."
Please select a DocType in options before setting filters,"Будь ласка, виберіть тип документа в параметрах перед встановленням фільтрів"
Please select a country code for field {1}.,"Будь ласка, виберіть код країни для поля {1}."
Please select a file first.,"Будь ласка, спочатку виберіть файл."
Please select a file or url,"Будь ласка, виберіть файл або URL"
Please select a new name to rename,"Будь ласка, виберіть нове ім&#39;я для перейменування"
Please select a valid csv file with data,"Будь ласка, виберіть дійсний файл CSV з даними"
Please select a valid date filter,"Будь ласка, виберіть дійсний фільтр дати"
Please select another payment method. PayPal does not support transactions in currency '{0}',"Будь ласка, виберіть інший спосіб оплати. PayPal не підтримує транзакції в валюті «{0}»"
Please select another payment method. Paytm does not support transactions in currency '{0}',Виберіть інший спосіб оплати. Paytm не підтримує операції у валюті &quot;{0}&quot;
Please select another payment method. Razorpay does not support transactions in currency '{0}',"Будь ласка, виберіть інший спосіб оплати. Razorpay не підтримує транзакції в валюті «{0}»"
Please select another payment method. Stripe does not support transactions in currency '{0}',"Будь ласка, виберіть інший спосіб оплати. Stripe не підтримує транзакції в валюті «{0}»"
Please select applicable Doctypes,"Будь ласка, виберіть застосовні типи документів"
Please select atleast 1 column from {0} to sort/group,"Будь ласка, виберіть принаймні 1 стовпець з {0} для сортування/групування"
Please select document type first.,Спочатку виберіть тип документа.
Please select prefix first,"Будь ласка, спочатку виберіть префікс"
Please select target language for translation,"Будь ласка, виберіть мову перекладу"
Please select the Document Type.,"Будь ласка, виберіть тип документа."
Please select the LDAP Directory being used,"Будь ласка, виберіть каталог LDAP, що використовується"
Please select {0},"Будь ласка, виберіть {0}"
Please set API Key and Secret on the producer and consumer sites first.,"Будь ласка, встановіть API Key і Secret спочатку на сайтах виробників та споживачів."
Please set Base URL in Social Login Key for Frappe,"Будь-ласка, встановіть Базову URL-адресу в соціальній мережі для входу Frappe"
Please set Dropbox access keys in your site config,"Будь ласка, встановіть ключі доступу Dropbox у конфігурації вашого сайту"
Please set Email Address,"Будь ласка, вкажіть електронну адресу"
Please set a printer mapping for this print format in the Printer Settings,"Будь ласка, встановіть відображення принтера для цього формату друку в налаштуваннях принтера"
Please set filters,"Будь ласка, встановіть фільтри"
Please set filters value in Report Filter table.,"Будь ласка, встановіть значення фільтрів у таблиці фільтрів звіту."
Please set the document name,"Будь ласка, вкажіть назву документа"
Please set the following documents in this Dashboard as standard first.,"Будь ласка, спочатку встановіть наступні документи на цій панелі як стандартні."
Please set the series to be used.,"Будь ласка, вкажіть серію для використання."
"Please setup SMS before setting it as an authentication method, via SMS Settings","Будь ласка, налаштуйте SMS перед встановленням його як методу автентифікації через налаштування SMS"
Please setup a message first,"Будь ласка, спочатку налаштуйте повідомлення"
Please setup default Email Account from Setup > Email > Email Account,Установіть обліковий запис електронної пошти за замовчуванням у програмі Налаштування&gt; Електронна пошта&gt; Обліковий запис електронної пошти
Please setup default outgoing Email Account from Settings > Email Account,"Будь ласка, налаштуйте стандартний вихідний обліковий запис електронної пошти в Налаштування > Обліковий запис електронної пошти"
Please setup default outgoing Email Account from Tools > Email Account,"Будь ласка, налаштуйте стандартний вихідний обліковий запис електронної пошти в Інструменти > Обліковий запис електронної пошти"
Please specify,"Будь ласка, вкажіть"
Please specify a valid parent DocType for {0},"Будь ласка, вкажіть дійсний батьківський тип документа для {0}"
Please specify at least 10 minutes due to the trigger cadence of the scheduler,"Будь ласка, вкажіть принаймні 10 хвилин через частоту запуску планувальника"
Please specify the field from which to attach files,"Будь ласка, вкажіть поле, з якого слід прикріплювати файли"
Please specify the minutes offset,"Будь ласка, вкажіть зміщення в хвилинах"
Please specify which date field must be checked,"Будь ласка, вкажіть, яке поле дати потрібно перевірити"
Please specify which datetime field must be checked,"Будь ласка, вкажіть, яке поле дати й часу потрібно перевірити"
Please specify which value field must be checked,"Будь ласка, вкажіть, яке поле значення потрібно перевірити"
Please try again,"Будь ласка, спробуйте ще раз"
Please update {} before continuing.,"Будь ласка, оновіть {} перед продовженням."
Please use a valid LDAP search filter,"Будь ласка, використовуйте дійсний фільтр пошуку LDAP"
Please use following links to download file backup.,"Будь ласка, використовуйте наступні посилання для завантаження резервної копії файлу."
Please verify your Email Address,"Будь ласка, підтвердіть свою адресу електронної пошти"
Please visit https://frappecloud.com/docs/sites/migrate-an-existing-site#encryption-key for more information.,"Будь ласка, відвідайте https://frappecloud.com/docs/sites/migrate-an-existing-site#encryption-key для отримання додаткової інформації."
Point Allocation Periodicity,Періодичність розподілу точок
Points,Очки
Points Given,Наведені бали
Policy URI,URI політики
Polling,Опитування
Pondicherry,Пондічеррі
Popover Element,Елемент спливаючої підказки
Popover or Modal Description,Опис спливаючої підказки або модального вікна
Port,Порт
Portal,Портал
Portal Menu,Меню порталу
Portal Menu Item,Пункт меню порталу
Portal Settings,Налаштування порталу
Portrait,Портретна орієнтація
Position,Посада
Post,Опублікувати
Post Comment,Опублікувати коментар
"Post it here, our mentors will help you out.","Опублікуйте тут, наші наставники вам допоможуть."
Postal,Поштовий
Postal Code,Поштовий індекс
Posting Timestamp,Часова мітка публікації
Postprocess Method,Метод постпроцесу
Posts,Пост-и
Posts by {0},Записи автора: {0}
Posts filed under {0},"Повідомлення, подані відповідно до {0}"
Precision,Точність
Precision ({0}) for {1} cannot be greater than its length ({2}).,Точність ({0}) для {1} не може бути більшою за його довжину ({2}).
Precision should be between 1 and 6,Точність має бути від 1 до 6
Predictable substitutions like '@' instead of 'a' don't help very much.,"Передбачувані заміни, як-от '@' замість 'a', не дуже допомагають."
Prefer not to say,Не бажаю відповідати
Preferred Billing Address,Бажана адреса виставлення рахунку
Preferred Shipping Address,Бажана адреса доставки
Prefix,Префікс
Prepared Report,Підготовлений звіт
Prepared Report Analytics,Аналітика підготовленого звіту
Prepared Report Expiry Period (Days),Термін дії підготовленого звіту (дні)
Prepared Report User,Користувач підготовленого звіту
Prepared report render failed,Не вдалося відобразити підготовлений звіт
Preparing Report,Підготовка звіту
Prepend the template to the email message,Додати шаблон на початок повідомлення електронної пошти
Preprocess Method,Метод попередньої обробки
Press Alt Key to trigger additional shortcuts in Menu and Sidebar,Натисніть клавішу Alt для додаткових комбінацій клавіш у меню та бічній панелі
Press Enter to save,Натисніть Enter для збереження
Preview,Попередній перегляд
Preview Data (JSON),Дані для попереднього перегляду (JSON)
Preview HTML,Попередній перегляд HTML
Preview Message,Попередній перегляд повідомлення
Preview Mode,Режим попереднього перегляду
Preview of generated names,Попередній перегляд згенерованих імен
Preview on {0},Попередній перегляд на {0}
Preview type,Тип попереднього перегляду
Preview:,Попередній перегляд:
Previous,Попередній
Previous Document,Попередній документ
Previous Hash,Попередній хаш
Previous Submission,Попереднє подання
Primary,Основний
Primary Address,Основна адреса
Primary Color,Основний колір
Primary Contact,Основний контакт
Primary Email,Основна електронна пошта
Primary Mobile,Основний мобільний
Primary Phone,Основний телефон
Primary key of doctype {0} can not be changed as there are existing values.,"Первинний ключ типу документа {0} не може бути змінений, оскільки існують наявні значення."
Print,Друк
Print Documents,Друкувати документи
Print Format,Формат друку
Print Format Builder,Конструктор формату друку
Print Format Builder Beta,Конструктор формату друку (бета)
Print Format Error,Помилка формату друку
Print Format Field Template,Шаблон поля формату друку
Print Format For,Формат друку для
Print Format Help,Довідка формату друку
Print Format Type,Тип формату друку
Print Format not found,Формат друку не знайдено
Print Format {0} is disabled,Формат друку {0} вимкнено
Print Heading,Заголовок друку
Print Hide,Сховати при друці
Print Hide If No Value,"Сховати при друці, якщо немає значення"
Print Job,Завдання друку
Print Language,Мова друку
Print Now,Друкувати зараз
Print Offset,Зміщення друку
Print Queue,Черга друку
Print Sent to the printer!,Завдання друку надіслано на принтер!
Print Server,Сервер друку
Print Settings,Налаштування друку
Print Settings...,Налаштування друку ...
Print Style,Стиль друку
Print Style Name,Назва стилю друку
Print Style Preview,Попередній перегляд стилю друку
Print UOM after Quantity,Друк UOM після кількості
Print Width,Ширина друку
"Print Width of the field, if the field is a column in a table","Ширина друку поля, якщо поле є стовпцем у таблиці"
Print document,Надрукувати документ
Print taxes with zero amount,Надрукувати податки з нульовою сумою
Print with letterhead,Друкувати з бланком
Printer,Принтер
Printer Mapping,Зіставлення принтерів
Printer Model,Модель принтера
Printer Name,Назва принтера
Printer Settings,Налаштування принтера
Printer mapping not set.,Зіставлення принтерів не встановлено.
"Printer resolution in dots per inch (e.g. 200, 300, 600)","Роздільна здатність принтера в точках на дюйм (напр. 200, 300, 600)"
Printing,Друк
Printing failed,Друк не вдався
Priority,Пріоритет
Private,Приватний
Private Files (MB),Приватні файли (МБ)
Private Files Backup:,Резервна копія приватних файлів:
Private Key,Приватний ключ
Private and public Notes.,Приватні та державні Примітки.
ProTip: Add <code>Reference: {{ reference_doctype }} {{ reference_name }}</code> to send document reference,Порада: Додайте <code>Reference: {{ reference_doctype }} {{ reference_name }}</code> для надсилання посилання на документ
Proceed,Продовжити
Proceed Anyway,Все одно продовжити
Processing,Обробка
Processing...,Обробка...
Producer Document Name,Назва документа виробника
Producer URL,URL-адреса виробника
Prof,Проф
Profile,Профіль
Profile Picture,Фото профілю
Profile updated successfully.,Профіль успішно оновлено.
Progress,Прогрес
Project,Проект
Property,Властивість
Property Depends On,Властивість залежить від
Property Setter,Встановлювач властивостей
Property Setter overrides a standard DocType or Field property,Встановлювач властивостей замінює стандартну властивість DocType або поля
Property Type,Тип властивості
Protect Attached Files,Захистити вкладені файли
Protected File,Захищений файл
"Provide a list of allowed file extensions for file uploads. Each line should contain one allowed file type. If unset, all file extensions are allowed. Example: <br>CSV<br>JPG<br>PNG","Вкажіть список дозволених розширень файлів для завантаження. Кожен рядок має містити один дозволений тип файлу. Якщо не вказано, дозволені всі розширення. Приклад: <br>CSV<br>JPG<br>PNG"
Provider,Постачальник
Provider Name,Назва постачальника
Public,Публічний
Public Files (MB),Публічні файли (МБ)
Public Files Backup:,Резервна копія публічних файлів:
Public Key,Відкритий ключ
Public Transport,Громадський транспорт
Publish,Опублікувати
Publishable Key,Ключ до опублікування
Published,Опубліковано
Published On,Опубліковано на
Published Web Forms,Опубліковані веб-форми
Published Web Pages,Опубліковані веб-сторінки
Published on,Опубліковано
Publishing Dates,Дати публікації
Pull,Витягніть
Pull Emails,Отримати листи
Pull Failed,Потягнути не вдалося
Pull Insert,Витягніть вставку
Pull Update,Потягніть оновлення
Pull from Google Calendar,Отримати з Google Календаря
Pull from Google Contacts,Отримати з Google Контактів
Pulled from Google Calendar,Отримано з Google Календаря
Pulled from Google Contacts,Отримано з Google Контактів
Pulling emails...,Отримання листів...
Punjab,Пенджаб
Purchase Manager,Менеджер закупівель
Purchase Master Manager,Головний менеджер закупівель
Purchase User,Користувач закупівель
Purple,Фіолетовий
Push,Натисніть
Push Delete,Натисніть Видалити
Push Failed,Натисніть не вдалося
Push Insert,Натисніть на вставку
Push Notification Settings,Налаштування push-сповіщень
Push Notifications,Push-сповіщення
Push Update,Натисніть оновлення
Push to Google Calendar,Надіслати до Google Календаря
Push to Google Contacts,Надіслати до Google Контактів
Put on Hold,Призупинити
Python,Python
Python Module,Модуль Python
Pyver,Pyver
QR Code,QR-код
QR Code for Login Verification,QR-код для підтвердження входу
QZ Tray Connection Active!,Підключення QZ-лотка активне!
QZ Tray Failed:,Помилка QZ Tray:
QZ Tray Failed: ,Помилка лотка QZ:
Quarter Day,день Квартал
Quarterly,Щоквартально
Query,Запит
Query / Script,Запит / Скрипт
Query Options,Параметри запиту
Query Parameters,Параметри запиту
Query Report,Звіт за запитом
Query analysis complete. Check suggested indexes.,Аналіз запиту завершено. Перевірте запропоновані індекси.
Query must be a SELECT,Запит повинен бути ВИБІР
Queue,Черга
Queue / Worker,Черга / працівник
Queue Overloaded,Черга перевантажена
Queue Status,Статус черги
Queue Type(s),Тип(и) черги
Queue in Background (BETA),Черга у фоновому режимі (БЕТА)
Queue should be one of {0},Черга має бути одним із: {0}
Queue(s),Черга(и)
Queued,В черзі
Queued At,Додано до черги о
Queued By,Додано до черги користувачем
Queued for Submission. You can track the progress over {0}.,Додано до черги для подання. Ви можете відстежувати прогрес через {0}.
Queued for backup. It may take a few minutes to an hour.,Queued для резервного копіювання. Це може зайняти кілька хвилин до години.
Queued for backup. You will receive an email with the download link,Додано до черги для резервного копіювання. Ви отримаєте лист із посиланням для завантаження
Queues,Черги
Queuing {0} for Submission,Додавання {0} до черги для подання
Quick Entry,Швидке введення
Quick Help for Setting Permissions,Швидка допомога з налаштування дозволів
Quick List Filter,Фільтр швидкого списку
Quick Lists,Швидкі списки
Quoting must be between 0 and 3,Значення лапок має бути від 0 до 3
RAW Information Log,Журнал необробленої інформації
RQ Job,Завдання RQ
RQ Worker,Виконавець RQ
Rajasthan,Раджастан
Random,Випадково
Range,Діапазон
Rank:,Ранг:
Rate Limiting,Обмеження частоти запитів
Rate limit for email link login,Ліміт частоти для входу за посиланням електронної пошти
Rating,Рейтинг
Rating: ,оцінка:
Raw Commands,Необроблені команди
Raw Email,Необроблений лист
Raw HTML can be used only with Email Templates having 'Use HTML' checked. Proceeding with plain text email.,Необроблений HTML можна використовувати лише з шаблонами електронних листів із позначкою «Використовувати HTML». Продовження з простим текстовим листом.
"Raw HTML emails are rendered as complete Jinja templates. Otherwise, emails are wrapped in the standard.html email template, which inserts brand_logo, header and footer.","Листи з необробленим HTML відображаються як повні шаблони Jinja. В іншому випадку листи обгортаються стандартним шаблоном standard.html, який вставляє brand_logo, заголовок і нижній колонтитул."
Raw Printing,Необроблений друк
Raw Printing Setting,Налаштування необробленого друку
Raw Printing Settings,Налаштування необробленого друку
Raw Printing Settings...,Налаштування сировини для друку ...
Razorpay Payment gateway settings,Налаштування шлюзу оплати Razorpay
Razorpay Settings,налаштування Razorpay
Razorpay Signature Verification Failed,Не вдалося підтвердити підпис Razorpay
Re-Run in Console,Повторно запустити в консолі
Re:,Відповідь:
Re: ,Re:
Re: {0},Відповідь: {0}
Read,Читати
Read Only,Тільки читання
Read Only Depends On,Тільки читання залежить від
Read Only Depends On (JS),Тільки читання залежить від (JS)
Read Only Mode,Режим тільки читання
Read Time,Час читання
Read by Recipient,Прочитано отримувачем
Read by Recipient On,Прочитано отримувачем
Read mode,Режим читання
Read the documentation to know more,"Прочитайте документацію, щоб дізнатися більше"
Read-Only queries are allowed,Дозволені запити тільки для читання
Readme,Readme
Ready,Готовий
Realtime (SocketIO),В реальному часі (SocketIO)
Reason,Причина
Rebuild,Перебудувати
Rebuild Tree,Перебудувати дерево
Rebuilding of tree is not supported for {},Перебудова дерева не підтримується для {}
Received,Отримано
Received an invalid token type.,Отримано недійсний тип токена.
Receiver By Document Field,Отримувач за полем документа
Receiver By Role,Отримувач за роллю
Receiver Parameter,Параметр отримувача
Recent Activity,Остання активність
Recent years are easy to guess.,Останні роки легко вгадати.
Recents,Нещодавні
Recipient,Отримувач
Recipient Account Field,Поле облікового запису отримувача
Recipient Unsubscribed,Отримувач відписався
Recipients,Отримувачі
Record does not exist,Запис не існує
Recorder,Рекордер
Recorder Query,Запит рекордера
Recorder Suggested Index,Запропонований індекс рекордера
Records for following doctypes will be filtered,Записи для наступних типів документів будуть відфільтровані
Recursive Fetch From,Рекурсивне отримання з
Red,Червоний
Redirect HTTP Status,Статус HTTP перенаправлення
Redirect To,перенаправити
Redirect To Path,Перенаправити до шляху
Redirect URI,URI перенаправлення
Redirect URI Bound To Auth Code,URI перенаправлення прив'язаний до коду авторизації
Redirect URIs,URI перенаправлення
Redirect URL,URL перенаправлення
Redirect to the selected app after login,Перенаправити до вибраного застосунку після входу
Redirect to this URL after successful confirmation.,Перенаправити на цю URL-адресу після успішного підтвердження.
Redirects,Перенаправлення
Redis cache server not running. Please contact Administrator / Tech support,"Сервер кешу Redis не запущено. Будь ласка, зверніться до адміністратора або технічної підтримки"
Redo,Повторити
Redo last action,Повторити останню дію
Ref DocType,Посилальний тип документа
Ref Report DocType,Доповідь DocType
Referance Doctype and Dashboard Name both can't be used at the same time.,Посилальний тип документа та назва панелі керування не можуть використовуватися одночасно.
Reference,Посилання
Reference Date,Дата посилання
Reference Datetime,Дата та час посилання
Reference Doc,Документ посилання
Reference DocName,Назва документа посилання
Reference DocType,Тип документа посилання
Reference DocType and Reference Name are required,Тип документа посилання та назва посилання обов'язкові
Reference Docname,Назва документа посилання
Reference Doctype,Тип документа посилання
Reference Document,Документ посилання
Reference Document Name,Назва документа посилання
Reference Document Type,Тип документа посилання
Reference Name,Назва посилання
Reference Owner,Власник посилання
Reference Report,Звіт посилання
Reference Type,Тип посилання
Reference document has been cancelled,Довідковий документ скасовано
Reference name,Назва посилання
Reference: {0} {1},Посилання: {0} {1}
Referrer,Реферер
Refresh,Оновити
Refresh All,Оновити все
Refresh Google Sheet,Оновити Google Таблицю
Refresh Print Preview,Оновити попередній перегляд друку
Refresh Token,Оновити токен
Refreshing,Оновлення
Refreshing...,Оновлення...
Region,Область
Register OAuth Client App,Реєстрація OAuth Client App
Registered but disabled,"Зареєстровано, але вимкнено"
Rejected,Відхилено
Relapsed,Рецидив
Relapses,Рецидиви
Relay Server URL missing,Відсутня URL-адреса сервера ретрансляції
Relay Settings,Налаштування ретрансляції
Release,Випуск
Release Notes,Примітки до випуску
Relink,Перепов'язати
Relink Communication,Перепов'язати комунікацію
Relinked,Перепов'язано
Reload,Перезавантажити
Reload File,Перезавантажити файл
Reload List,Перезавантажити список
Reload Report,Перезавантажити звіт
Remember Last Selected Value,Запам'ятати останнє вибране значення
Remind At,Нагадати о
Remind Me,Нагадати мені
Remind Me In,Нагадати мені через
Reminder,Нагадування
Reminder cannot be created in past.,Не можна створити нагадування в минулому.
Reminder set at {0},Нагадування встановлено на {0}
Remote,віддалений
Remote Document Type,Тип віддаленого документа
Remote Fieldname,Віддалений Fieldname
Remote ID,Віддалений ідентифікатор
Remote Objectname,Віддалений об&#39;єктменю
Remote Primary Key,Віддалений основний ключ
Remote Value Filters,Віддалені фільтри значень
Remove,Видалити
Remove Failed Jobs,Видалити невдалі завдання
Remove Field,Видалити поле
Remove Filter,Видалити фільтр
Remove Section,Видалити секцію
Remove Tag,Видалити тег
Remove all customizations?,Видалити всі налаштування?
Remove all fields in the column,Видалити всі поля у стовпці
Remove column,Видалити стовпець
Remove field,Видалити поле
Remove last column,Видалити останній стовпець
Remove page break,Видалити розрив сторінки
Remove section,Видалити секцію
Remove tab,Видалити вкладку
Removed,Видалено
Removed {0},Вилучені {0}
Rename,Перейменувати
Rename Fieldname,Перейменувати назву поля
Rename many items by uploading a .csv file.,"Перейменувати безліч предметів, завантаживши файл .csv."
Rename {0},Перейменувати {0}
"Renamed files and replaced code in controllers, please check!","Файли перейменовано та код замінено в контролерах, будь ласка, перевірте!"
Render labels to the left and values to the right in this section,"Відображати мітки ліворуч, а значення праворуч у цій секції"
Reopen,Відкрити знову
Repeat,Повторити
Repeat Header and Footer,Повторити верхній і нижній колонтитули
Repeat Header and Footer in PDF,Повторіть Колонтитули в PDF
Repeat On,Повторювати
Repeat Till,Повторювати до
Repeat on Day,Повторювати у день
Repeat on Days,Повторювати у дні
Repeat on Last Day of the Month,Повторювати в останній день місяця
Repeat this Event,Повторити цю подію
"Repeats like ""aaa"" are easy to guess","Повторення на кшталт ""aaa"" легко вгадати"
"Repeats like ""abcabcabc"" are only slightly harder to guess than ""abc""","Повторення на кшталт ""abcabcabc"" лише трохи складніше вгадати, ніж ""abc"""
Repeats {0},Повторень: {0}
Replicate,Реплікувати
Replicating...,Реплікування...
Replication completed.,Реплікування завершено.
Replied,Відповіли
Reply,Відповісти
Reply All,Відповісти всім
Report,Звіт
Report Builder,Конструктор звітів
Report Column,Стовпець звіту
Report Description,Опис звіту
Report Document Error,Помилка документа звіту
Report End Time,Звіт про кінець часу
Report Filter,Фільтр звіту
Report Filters,Фільтри звіту
Report Hide,Приховати у звіті
Report Information,Інформація про звіт
Report Manager,Менеджер звітів
Report Name,Назва звіту
"Report Name, Report Field and Fucntion are required to create a number card","Для створення числової картки потрібні назва звіту, поле звіту та функція"
Report Ref DocType,DocType-посилання звіту
Report Reference Doctype,Довідковий DocType звіту
Report Start Time,Час початку звіту
Report Type,Тип звіту
Report View,Вигляд звіту
Report bug,Повідомити про помилку
Report cannot be set for Single types,Звіт не може бути встановлений на окремі типи
"Report has no data, please modify the filters or change the Report Name","Звіт не містить даних, будь ласка, змініть фільтри або назву звіту"
"Report has no numeric fields, please change the Report Name","Звіт не має числових полів, будь ласка, змініть назву звіту"
"Report initiated, click to view status","Звіт ініційовано, натисніть для перегляду статусу"
Report limit reached,Ліміт звіту досягнуто
Report of all document shares,Звіт про усі оприлюднені документи
Report timed out.,Час очікування звіту вичерпано.
Report updated successfully,Звіт успішно оновлено
Report was not saved (there were errors),Звіт не збережено (були помилки)
Report with more than 10 columns looks better in Landscape mode.,Звіт з більш ніж 10 стовпцями краще виглядає в альбомному режимі.
Report {0},Звіт {0}
Report {0} deleted,Звіт {0} видалено
Report {0} is disabled,Звіт {0} вимкнено
Report {0} saved,Звіт {0} збережено
Report:,Звіт:
Reports,Звіти
Reports & Masters,Звіти та довідники
Reports already in Queue,Звіти вже в черзі
Represents a User in the system.,Представляє користувача в системі.
Represents the states allowed in one document and role assigned to change the state.,"Представляє дозволені стани в одному документі та роль, призначену для зміни стану."
Request Body,Тіло запиту
Request Body consists of an invalid JSON structure,Тіло запиту складається з недійсної структури JSON
Request Data,Дані запиту
Request Description,Опис запиту
Request Headers,Заголовки запиту
Request ID,Ідентифікатор запиту
Request Limit,Ліміт запитів
Request Method,Метод запиту
Request Structure,Структура запиту
Request Timed Out,Час очікування запиту вичерпано
Request Timeout,Тайм-аут запиту
Request URL,URL запиту
Request for Account Deletion,Запит на видалення облікового запису
Requested Numbers,Запитані номери
Require Trusted Certificate,Вимагати довірений сертифікат
"Requires any valid fdn path. i.e. ou=groups,dc=example,dc=com","Потребує будь-якого дійсного шляху fdn. Наприклад: ou=groups,dc=example,dc=com"
"Requires any valid fdn path. i.e. ou=users,dc=example,dc=com","Потребує будь-якого дійсного шляху fdn. Наприклад: ou=users,dc=example,dc=com"
Res: {0},Відповідь: {0}
Reset,Скинути
Reset All Customizations,Скинути всі налаштування
Reset Changes,Скинути зміни
Reset Chart,Скинути діаграму
Reset Dashboard Customizations,Скинути налаштування панелі
Reset Fields,Скинути поля
Reset LDAP Password,Скинути пароль LDAP
Reset Layout,Скинути макет
Reset OTP Secret,Скинути секрет OTP
Reset Password,Скинути пароль
Reset Password Key,Ключ скидання пароля
Reset Password Link Expiry Duration,Тривалість дії посилання для скидання пароля
Reset Password Template,Шаблон скидання пароля
Reset Permissions for {0}?,Скинути дозволи для {0}?
Reset To Default,Скинути до значення за замовчуванням
Reset sorting,Скинути сортування
Reset to default,Скинути до значення за замовчуванням
Reset to defaults,Скинути до значень за замовчуванням
Reset your password,Скинути ваш пароль
Resource,Ресурс
Resource Documentation,Документація ресурсу
Resource Name,Назва ресурсу
Resource Policy URI,URI політики ресурсу
Resource TOS URI,URI умов використання ресурсу
Response,Відповідь
Response Headers,Заголовки відповіді
Response Type,Тип відповіді
Rest of the day,Решта дня
Restore,Відновити
Restore Original Permissions,Відновити початкові дозволи
Restore or permanently delete a document.,Відновлення або повністю видалити документ.
Restore to default settings?,Відновити налаштування за замовчуванням?
Restored,Відновлено
Restoring Deleted Document,Відновлення видаленого документа
Restrict IP,Обмежити IP
Restrict Removal,Обмежити видалення
Restrict To Domain,Обмежити за доменом
Restrict to Domain,Обмежити за доменом
Restrict user for specific document,Обмежити користувача для певного документа
Restrict user from this IP address only. Multiple IP addresses can be added by separating with commas. Also accepts partial IP addresses like (111.111.111),"Обмежити користувача лише цією IP-адресою. Кілька IP-адрес можна додати, розділивши комами. Також приймаються часткові IP-адреси, наприклад (111.111.111)"
Restricted,Обмежений
Restrictions,Обмеження
Result,Результат
Resume Sending,Відновити надсилання
Resync,Перейміть
Retake,Повторювати
Retry,Повторити
Retry Sending,Повторити надсилання
Return to the Verification screen and enter the code displayed by your authentication app,"Поверніться до екрана перевірки та введіть код, відображений вашим додатком автентифікації"
Reverse Icon Color,Зворотний колір значка
Revert,Повернутись
Revert Of,Повернення
Reverted,Повернено
Reverting length to {0} for '{1}' in '{2}'. Setting the length as {3} will cause truncation of data.,Повернення довжини до {0} для '{1}' у '{2}'. Встановлення довжини {3} призведе до усічення даних.
Review,Огляд
Review Level,Рівень огляду
Review Levels,Перегляньте рівні
Review Points,Огляньте бали
Review Points:,Бали огляду:
Reviews,Відгуки
Revocation URI,URI відкликання
Revoke,Відкликати
Revoked,Відкликано
Rich Text,Форматований текст
Right,Праворуч
Right Bottom,Праворуч знизу
Right Center,Праворуч по центру
Robots.txt,Robots.txt
Role,Роль
Role 'All' will be given to all system + website users.,Роль «All» буде надано всім системним користувачам і користувачам сайту.
Role 'Desk User' will be given to all system users.,Роль «Desk User» буде надано всім системним користувачам.
Role Name,Назва ролі
Role Permission for Page and Report,Дозвіл ролі для сторінки та звіту
Role Permissions,Дозволи ролі
Role Permissions Manager,Менеджер дозволів ролей
Role Profile,Профіль ролі
Role Profiles,Профілі ролей
Role Replication,Реплікація ролі
Role and Level,Роль і рівень
Role has been set as per the user type {0},Роль встановлено відповідно до типу користувача {0}
Roles,Ролі
Roles & Permissions,Ролі та дозволи
Roles Assigned,Призначені ролі
Roles HTML,HTML ролей
Roles Html,Html ролей
Roles can be set for users from their User page.,Ролі можна встановити для користувачів на їхній сторінці користувача.
Room,кімната
Room Type,Тип кімнати
Root {0} cannot be deleted,Кореневий елемент {0} не може бути видалений
Round Robin,Кругова черга
Rounding Method,Метод округлення
Route,Маршрут
Route History,Історія маршрутів
Route Options,Параметри маршруту
Route Redirects,Перенаправлення маршрутів
Route to Success Link,Маршрут до посилання на успіх
"Route: Example ""/desk""","Маршрут: Наприклад ""/desk"""
Row,Рядок
Row #,Рядок №
Row # {0}: Non-administrator users cannot add the role {1} to a custom DocType.,Рядок № {0}: Не-адміністратори не можуть додавати роль {1} до власного DocType.
Row #{0}:,Рядок #{0}:
Row #{0}: Invalid Local Fieldname,Рядок № {0}: недійсне місцеве ім’я поля
Row #{0}: Please set Mapping or Default Value for the field {1} since its a dependency field,"Рядок № {0}: встановіть значення поля відображення або значення за замовчуванням {1}, оскільки воно є полем залежності"
Row #{0}: Please set remote value filters for the field {1} to fetch the unique remote dependency document,"Рядок № {0}: встановіть фільтри віддалених значень для поля {1}, щоб отримати унікальний документ віддаленої залежності"
Row #{}: Fieldname is required,Рядок #{}: Назва поля є обов'язковою
Row Format,Формат рядка
Row Index,Індекс Ряди
Row Indexes,Індекси рядків
Row Name,Назва рядка
Row No,Рядок №
Row Number,Номер рядка
Row Status,Статус рядка
Row Values Changed,Значення рядка змінено
Row {0},Рядок {0}
Row {0}: Not allowed to disable Mandatory for standard fields,Рядок {0}: Заборонено вимикати обов'язковість для стандартних полів
Row {0}: Not allowed to enable Allow on Submit for standard fields,Рядок {0}: Заборонено вмикати «Дозволити при поданні» для стандартних полів
Rows Added,Рядки додано
Rows Removed,Рядки видалено
Rows Threshold for Grid Search,Поріг рядків для пошуку в таблиці
Rule,Правило
Rule Conditions,Умови правила
Rule Name,Назва правила
"Rule for this doctype, role, permlevel and if-owner combination already exists.","Правило для цього типу документа, ролі, рівня дозволу та комбінації if-owner вже існує."
Rules,Правила
Rules defining transition of state in the workflow.,"Правила, що визначають перехід станів у робочому процесі."
"Rules for how states are transitions, like next state and which role is allowed to change state etc.","Правила переходу між станами: наступний стан, яка роль може змінювати стан тощо."
Rules with higher priority number will be applied first.,Правила з вищим пріоритетом застосовуватимуться першими.
Run,Біжи
Run Jobs only Daily if Inactive For (Days),"Запускати завдання лише щодня, якщо неактивно протягом (днів)"
Run scheduled jobs only if checked,Запускати заплановані завдання лише якщо позначено
Runtime in Minutes,Час виконання в хвилинах
Runtime in Seconds,Час виконання в секундах
S3 Backup Settings,Налаштування резервної копії S3
S3 Backup complete!,Резервне копіювання S3 завершено!
S3 Bucket Details,Деталі ковша S3
SMS,SMS
SMS Gateway URL,URL шлюзу SMS
SMS Log,Журнал SMS
SMS Parameter,Параметр SMS
SMS Settings,Налаштування SMS
SMS sent successfully,SMS успішно надіслано
SMS sent to following numbers: {0},SMS відправлено наступних номерів: {0}
SMS was not sent. Please contact Administrator.,SMS не було надіслано. Зверніться до адміністратора.
SMTP Server,SMTP-сервер
SMTP Server is required,Необхідно вказати SMTP-сервер
SMTP Settings for outgoing emails,Налаштування SMTP для вихідних листів
SQL,SQL
"SQL Conditions. Example: status=""Open""","Умови SQL. Приклад: status=""Open"""
SQL Explain,Пояснення SQL
SQL Output,Вивід SQL
SQL Queries,SQL-запити
SQL functions are not allowed as strings in SELECT: {0}. Use dict syntax like {{'COUNT': '*'}} instead.,"SQL-функції не дозволені як рядки в SELECT: {0}. Використовуйте синтаксис словника, наприклад {{'COUNT': '*'}}."
SSL/TLS Mode,Режим SSL/TLS
SWATCHES,КОЛЬОРОВІ ЗРАЗКИ
Sales Manager,Менеджер з продажу
Sales Master Manager,Старший менеджер з продажу
Sales User,Користувач продажів
Salesforce,Salesforce
Salutation,Звертання
Same Field is entered more than once,Те саме поле введено більше одного разу
Sample,Зразок
Saturday,Субота
Save,Зберегти
Save API Secret: ,Зберегти таємне API:
Save Anyway,Зберегти все одно
Save As,Зберегти як
Save Customizations,Зберегти налаштування
Save Filter,Зберегти фільтр
Save Report,Зберегти звіт
Save filters,Зберегти фільтри
Save on Completion,Зберегти після завершення
Save the document.,Зберегти документ.
Save the printer first,Спочатку збережіть принтер
Saved,Збережено
Saved Filters,Збережені фільтри
Saved Successfully,Збережено успішно
Saving,Збереження
Saving Changes...,Збереження змін...
Saving Customization...,Збереження налаштування...
Saving Sidebar,Збереження бічної панелі
Saving this will export this document as well as the steps linked here as json.,"Збереження призведе до експорту цього документа, а також пов'язаних кроків у форматі json."
Saving...,Збереження...
Scan QRCode,Сканувати QR-код
Scan the QR Code and enter the resulting code displayed.,Відскануйте QR-код і введіть отриманий код.
Schedule,Розклад
Schedule Script,Сценарій розкладу
Schedule Send,Розклад надсилання
Schedule Send At,Запланувати надсилання на
Schedule Sending,Графік надсилання
Scheduled,Заплановано
Scheduled Against,Заплановано для
Scheduled Job,Запланове завдання
Scheduled Job Log,Журнал запланованих завдань
Scheduled Job Type,Тип запланованого завдання
Scheduled Jobs Logs,Журнали запланованих завдань
Scheduled To Send,планується відправити
Scheduled execution for script {0} has updated,Заплановане виконання для скрипту {0} оновлено
Scheduled to send,Заплановано для надсилання
Scheduler,Планувальник
Scheduler Event,Подія планувальника
Scheduler Inactive,Планувальник неактивний
Scheduler Status,Статус планувальника
Scheduler can not be re-enabled when maintenance mode is active.,"Планувальник не може бути повторно увімкнений, коли активний режим обслуговування."
Scheduler is inactive. Cannot import data.,Планувальник неактивний. Неможливо імпортувати дані.
Scheduler: Active,Планувальник: активний
Scheduler: Inactive,Планувальник: неактивний
Scope,Область
Scopes,Області
Scopes Supported,Підтримувані області
Script,Скрипт
Script Manager,Менеджер скриптів
Script Report,Звіт скрипту
Script Type,Тип скрипту
Script or Query reports,Сценарій або Запит повідомляє
Script to attach to all web pages.,Скрипт для підключення до всіх веб-сторінок.
Scripting,Скриптинг
Scripting / Style,Скриптинг / Стиль
Scripts,Скрипти
Search,Пошук
Search Bar,Рядок пошуку
Search Fields,Поля пошуку
Search Help,Довідка пошуку
Search Priorities,Пріоритети пошуку
Search Results,Результати пошуку
Search Results for ,Результати пошуку для
Search Source Text,Текст пошуку джерела
Search by filename or extension,Пошук за назвою файлу або розширенням
Search field {0} is not valid,Поле пошуку {0} недійсне
Search fields,Поля пошуку
Search fieldtypes...,Пошук типів полів...
Search for '{0}',Пошук &#39;{0}&#39;
Search for anything,Шукати будь-що
Search for {0},Пошук {0}
Search in a document type,Пошук у типі документа
Search or Create a New Chat,Пошук або створення нового чату
Search or type a command,Пошук або введіть команду
Search or type a command ({0}),Пошук або введіть команду ({0})
Search properties...,Пошук властивостей...
Search results for,Результати пошуку для
Search...,Пошук...
Searching,Пошук
Searching ...,Пошук ...
Seconds,Секунди
Secret Key,секретний ключ
Section,Розділ
Section Break,Розрив розділу
Section Heading,Заголовок розділу
Section ID,Ідентифікатор розділу
Section Title,Назва розділу
Section must have at least one column,Розділ повинен мати хоча б один стовпець
Security,Безпека
Security Alert: Your account is being impersonated,Попередження безпеки: ваш обліковий запис підробляється
Security Settings,Параметри безпеки
See all Activity,Переглянути всю активність
See all past reports.,Переглянути всі минулі звіти.
See https://docs.aws.amazon.com/general/latest/gr/s3.html for details.,Детальніше див. На https://docs.aws.amazon.com/general/latest/gr/s3.html.
See on Website,Переглянути на сайті
See previous responses,Переглянути попередні відповіді
See the document at {0},Переглянути документ за адресою {0}
Seems API Key or API Secret is wrong !!!,"Здається, ключ API або API Секрет неправильно !!!"
Seems Publishable Key or Secret Key is wrong !!!,"Здається, до опублікування Key або Секретний ключ не так !!!"
"Seems issue with server's razorpay config. Don't worry, in case of failure amount will get refunded to your account.","Здається, питання з razorpay конфігурації сервера. Не хвилюйтеся, у разі відмови суми буде отримати повернення на ваш рахунок."
Seems token you are using is invalid!,"Здається, токен, який ви використовуєте, недійсний!"
Seen,Переглянуто
Seen By,Переглянуто
Seen By Table,Таблиця переглядів
Select,Вибрати
Select All,Вибрати все
Select Attachments,Вибрати вкладення
Select Child Table,Вибрати дочірню таблицю
Select Column,Вибрати стовпець
Select Columns,Вибрати стовпці
Select Country,Вибрати країну
Select Currency,Вибрати валюту
Select Dashboard,Вибрати панель
Select Date Range,Вибрати діапазон дат
Select DocType,Вибрати тип документа
Select Doctype,Вибрати тип документа
Select Document Type,Вибрати тип документа
Select Document Type or Role to start.,Виберіть тип документа або роль для початку.
Select Document Types to set which User Permissions are used to limit access.,"Виберіть типи документів, щоб визначити, які дозволи користувача обмежують доступ."
Select Event Type,Виберіть Тип події
Select Field,Вибрати поле
Select Field...,Вибрати поле...
Select Fields,Вибрати поля
Select Fields (Up to {0}),Вибрати поля (не більше {0})
Select Fields To Insert,Вибрати поля для вставки
Select Fields To Update,Вибрати поля для оновлення
Select File Format,Виберіть формат файлу
Select File Type,Виберіть тип файлу
Select Filters,Вибрати фільтри
Select From Date,Виберіть Від дати
Select Google Calendar to which event should be synced.,"Виберіть Календар Google, з яким слід синхронізувати подію."
Select Google Contacts to which contact should be synced.,"Виберіть Контакти Google, з якими слід синхронізувати контакт."
Select Group By...,Вибрати групування...
Select Kanban,Вибрати канбан
Select Language,Вибрати мову
Select Language...,Оберіть мову...
Select Languages,Виберіть Мови
Select List View,Вибрати вигляд списку
Select Mandatory,Вибрати обов'язкове
Select Module,Вибрати модуль
Select Network Printer,Вибрати мережевий принтер
Select Page,Вибрати сторінку
Select Print Format,Вибрати формат друку
Select Print Format to Edit,Вибрати формат друку для редагування
Select Report,Вибрати звіт
Select Role,Виберіть Роль
Select Table Columns for {0},Вибрати стовпці таблиці для {0}
Select Time Zone,Вибрати часовий пояс
Select Transaction,Вибрати транзакцію
Select Workflow,Вибрати робочий процес
Select Workspace,Вибрати робочий простір
Select Your Region,Виберіть свій регіон
Select a Brand Image first.,Спочатку виберіть зображення бренду.
Select a DocType to make a new format,Виберіть тип документа для створення нового формату
Select a chat to start messaging.,"Виберіть чат, щоб розпочати обмін повідомленнями."
Select a field to edit its properties.,Виберіть поле для редагування його властивостей.
Select a group node first.,Виберіть вузол групи в першу чергу.
Select a group {0} first.,Спочатку виберіть групу {0}.
Select a valid Sender Field for creating documents from Email,Виберіть дійсне поле відправника для створення документів з електронної пошти
Select a valid Subject field for creating documents from Email,Виберіть дійсне поле теми для створення документів з електронної пошти
Select an Image,Вибрати зображення
Select an existing format to edit or start a new format.,Виберіть існуючий формат для редагування або створіть новий формат.
Select an image of approx width 150px with a transparent background for best results.,Для найкращого результату виберіть зображення шириною приблизно 150px із прозорим фоном.
Select atleast 1 record for printing,Виберіть принаймні 1 запис для друку
Select atleast 2 actions,Виберіть принаймні 2 дії
Select list item,Вибрати елемент списку
Select multiple list items,Вибрати кілька елементів списку
Select or drag across time slots to create a new event.,"Виберіть або перетягніть часові слоти, щоб створити нову подію."
Select records for assignment,Вибрати записи для призначення
Select records for removing assignment,Вибрати записи для видалення призначення
Select the label after which you want to insert new field.,"Виберіть мітку, після якої потрібно вставити нове поле."
Select two versions to view the diff.,Виберіть дві версії для перегляду відмінностей.
"Select your Country, Time Zone and Currency","Виберіть вашу країну, часовий пояс і валюту"
Select {0},Вибрати {0}
Self approval is not allowed,Самостійне затвердження не дозволено
Send,Надіслати
Send <b>at the earliest</b> this number of minutes before or after the reference datetime. The actual sending may be delayed by up to 5 minutes due to the scheduler's trigger cadence.,Надіслати <b>не раніше ніж</b> через цю кількість хвилин до або після контрольної дати й часу. Фактичне надсилання може затримуватися до 5 хвилин через інтервал спрацювання планувальника.
Send After,Надіслати після
Send Alert On,Надіслати сповіщення при
Send As Raw HTML,Надіслати як необроблений HTML
Send Attachments,Надіслати вкладення
Send Email Alert,Надіслати сповіщення електронною поштою
Send Email On State,Надіслати електронний лист при зміні стану
Send Email Print Attachments as PDF (Recommended),Надіслати вкладення електронної пошти як PDF (рекомендовано)
Send Email To Creator,Надіслати електронний лист автору
Send Email for Successful Backup,Надіслати електронну пошту для успішного резервного копіювання
Send Email for Successful backup,Надіслати електронний лист для успішного резервного копіювання
Send Me A Copy of Outgoing Emails,Надіслати мені копію вихідних листів
Send Notification To,Надіслати сповіщення
Send Notification to,Надіслати сповіщення
Send Notifications For Documents Followed By Me,"Надсилати сповіщення для документів, за якими я стежу"
Send Notifications For Email Threads,Надсилати сповіщення для поштових гілок
Send Notifications To,Включити повідомлення
Send Now,Надіслати зараз
Send Print as PDF,Надіслати друк у форматі PDF
Send Read Receipt,Надіслати підтвердження прочитання
Send System Notification,Надіслати системне сповіщення
Send To All Assignees,Надіслати всім призначеним
Send Unsubscribe Link,Надіслати посилання Відмовитися
Send Welcome Email,Надіслати вітальний лист
Send alert if date matches this field's value,"Надсилати сповіщення, якщо дата збігається зі значенням цього поля"
Send alert if datetime matches this field's value,"Надсилати сповіщення, якщо дата та час збігаються зі значенням цього поля"
Send alert if this field's value changes,"Надсилати сповіщення, якщо значення цього поля змінюється"
Send an email reminder in the morning,Надсилати нагадування електронною поштою вранці
Send an email to {0} to link it here,"Надішліть електронний лист на {0}, щоб пов’язати його тут"
Send days before or after the reference date,Надсилати за кілька днів до або після референсної дати
Send email when document transitions to the state.,"Надсилати електронний лист, коли документ переходить у цей стан."
Send enquiries to this email address,Надсилати запити на цю адресу електронної пошти
Send login link,Надіслати посилання для входу
Send me a copy,Надіслати мені копію
Send only if there is any data,Надсилати лише за наявності даних
Send unsubscribe message in email,Надсилати повідомлення про відписку в електронному листі
Sender,Відправник
Sender Email,Електронна пошта відправника
Sender Email Field,Поле електронної пошти відправника
Sender Field,Поле відправника
Sender Field should have Email in options,Поле відправника повинно мати Email у параметрах
Sender Name,Ім'я відправника
Sender Name Field,Поле імені відправника
Sendgrid,Sendgrid
Sending,Надсилання
Sent,Надіслано
Sent Folder Name,Назва папки надісланих
Sent On,Надіслано
Sent Read Receipt,Підтвердження прочитання надіслано
Sent To,Надіслано кому
Sent or Received,Надіслано або отримано
Sent/Received Email,Надіслана/отримана електронна пошта
Separator,Роздільник
Sequence Id,Ідентифікатор послідовності
Series List for this Transaction,Список серій для цієї транзакції
Series Updated for {},Серію оновлено для {}
Series counter for {} updated to {} successfully,Лічильник серій для {} успішно оновлено до {}
Series {0} already used in {1},Серія {0} вже використовується в {1}
Server Action,Дія сервера
Server Error,Помилка сервера
Server IP,IP сервера
Server Script,Серверний скрипт
Server Scripts are disabled. Please enable server scripts from bench configuration.,"Серверні скрипти вимкнено. Будь ласка, увімкніть серверні скрипти в конфігурації bench."
Server Scripts feature is not available on this site.,Функція серверних скриптів недоступна на цьому сайті.
Server error during upload. The file might be corrupted.,Помилка сервера під час завантаження. Файл може бути пошкоджено.
Server failed to process this request because of a concurrent conflicting request. Please try again.,"Серверу не вдалося обробити цей запит через конфліктний паралельний запит. Будь ласка, спробуйте ще раз."
Server was too busy to process this request. Please try again.,"Сервер був занадто завантажений для обробки цього запиту. Будь ласка, спробуйте ще раз."
Service,Служба
Session Created,Сесію створено
Session Default,Стандартні налаштування сесії
Session Default Settings,Налаштування стандартів сесії
Session Defaults,Стандарти сесії
Session Defaults Saved,Стандарти сесії збережено
Session Expired,Сесія закінчилася
Session Expiry,Час сесії вичерпано
Session Expiry (idle timeout),Завершення сесії (тайм-аут простою)
Session Expiry Mobile,Час вичерпання мобільної сесії
Session Expiry in Hours e.g. 06:00,"Час вичерпання сесії в годинах, наприклад, 6:00"
Session Expiry must be in format {0},Термін завершення сесії має бути у форматі {0}
Session Start Failed,Session Не вдається запустити
Sessions,Сесії
Set,Встановити
Set Banner from Image,Встановити банер із зображення
Set Chart,Встановити діаграму
"Set Default Options for all charts on this Dashboard (Ex: ""colors"": [""#d1d8dd"", ""#ff5858""])","Встановити параметри за замовчуванням для всіх діаграм на цій інформаційній панелі (Напр.: ""colors"": [""#d1d8dd"", ""#ff5858""])"
Set Dynamic Filters,Встановити динамічні фільтри
Set Filters,Встановити фільтри
Set Filters for {0},Встановити фільтри для {0}
Set Level,Встановити рівень
Set Limit,Встановити ліміт
Set Naming Series options on your transactions.,Встановити параметри серії іменування для ваших транзакцій.
Set New Password,Встановити новий пароль
Set Number of Backups,Встановити кількість резервних копій
Set Only Once,Встановити тільки один раз
Set Password,Встановити пароль
Set Permissions,Встановити дозволи
Set Permissions on Document Types and Roles,Встановити дозволу на типами документів і ролі
Set Properties,Встановити властивості
Set Property After Alert,Встановити властивість після сповіщення
Set Quantity,Встановити кількість
Set Role For,Встановити роль для
Set User Permissions,Встановити дозволи користувача
Set Value,Встановити значення
Set all private,Встановити все як приватне
Set all public,Встановити все як публічне
Set as Default,Встановити за замовчуванням
Set as Default Theme,Встановити як тему за замовчуванням
Set by user,Встановлено користувачем
Set custom roles for page and report,Набір для користувача ролей для сторінки і звіту
"Set default format, page size, print style etc.","Встановити формат, розмір сторінки, стиль друку і т.д. за замовчуванням"
Set dynamic filter values in JavaScript for the required fields here.,Встановіть динамічні значення фільтрів у JavaScript для необхідних полів тут.
Set non-standard precision for a Float or Currency field,Встановити нестандартну точність для поля типу Float або Currency
"Set non-standard precision for a Float, Currency or Percent field","Встановити нестандартну точність для поля типу Float, Currency або Percent"
Set numbering series for transactions.,Встановіть нумерації серії транзакцій.
Set only once,Встановити лише один раз
Set size in MB,Встановити розмір у МБ
Set to 0 for no limit on the number of backups taken,Встановіть 0 для обмеження кількості зроблених резервних копій
Set up rules for user assignments.,Встановіть правила для призначення користувачів.
Setting this Address Template as default as there is no other default,"Встановлення цього шаблону адреси як типового, оскільки інший типовий відсутній"
Setting up Global Search documents.,Налаштування документів глобального пошуку.
Setting up your system,Налаштування вашої системи
Settings,Налаштування
Settings Dropdown,Випадаюче меню налаштувань
Settings for About Us Page.,"Налаштування для сторінки ""Про нас""."
Settings for Contact Us Page,Налаштування сторінки «Зв'яжіться з нами»
Settings for Contact Us Page.,"Налаштування для сторінки ""Контакти"""
Settings for OAuth Provider,Налаштування для OAuth провайдера
Settings for the About Us Page,Налаштування сторінки «Про нас»
Setup,Налаштування
Setup > Customize Form,Налаштування > Налаштувати форму
Setup > User,Налаштування > Користувач
Setup > User Permissions,Налаштування > Права користувача
Setup Auto Email,Налаштувати автоматичне надсилання електронної пошти
Setup Complete,Налаштування завершено
Setup Notifications based on various criteria.,Налаштування сповіщень на основі різних критеріїв.
Setup Reports to be emailed at regular intervals,"Звіти по установці, щоб отримувати по електронній пошті через регулярні проміжки часу"
Setup Series for transactions,Налаштувати серію для транзакцій
Setup Wizard,Майстер установки
Setup failed,Налаштування не вдалося
"Setup of top navigation bar, footer and logo.","Налаштування верхної панелі навігації, нижнього колонтитулу і логотипу."
Share,Поділитися
Share URL,Надіслати URL-адресу
Share With,Поділитися з
Share this document with,Поділитися цим документом з
Share {0} with,Поділитися {0} з
Shared,Спільний доступ
Shared With,Оприлюднено для
Shared with everyone,Оприлюднено для усіх
Shared with the following Users with Read access:{0},Надано спільний доступ для читання таким користувачам:{0}
Shared with {0},Оприлюднено для {0}
Shipping,Доставка
Shipping Address,Адреса доставки
Shop,Магазин
Short Name,Коротке ім&#39;я
Short keyboard patterns are easy to guess,Короткі комбінації клавіш легко вгадати
Shortcuts,Ярлики
Show,Показати
Show Absolute Datetime in Timeline,Показати абсолютну дату й час на часовій шкалі
Show Absolute Values,Показати абсолютні значення
Show All,Показати все
Show Arrow,Показати стрілку
Show Attachments,Показати вкладення
Show Auth Server Metadata,Показати метадані сервера автентифікації
Show CTA in Blog,Показати заклик до дії в блозі
Show Calendar,Показати календар
Show Currency Symbol on Right Side,Показати символ валюти праворуч
Show Dashboard,Показати панель керування
Show Document,Показати документ
Show Error,Показати помилку
Show External Link Warning,Показати попередження про зовнішнє посилання
Show Failed Logs,Показати помилкові журнали
Show Fieldname (click to copy on clipboard),"Показати назву поля (натисніть, щоб скопіювати в буфер обміну)"
Show First Document Tour,Показати тур по першому документу
Show Form Tour,Показати тур по формі
Show Full Error and Allow Reporting of Issues to the Developer,Показати повну помилку та дозволити повідомлення розробнику
Show Full Form?,Показати повну форму?
Show Full Number,Показати повне число
Show Keyboard Shortcuts,Показати комбінації клавіш
Show Labels,Показати мітки
Show Language Picker,Показати вибір мови
Show Line Breaks after Sections,Показати розриви рядків після розділів
Show Links,Показати посилання
Show More Activity,Показати більше активності
Show Only Failed Logs,Показати лише журнали помилок
Show Percentage Stats,Показати статистику у відсотках
Show Permissions,Показати права доступу
Show Preview,Показати попередній перегляд
Show Preview Popup,Показати спливаюче вікно попереднього перегляду
Show Processlist,Показати список процесів
Show Protected Resource Metadata,Показати метадані захищеного ресурсу
Show Relapses,Показати Рецидиви
Show Related Errors,Показати пов'язані помилки
Show Report,Показати звіт
Show Section Headings,Показати заголовки розділів
Show Sidebar,Показати бічну панель
Show Social Login Key as Authorization Server,Показати ключ соціального входу як сервер авторизації
Show Tags,Показати теги
Show Title,Показати заголовок
Show Title in Link Fields,Показати заголовок у полях посилань
Show Totals,Показати підсумки
Show Tour,Показати тур
Show Traceback,Показати трасування
Show Values over Chart,Показати значення над діаграмою
Show Warnings,Показати попередження
Show Weekends,Показати вихідні
Show account deletion link in My Account page,Показати посилання для видалення облікового запису на сторінці «Мій обліковий запис»
Show all Versions,Показати всі версії
Show all activity,Показати всю активність
Show as Grid,Показати як сітку
Show as cc,Показати як копія
Show attachments,Показати вкладення
Show failed jobs,Показувати не вдалося робочих місць
Show footer on login,Показувати нижній колонтитул при вході
Show full form instead of a quick entry modal,Показувати повну форму замість модального вікна швидкого введення
Show in Module Section,Показати в розділі модуля
Show in Resource Metadata,Показати в метаданих ресурсу
Show in filter,Показати у фільтрі
Show link to document,Показати посилання на документ
Show list,Показати список
Show more details,Показати більше деталей
Show on Timeline,Показати на часовій шкалі
Show only errors,Показати лише помилки
Show percentage difference according to this time interval,Показати відсоткову різницю відповідно до цього часового інтервалу
Show sidebar,Показати бічну панель
"Show title in browser window as ""Prefix - title""","Показувати заголовок у вікні браузера як ""Префікс - заголовок"""
Show {0} List,Показати список {0}
Showing only Numeric fields from Report,Показуються лише числові поля зі звіту
Showing only first {0} rows out of {1},Показуються лише перші {0} рядків з {1}
Sidebar,Бічна панель
Sidebar Item Group,Група елементів бічної панелі
Sidebar Item Group Link,Посилання групи елементів бічної панелі
Sidebar Items,Елементи бічної панелі
Sidebar Settings,Налаштування бічної панелі
Sidebar and Comments,Бічна панель і коментарі
Sign Out,Вийти
Sign Up,Зареєструватися
Sign Up and Confirmation,Реєстрація та підтвердження
Sign Up is disabled,Реєстрація вимкнена
Sign up,Зареєструватися
Sign ups,Реєстрації
Signature,Підпис
Signup Disabled,Реєстрацію вимкнено
Signups have been disabled for this website.,Реєстрацію на цьому сайті вимкнено.
Sikkim,Сіккім
"Simple Python Expression, Example: <code class=""language-python"">status == ""Invalid""</code>","Простий вираз Python, Приклад: <code class=""language-python"">status == ""Invalid""</code>"
"Simple Python Expression, Example: <code class=""language-python"">status == 'Open' and issue_type == 'Bug'</code>","Простий вираз Python, Приклад: <code class=""language-python"">status == 'Open' and issue_type == 'Bug'</code>"
"Simple Python Expression, Example: <code class=""language-python"">status in (""Closed"", ""Cancelled"")</code>","Простий вираз Python, Приклад: <code class=""language-python"">status in (""Closed"", ""Cancelled"")</code>"
"Simple Python Expression, Example: Status in (""Closed"", ""Cancelled"")","Просте вираження Python, приклад: стан в (&quot;закрито&quot;, &quot;скасовано&quot;)"
"Simple Python Expression, Example: Status in (""Invalid"")","Просте вираження Python, Приклад: Статус у (&quot;Недійсний&quot;)"
"Simple Python Expression, Example: status == 'Open' and type == 'Bug'","Просте вираження Python, приклад: status == &#39;Open&#39; та введіть == &#39;Bug&#39;"
Simultaneous Sessions,Одночасні сесії
Single DocTypes cannot be customized.,Одиничні DocTypes не можна налаштовувати.
Single Post (article).,Одиночний пост (стаття).
Single Types have only one record no tables associated. Values are stored in tabSingles,Одиничні типи мають лише один запис без пов'язаних таблиць. Значення зберігаються в tabSingles
Site URL,URL-адреса сайту
"Site is running in read only mode for maintenance or site update, this action can not be performed right now. Please try again later.","Сайт працює в режимі лише для читання через технічне обслуговування або оновлення, цю дію зараз неможливо виконати. Будь ласка, спробуйте пізніше."
Sites,Сайти
Size,Розмір
Size (MB),Розмір (МБ)
Size exceeds the maximum allowed file size.,Розмір перевищує максимально допустимий розмір файлу.
Skip,Пропустити
Skip Authorization,Пропустити авторизацію
Skip Step,Пропустити крок
Skip rows with errors,Пропустити рядки з помилками
Skipped,Пропущено
Skipping Duplicate Column {0},Пропуск дублікату стовпця {0}
Skipping Untitled Column,Пропуск стовпця без назви
Skipping column {0},Пропуск стовпця {0}
Skipping fixture syncing for doctype {0} from file {1},Пропуск синхронізації fixture для doctype {0} з файлу {1}
"Skipping {0} of {1}, {2}","Пропуск {0} з {1}, {2}"
Skype,Skype
Slack,Slack
Slack Channel,Канал Slack
Slack Webhook Error,Помилка вебхука Slack
Slack Webhook URL,URL вебхука Slack
Slack Webhooks for internal integration,Слабо Webhooks для внутрішньої інтеграції
Slideshow,Слайдшоу
Slideshow Items,Елементи слайдшоу
Slideshow Name,Назва слайдшоу
Slideshow like display for the website,Відображення у вигляді слайдшоу для веб-сайту
Slug,Слаг
Small Text,Малий текст
Smallest Currency Fraction Value,Найменше дробове значення валюти
Smallest circulating fraction unit (coin). For e.g. 1 cent for USD and it should be entered as 0.01,"Найменша обігова дробова одиниця (монета). Наприклад, 1 цент для USD і слід вводити як 0.01"
Snapshot View,Знімок Подивитися
Snippet and more variables:  {0},Фрагмент та інші змінні: {0}
Social,Соціальний
Social Home,Соціальний дім
Social Link Settings,Налаштування соціальних посилань
Social Link Type,Тип соціального посилання
Social Login Key,Ключ соціального входу
Social Login Provider,Постачальник соціального входу
Social Logins,Соціальні входи
SocketIO Ping Check,Перевірка пінгу SocketIO
SocketIO Transport Mode,Режим транспорту SocketIO
Socketio is not connected. Cannot upload,Socketio не підключено. Не вдається завантажити
Soft-Bounced,М'яке відхилення
Software ID,Ідентифікатор програмного забезпечення
Software Version,Версія програмного забезпечення
Solid,Суцільний
Some columns might get cut off when printing to PDF. Try to keep number of columns under 10.,Деякі стовпці можуть бути обрізані під час друку в PDF. Намагайтеся тримати кількість стовпців менше 10.
"Some mailboxes require a different Sent Folder Name e.g. ""INBOX.Sent""","Деякі поштові скриньки вимагають іншої назви папки «Надіслані», наприклад ""INBOX.Sent"""
Some of the features might not work in your browser. Please update your browser to the latest version.,"Деякі функції можуть не працювати у вашому браузері. Будь ласка, оновіть браузер до останньої версії."
Something went wrong,Щось пішло не так
Something went wrong during the token generation. Click on {0} to generate a new one.,"Під час генерації токена сталася помилка. Натисніть {0}, щоб згенерувати новий."
Something went wrong while generating dropbox access token. Please check error log for more details.,"Щось пішло не так при створенні маркерів доступу Dropbox. Будь ласка, перевірте журнал помилок для отримання більш докладної інформації."
"Something went wrong while loading Desk. <b>Please relaod the page</b>. If the problem persists, contact the Administrator","Щось пішло не так під час завантаження Desk. <b>Будь ласка, перекодуйте сторінку</b> . Якщо проблема не зникне, зв’яжіться з адміністратором"
Something went wrong while saving customizations,Під час збереження налаштувань сталася помилка
Something went wrong.,Щось пішло не так.
Sorry! I could not find what you were looking for.,"Вибачте! Не вдалося знайти те, що ви шукали."
Sorry! Sharing with Website User is prohibited.,"Вибачте, оприлюднення для  користувача веб-сайту забороняється."
Sorry! User should have complete access to their own record.,Вибачте! Користувач повинен мати повний доступ до свого запису.
Sorry! You are not permitted to view this page.,Вибачте! У вас немає дозволу на перегляд цієї сторінки.
"Sorry, you're not authorized.","Вибачте, ви не авторизовані."
Sort Ascending,Сортувати за зростанням
Sort Descending,Сортувати за спаданням
Sort Field,Поле сортування
Sort Options,Параметри сортування
Sort Order,Порядок сортування
Sort field {0} must be a valid fieldname,Поле сортування {0} повинно бути допустимою назвою поля
Source,Джерело
Source Code,Вихідний код
Source Field,Поле джерела
Source Message,Повідомлення джерела
Source Name,Назва джерела
Source Text,Вихідний текст
Spacer,Роздільник
Spam,Спам
SparkPost,SparkPost
Spawns actions in a background job,Виконує дії у фоновому завданні
Special Characters are not allowed,Спеціальні символи не дозволені
"Special Characters except '-', '#', '.', '/', '{{' and '}}' not allowed in naming series {0}","Спеціальні символи, крім '-', '#', '.', '/', '{{' та '}}', не дозволені в серії найменувань {0}"
"Specify a custom timeout, default timeout is 1500 seconds",Вкажіть власний час очікування; стандартний час очікування — 1500 секунд
"Specify the domains or origins that are permitted to embed this form. Enter one domain per line (e.g., https://example.com). If no domains are specified, the form can only be embedded on the same origin.","Вкажіть домени або джерела, яким дозволено вбудовувати цю форму. Введіть один домен на рядок (наприклад, https://example.com). Якщо домени не вказані, форму можна вбудовувати лише на тому ж джерелі."
Splash Image,Заставка
Sr,№
Sr No.,Порядковий №
Stack Trace,Трасування стека
Staging,Постановка
Standard,Стандартний
Standard DocType can not be deleted.,Стандартний DocType не може бути видалений.
"Standard DocType cannot have default print format, use Customize Form","Стандартний DocType не може мати формат друку за замовчуванням, використовуйте «Налаштувати форму»"
Standard Not Set,Стандарт не встановлено
Standard Permissions,Стандартні дозволи
Standard Print Format cannot be updated,Стандартний формат друку не може бути оновлений
Standard Print Style cannot be changed. Please duplicate to edit.,"Стандартний стиль друку не можна змінити. Будь ласка, створіть копію для редагування."
Standard Reports,Стандартні звіти
Standard Reports cannot be deleted,Стандартні звіти не можна видаляти
Standard Reports cannot be edited,Стандартні звіти не можна редагувати
Standard Sidebar Menu,Стандартне бічне меню
"Standard Web Forms can not be modified, duplicate the Web Form instead.","Стандартні веб-форми не можна змінювати, натомість створіть копію веб-форми."
Standard rich text editor with controls,Стандартний редактор форматованого тексту з елементами керування
Standard roles cannot be disabled,Стандартні ролі не можна вимкнути
Standard roles cannot be renamed,Стандартні ролі не можна перейменувати
Standard user type {0} can not be deleted.,Стандартний тип користувача {0} не може бути видалений.
Standings,Турнірна таблиця
Start,Початок
Start Date,Дата початку
Start Date Field,Поле дати початку
Start Import,Почати імпорт
Start Recording,Почати запис
Start Time,Час початку
Start a conversation.,Почніть бесіду.
Start a new discussion,Розпочати нове обговорення
Start entering data below this line,Починайте вводити дані нижче цього рядка
Start new Format,Новий формат
StartTLS,StartTLS
Started,Розпочато
Started At,Розпочато о
Starting Frappe ...,Запуск Frappe ...
Starts on,Починається
State,Штат/Область
State Properties,Властивості стану
State/Province,Штат/Провінція
States,Стани
"States for workflow (e.g. Draft, Approved, Cancelled).","Стани для робочого процесу (наприклад, Чернетка, Затверджений, Скасований)."
Static Parameters,Статичні параметри
Statistics,Статистика
Stats,Статистика
Stats Time Interval,Часовий інтервал статистики
Stats based on last month's performance (from {0} to {1}),Статистика на основі результатів минулого місяця (від {0} до {1})
Stats based on last week's performance (from {0} to {1}),Статистика на основі результативності минулого тижня (від {0} до {1})
Status,Статус
Status Updated,Статус оновлено
Status Updated. The email will be picked up in the next scheduled run.,Статус оновлено. Електронний лист буде оброблено під час наступного запланованого запуску.
Status: {0},Статус: {0}
Step,Крок
Steps,Кроки
Steps to verify your login,Кроки для підтвердження входу
Sticky,Закріплений
Stop,Зупинити
Stopped,Зупинено
Storage Usage (MB),Використання сховища (МБ)
Storage Usage By Table,Використання сховища за таблицями
Store Attached PDF Document,Зберегти прикріплений PDF-документ
Store the API secret securely. It won't be displayed again.,Зберігайте секрет API в надійному місці. Він більше не буде відображатися.
Stores the JSON of last known versions of various installed apps. It is used to show release notes.,Зберігає JSON останніх відомих версій різних встановлених застосунків. Використовується для відображення приміток до випуску.
Stores the datetime when the last reset password key was generated.,Зберігає дату і час генерації останнього ключа скидання пароля.
Straight rows of keys are easy to guess,Рядки клавіш підряд легко вгадати
Strip EXIF tags from uploaded images,Видаляти EXIF-теги із завантажених зображень
Stripe Settings,налаштування нашивки
Stripe payment gateway settings,Налаштування оплати шлюзу нашивки
Strong,Жирний
Style,Стиль
Style Settings,Налаштування стилю
"Style represents the button color: Success - Green, Danger - Red, Inverse - Black, Primary - Dark Blue, Info - Light Blue, Warning - Orange","Стиль визначає колір кнопки: Success - зелений, Danger - червоний, Inverse - чорний, Primary - темно-синій, Info - блакитний, Warning - помаранчевий"
Stylesheet,Таблиця стилів
Stylesheets for Print Formats,Таблиці стилів для форматів друку
"Sub-currency. For e.g. ""Cent""","Підвалюта. Наприклад, ""Копійка"""
Sub-domain provided by erpnext.com,"Піддомен, наданий erpnext.com"
Subdomain,Піддомен
Subject,Тема
Subject Field,Поле теми
"Subject Field type should be Data, Text, Long Text, Small Text, Text Editor","Тип поля теми має бути: Дані, Текст, Довгий текст, Короткий текст, Текстовий редактор"
Submission Queue,Черга подань
Submit,Провести
Submit After Import,Провести після імпорту
Submit after importing,Надіслати після імпортування
Submit an Issue,Подати звернення
Submit another response,Надіслати ще одну відповідь
Submit button label,Мітка кнопки підтвердження
Submit on Creation,Провести при створенні
Submit this document to complete this step.,"Проведіть цей документ, щоб завершити цей крок."
Submit this document to confirm,Проведіть цей документ для підтвердження
Submit {0} documents?,Провести {0} документів?
Submitted,Проведено
Submitted Document cannot be converted back to draft. Transition row {0},Проведений документ неможливо перетворити назад у чернетку. Рядок переходу {0}
Submitted document cannot be converted back to draft while transitioning from <b>{0} State</b> to <b>{1} State</b>,Проведений документ неможливо перетворити назад у чернетку під час переходу з <b>{0} стану</b> до <b>{1} стану</b>
Submitting,Проведення
Submitting {0},Проведення {0}
Submitting...,Подання ...
Subscription Notification,Сповіщення про підписку
Subsidiary,Дочірня компанія
Subtitle,Підзаголовок
Subtle,Ненав'язливий
Success,Успіх
Success Action,Дія при успіху
Success Message,Повідомлення про успіх
Success URI,URI успіху
Success URL,URL успіху
Success message,Повідомлення про успіх
Success title,Заголовок успіху
Success! You are good to go 👍,Успіху! Вам добре піти 👍
Successful Job Count,Кількість успішних завдань
Successful Transactions,Успішні транзакції
Successful: {0} to {1},Успішно: {0} до {1}
Successfully Done,Успішно виконано
Successfully Submitted!,Успішно подано!
Successfully Updated,Успішно оновлено
Successfully imported {0},Успішно імпортовано {0}
Successfully imported {0} out of {1} records.,Успішно імпортовано {0} із {1} записів.
"Successfully imported {0} record out of {1}. Click on Export Errored Rows, fix the errors and import again.","Успішно імпортовано {0} запис із {1}. Клацніть на Експорт помилкових рядків, виправте помилки та імпортуйте знову."
Successfully imported {0} record.,Запис імпортовано {0}.
"Successfully imported {0} records out of {1}. Click on Export Errored Rows, fix the errors and import again.","Успішно імпортовано {0} записів із {1}. Клацніть на Експорт помилкових рядків, виправте помилки та імпортуйте знову."
Successfully imported {0} records.,{0} записів успішно імпортовано.
Successfully reset onboarding status for all users.,Статус адаптації для всіх користувачів успішно скинуто.
Successfully signed out,Успішно вийдено з системи
Successfully updated translations,Переклади успішно оновлено
Successfully updated {0},Успішно оновлено {0}
Successfully updated {0} out of {1} records.,Успішно оновлено {0} із {1} записів.
"Successfully updated {0} record out of {1}. Click on Export Errored Rows, fix the errors and import again.","Успішно оновлено {0} запис із {1}. Клацніть на Експорт помилкових рядків, виправте помилки та імпортуйте знову."
Successfully updated {0} record.,Запис {0} успішно оновлено.
"Successfully updated {0} records out of {1}. Click on Export Errored Rows, fix the errors and import again.","Успішно оновлено {0} записів із {1}. Клацніть на Експорт помилкових рядків, виправте помилки та імпортуйте знову."
Successfully updated {0} records.,{0} записів успішно оновлено.
Suggest Optimizations,Запропонувати оптимізації
Suggested Indexes,Запропоновані індекси
Suggested Username: {0},Запропоноване ім'я користувача: {0}
Sum,Сума
Sum of {0},Сума {0}
Summary,Зведення
Sunday,Неділя
Support Email Address Not Specified,Адреса електронної пошти підтримки не вказана
Suspend Sending,Призупинити надсилання
Switch Camera,Перемкнути камеру
Switch Theme,Змінити тему
Switch To Desk,Перейти до робочого столу
Switching Camera,Перемикання камери
Symbol,Символ
Sync,Синхронізація
Sync Calendar,Синхронізувати календар
Sync Contacts,Синхронізувати контакти
Sync events from Google as public,Синхронізувати події з Google як публічні
Sync on Migrate,Синхронізувати під час міграції
"Sync token was invalid and has been reset, Retry syncing.",Токен синхронізації був недійсним і був скинутий. Повторіть синхронізацію.
"Sync token was invalid and has been resetted, Retry syncing.",Маркер синхронізації був недійсним і його було скинуто. Повторіть спробу синхронізації.
Sync with Google Calendar,Синхронізувати з Google Календарем
Sync with Google Contacts,Синхронізувати з Google Контактами
Sync {0} Fields,Синхронізувати поля {0}
Synced,Синхронізовано
Synced Fields,Синхронізовані поля
Syncing,Синхронізація
Syncing {0} of {1},Синхронізація {0} з {1}
Syntax Error,Синтаксична помилка
Syntax error in template,Синтаксична помилка в шаблоні
System,Система
System Console,Системна консоль
System Generated Fields can not be renamed,Системні поля не можна перейменовувати
System Health,Стан системи
System Health Report,Звіт про стан системи
System Health Report Errors,Помилки звіту про стан системи
System Health Report Failing Jobs,Збійні завдання у звіті про стан системи
System Health Report Queue,Черга звіту про стан системи
System Health Report Tables,Таблиці звіту про стан системи
System Health Report Workers,Робочі процеси звіту про стан системи
System Logs,Системні журнали
System Manager,Системний менеджер
System Manager privileges required.,Необхідні привілеї системного менеджера.
System Notification,Системне сповіщення
System Page,Системна сторінка
System Settings,Системні налаштування
System User,Системний користувач
System Users,Системні користувачі
System and Website Users,Системні користувачі і користувачі веб-сайту
System managers are allowed by default,Системні менеджери дозволені за замовчуванням
System will automatically delete Prepared Reports after these many days since creation,Система автоматично видалить підготовлені звіти через стільки днів після створення
T,Т
TOS URI,URI умов використання
Tab,Вкладка
Tab Break,Розрив вкладки
Tab Label,Мітка вкладки
Table,Таблиця
Table Break,Розрив таблиці
Table Field,Поле таблиці
Table Fieldname,Назва поля таблиці
Table Fieldname Missing,Відсутня назва поля таблиці
Table HTML,HTML таблиці
Table MultiSelect,Множинний вибір у таблиці
"Table MultiSelect requires a table with at least one Link field, but none was found in {0}","Множинний вибір у таблиці потребує таблиці принаймні з одним полем посилання, але його не знайдено у {0}"
Table Trimmed,Таблицю скорочено
Table updated,Таблицю оновлено
Table {0} cannot be empty,Таблиця {0} не може бути порожньою
Tabloid,Таблоїд
Tag,Тег
Tag Link,Посилання тегу
Tags,Теги
Take Backup,Візьміть резервну копію
Take Backup Now,Take Backup Now
Take Photo,Зробити фото
Tamil Nadu,Тамілнад
Target,Ціль
Task,Завдання
Tasks,Завдання
Tax Category,Податкова категорія
Team Members,Члени команди
Team Members Heading,Заголовок членів команди
Team Members Subtitle,Підзаголовок членів команди
Telangana,Телангана
Telemetry,Телеметрія
Template,Шаблон
Template Error,Помилка шаблону
Template File,Файл шаблону
Template Name,Назва шаблону
Template Options,Параметри шаблону
Template Type,Тип шаблону
Template Warnings,Попередження шаблону
Templates,Шаблони
Temporarily Disabled,Тимчасово вимкнено
Test,Тест
Test Data,Тестові дані
Test Email Address,Тест E-mail адреса
Test Job ID,ID тестового завдання
Test Runner,Тест Runner
Test Spanish,Тест іспанської
Test email sent to {0},Тестовий електронний лист надіслано на адресу {0}
Test_Folder,Тестова_папка
Testing,Тестування
Text,Текст
Text Align,Вирівнювання тексту
Text Color,Колір тексту
Text Content,Текстовий вміст
Text Editor,Текстовий редактор
Text to be displayed for Link to Web Page if this form has a web page. Link route will be automatically generated based on `page_name` and `parent_website_route`,"Текст, відображений протягом Посилання на веб-сторінку, якщо ця форма має веб-сторінку. Маршрут Посилання буде автоматично генерується на основі `` page_name` і parent_website_route`"
Thank you,Дякуємо
Thank you for spending your valuable time to fill this form,"Дякуємо, що витратили свій дорогоцінний час на заповнення цієї форми"
Thank you for your email,Дякуємо за ваш лист
Thank you for your feedback!,Дякуємо за ваш відгук!
Thank you for your interest in subscribing to our updates,Дякуємо за вашу зацікавленість у новинах проекту
Thank you for your message,Дякуємо за ваше повідомлення
Thanks,Дякуємо
The Auto Repeat for this document has been disabled.,Автоповтор для цього документа вимкнено.
The CSV format is case sensitive,Формат CSV враховує регістр
The Condition '{0}' is invalid,Умова '{0}' є недійсною
The File URL you've entered is incorrect,"URL-адреса файлу, яку ви ввели, є невірною"
The First User: You,Перший користувач: Ви
The Link specified has either been used before or Invalid,Вказане посилання було використано раніше або недійсне
The Next Scheduled Date cannot be later than the End Date.,Наступна запланована дата не може бути пізніше кінцевої дати.
The Push Relay Server URL key (`push_relay_server_url`) is missing in your site config,Ключ URL Push Relay сервера (`push_relay_server_url`) відсутній у конфігурації вашого сайту
The User record for this request has been auto-deleted due to inactivity by system admins.,Запис користувача для цього запиту було автоматично видалено через неактивність системними адміністраторами.
"The application has been updated to a new version, please refresh this page","Програму оновлено до нової версії, будь ласка, оновіть цю сторінку"
The application name will be used in the Login page.,Назва програми буде використана на сторінці входу.
The attachments could not be correctly linked to the new document,Вкладення не вдалося правильно прив'язати до нового документа
The changes have been reverted.,Зміни скасовано.
The column {0} has {1} different date formats. Automatically setting {2} as the default format as it is the most common. Please change other values in this column to this format.,"Стовпець {0} має {1} різних форматів дати. Автоматично встановлено {2} як формат за замовчуванням, оскільки він найпоширеніший. Будь ласка, змініть інші значення в цьому стовпці до цього формату."
The comment cannot be empty,Коментар не може бути порожнім
The contents of this email are strictly confidential. Please do not forward this email to anyone.,"Вміст цього листа є суворо конфіденційним. Будь ласка, не пересилайте цей лист нікому."
The count shown is an estimated count. Click here to see the accurate count.,"Показана кількість є приблизною. Натисніть тут, щоб побачити точну кількість."
The country's ISO 3166 ALPHA-2 code.,Код країни за ISO 3166 ALPHA-2.
The document could not be correctly assigned,Документ не вдалося правильно призначити
The document has been assigned to {0},Документ призначено {0}
"The document type selected is a child table, so the parent document type is required.","Вибраний тип документа є дочірньою таблицею, тому необхідно вказати батьківський тип документа."
The email button is enabled for the user in the document.,Кнопка електронної пошти увімкнена для користувача в документі.
The field {0} in {1} does not allow ignoring user permissions,Поле {0} в {1} не дозволяє ігнорувати дозволи користувача
The field {0} in {1} links to {2} and not {3},"Поле {0} в {1} посилається на {2}, а не на {3}"
The field {0} is mandatory,Поле {0} є обов'язковим
The fieldname you've specified in Attached To Field is invalid,"Назва поля, вказана в полі «Прикріплено до», є недійсною"
The first user will become the System Manager (you can change this later).,Перший користувач стане System Manager (ви можете змінити це пізніше).
The following Assignment Days have been repeated: {0},Наступні дні призначення повторюються: {0}
The following Header Script will add the current date to an element in 'Header HTML' with class 'header-content',Наступний сценарій заголовка додасть поточну дату до елемента в «Заголовку HTML» з класом 'header-content'
The following records needs to be created before we can import your file.,"Наступні записи потрібно створити, перш ніж ми зможемо імпортувати ваш файл."
The following values are invalid: {0}. Values must be one of {1},Наступні значення є недійсними: {0}. Значення мають бути одним із {1}
The following values do not exist for {0}: {1},Наступні значення не існують для {0}: {1}
The limit has not set for the user type {0} in the site config file.,Ліміт для типу користувача {0} не встановлено у файлі конфігурації сайту.
The link will expire in {0} minutes,Посилання закінчиться через {0} хвилин
The link you trying to login is invalid or expired.,"Посилання, за яким ви намагаєтеся увійти, є недійсним або застарілим."
The mapping configuration between two doctypes.,Конфігурація відображення між двома доктипами.
"The meta description is an HTML attribute that provides a brief summary of a web page. Search engines such as Google often display the meta description in search results, which can influence click-through rates.","Мета-опис — це атрибут HTML, який надає короткий опис веб-сторінки. Пошукові системи, такі як Google, часто відображають мета-опис у результатах пошуку, що може впливати на показник кліків."
"The meta image is unique image representing the content of the page. Images for this Card should be at least 280px in width, and at least 150px in height.","Мета-зображення — це унікальне зображення, що представляє вміст сторінки. Зображення для цієї картки мають бути не менше 280 пікселів у ширину та не менше 150 пікселів у висоту."
The name that will appear in Google Calendar,"Ім'я, яке відображатиметься в Google Календарі"
The next tour will start from where the user left off.,"Наступна екскурсія розпочнеться з того місця, де зупинився користувач."
The number of seconds until the request expires,Кількість секунд до закінчення терміну дії запиту
The page you are looking for is missing. This could be because it is moved or there is a typo in the link.,"Сторінка, яку ви шукаєте, відсутня. Можливо, вона була переміщена або у посиланні є помилка."
The password of your account has expired.,Термін дії пароля вашого облікового запису закінчився.
The print button is enabled for the user in the document.,Кнопка друку увімкнена для користувача в документі.
The process for deletion of {0} data associated with {1} has been initiated.,"Розпочато процес видалення даних {0}, пов'язаних з {1}."
The report you requested has been generated.<br><br>Click here to download:<br><a href='{0}'>{0}</a><br><br>This link will expire in {1} hours.,Запитаний вами звіт було сформовано.<br><br>Натисніть тут для завантаження:<br><a href='{0}'>{0}</a><br><br>Це посилання закінчиться через {1} годин.
The reset password link has been expired,Термін дії посилання для скидання пароля закінчився
The reset password link has either been used before or is invalid,Посилання для скидання пароля вже було використано або є недійсним
The resource you are looking for is not available,"Ресурс, який ви шукаєте, недоступний"
The role {0} should be a custom role.,Роль {0} має бути користувацькою роллю.
The selected document {0} is not a {1}.,Вибраний документ {0} не є {1}.
The site which is consuming your events.,"Сайт, який споживає ваші події."
The site you want to subscribe to for consuming events.,"Веб-сайт, на який ви хочете підписатися для споживання подій."
The system is being updated. Please refresh again after a few moments.,"Система оновлюється. Будь ласка, оновіть сторінку через кілька хвилин."
The system provides many pre-defined roles. You can add new roles to set finer permissions.,Система надає багато попередньо визначених ролей. Ви можете додавати нові ролі для налаштування більш детальних дозволів.
The total number of user document types limit has been crossed.,Перевищено загальний ліміт типів документів користувача.
The user can create a new Item but cannot edit existing items.,"Користувач може створювати нові елементи, але не може редагувати існуючі."
The user can delete Draft / Cancelled documents.,Користувач може видаляти чернеткові / скасовані документи.
The user can export report data.,Користувач може експортувати дані звіту.
The user can import new records or update existing data for the document.,Користувач може імпортувати нові записи або оновлювати існуючі дані для документа.
The user can select a Customer in Sales Order but cannot open the Customer master.,"Користувач може вибрати клієнта в замовленні на продаж, але не може відкрити картку клієнта."
The user can share document access with another user.,Користувач може надавати іншому користувачу доступ до документа.
The user can update a customer or any other fields in an existing Sales Order but cannot create a new Sales Order.,"Користувач може оновлювати клієнта або будь-які інші поля в існуючому замовленні на продаж, але не може створювати нове замовлення на продаж."
The user can view Sales Invoices but cannot modify any field values in them.,"Користувач може переглядати рахунки-фактури з продажу, але не може змінювати будь-які значення полів у них."
The user from this field will be rewarded points,Користувач з цього поля отримає бали
"The value of the field {0} is too long in the {1} document. To resolve this issue, please reduce the value length or change the {0} field Type to Long Text using customize form, and then try again.","Значення поля {0} занадто довге в документі {1}. Щоб вирішити цю проблему, зменшіть довжину значення або змініть тип поля {0} на «Довгий текст» за допомогою налаштування форми, а потім спробуйте знову."
The value you pasted was {0} characters long. Max allowed characters is {1}.,Вставлене вами значення містить {0} символів. Максимально дозволена кількість символів: {1}.
The webhook will be triggered if this expression is true,"Вебхук спрацює, якщо цей вираз є істинним"
The {0} is already on auto repeat {1},{0} вже налаштовано на автоповтор {1}
Theme,Тема
Theme Changed,Тему змінено
Theme Configuration,Конфігурація теми
Theme URL,URL теми
There are documents which have workflow states that do not exist in this Workflow. It is recommended that you add these states to the Workflow and change their states before removing these states.,"Існують документи, які мають стани робочого процесу, що не існують у цьому робочому процесі. Рекомендується додати ці стани до робочого процесу та змінити їх стан перед видаленням цих станів."
There are no upcoming events for you.,У вас немає запланованих подій.
"There are no {0} for this {1}, why don't you start one!","Немає {0} для цього {1}, чому б вам не створити один!"
There are some linked records which needs to be created before we can import your file. Do you want to create the following missing records automatically?,"Є кілька пов&#39;язаних записів, які потрібно створити, перш ніж ми зможемо імпортувати ваш файл. Ви хочете автоматично створити такі відсутні записи?"
There are {0} with the same filters already in the queue:,У черзі вже є {0} з такими самими фільтрами:
There can be only 9 Page Break fields in a Web Form,У веб-формі може бути не більше 9 полів розриву сторінки
There can be only one Fold in a form,У формі може бути лише один згин
There is an error in your Address Template {0},У вашому шаблоні адреси є помилка {0}
There is no data to be exported,Немає даних для експорту
"There is no task called ""{}""","Немає завдання з назвою ""{}"""
There is nothing new to show you right now.,Зараз немає нічого нового для відображення.
There is some problem with the file url: {0},Є проблема з URL файлу: {0}
There is {0} with the same filters already in the queue:,У черзі вже є {0} з такими самими фільтрами:
There must be atleast one permission rule.,Має бути принаймні одне правило дозволу.
"There seems to be an issue with the server's braintree configuration. Don't worry, in case of failure, the amount will get refunded to your account.","Здається, існує проблема з конфігурацією браунтів сервера. Не хвилюйтеся, у випадку невдачі сума повернеться на ваш рахунок."
There should be atleast one row for the following tables: {0},Для наступних таблиць має бути принаймні один рядок: {0}
There should be atleast one row for {0} table,Має бути принаймні один рядок для таблиці {0}
There should remain at least one System Manager,Там повинно залишатися принаймні один диспетчер
There was an error building this page,Під час побудови цієї сторінки сталася помилка
There was an error saving filters,Під час збереження фільтрів сталася помилка
There were errors,Виникли помилки
There were errors while creating the document. Please try again.,"Під час створення документа виникли помилки. Будь ласка, спробуйте ще раз."
There were errors while sending email. Please try again.,"Під час надсилання електронного листа виникли помилки. Будь ласка, спробуйте ще раз."
"There were some errors setting the name, please contact the administrator","Під час встановлення імені виникли деякі помилки, зверніться до адміністратора"
These announcements will appear inside a dismissible alert below the Navbar.,Ці оголошення відображатимуться у відхиляємому попередженні під навігаційною панеллю.
"These fields are used to provide resource server metadata to clients querying the ""well known protected resource"" end point.","Ці поля використовуються для надання метаданих сервера ресурсів клієнтам, які запитують кінцеву точку «загальновідомого захищеного ресурсу»."
These settings are required if 'Custom' LDAP Directory is used,"Ці налаштування необхідні, якщо використовується «Користувацький» каталог LDAP"
These values will be automatically updated in transactions and also will be useful to restrict permissions for this user on transactions containing these values.,"Ці значення будуть автоматично оновлюватися в транзакціях, а також будуть корисні для обмеження дозволів цього користувача на транзакції, що містять ці значення."
Third Party Apps,Сторонні застосунки
Third Party Authentication,Стороння автентифікація
This Currency is disabled. Enable to use in transactions,Цю валюту вимкнено. Увімкніть для використання в транзакціях
This Kanban Board will be private,Ця дошка Kanban буде приватною
This Month,Цього місяця
This PDF cannot be uploaded as it contains unsafe content.,"Цей PDF не може бути завантажений, оскільки містить небезпечний вміст."
This Quarter,Цей квартал
This Week,Цього тижня
This Year,Цього року
This action is irreversible. Do you wish to continue?,Ця дія є незворотною. Бажаєте продовжити?
This action is only allowed for {},Ця дія дозволена лише для {}
This cannot be undone,Це неможливо скасувати
This card is visible only to Administrator and System Managers by default. Set a DocType to share with users who have read access.,"За замовчуванням ця картка видима лише адміністратору та системним менеджерам. Встановіть DocType для спільного доступу з користувачами, які мають право на читання."
This card will be available to all Users if this is set,"Ця картка буде доступна всім користувачам, якщо це налаштовано"
This chart will be available to all Users if this is set,"Цей графік буде доступний всім користувачам, якщо це налаштовано"
This doctype has no orphan fields to trim,Цей тип документа не має осиротілих полів для видалення
"This doctype has pending migrations, run 'bench migrate' before modifying the doctype to avoid losing changes.","Цей тип документа має незавершені міграції. Запустіть 'bench migrate' перед змінами, щоб уникнути втрати змін."
This document can not be deleted right now as it's being modified by another user. Please try again after some time.,"Цей документ наразі не можна видалити, оскільки його редагує інший користувач. Спробуйте ще раз пізніше."
This document cannot be reverted,Цей документ неможливо повернути
This document has already been queued for submission. You can track the progress over {0}.,Цей документ вже поставлено в чергу на подання. Ви можете відстежувати прогрес через {0}.
This document has been modified after the email was sent.,Цей документ було змінено після відправлення листа.
This document has been reverted,Цей документ було повернено
This document has unsaved changes which might not appear in final PDF. <br> Consider saving the document before printing.,"Цей документ має незбережені зміни, які можуть не відображатися у фінальному PDF. <br> Рекомендується зберегти документ перед друком."
"This document is already amended, you cannot ammend it again","Цей документ вже виправлено, ви не можете виправити його повторно"
This document is currently locked and queued for execution. Please try again after some time.,Цей документ наразі заблоковано та поставлено в чергу на виконання. Спробуйте ще раз пізніше.
This document is currently queued for execution. Please try again,Цей документ в даний час в чергу на виконання. Будь ласка спробуйте ще раз
This email is autogenerated,Цей лист згенеровано автоматично
This email was sent to {0},Цей лист був відправлений на адресу {0}
This email was sent to {0} and copied to {1},Цей лист був відправлений на адресу {0} і скопіювати в {1}
This feature is brand new and still experimental,Ця функція зовсім нова і ще є експериментальною
This field will appear only if the fieldname defined here has value OR the rules are true (examples):\nmyfield\neval:doc.myfield=='My Value'\neval:doc.age&gt;18,"Це поле з&#39;являється тільки в разі, якщо ім&#39;я_поля визначено тут має значення чи правила є істинними (приклади): MyField Eval: doc.myfield == &#39;My Value&#39; Eval: doc.age&gt; 18"
This file is attached to a protected document and cannot be deleted.,Цей файл прикріплено до захищеного документа і не може бути видалений.
"This file is public and can be accessed by anyone, even without logging in. Mark it private to limit access.","Цей файл є публічним і доступний будь-кому, навіть без входу в систему. Позначте його як приватний для обмеження доступу."
This file is public. It can be accessed without authentication.,Цей файл є публічним. До нього можна отримати доступ без аутентифікації.
This form does not have any input,Ця форма не має можливостей вводу даних
This form has been modified after you have loaded it,"Цю форму було змінено після того, як ви її завантажили"
This form is not editable due to a Workflow.,Ця форма не редагується через робочий процес.
This format is used if country specific format is not found,"Цей формат використовується, якщо формат для конкретної країни не знайдено"
This geolocation provider is not supported yet.,Цей постачальник геолокації ще не підтримується.
This goes above the slideshow.,Це розміщується над слайдшоу.
This is a background report. Please set the appropriate filters and then generate a new one.,"Це фоновий звіт. Будь ласка, встановіть відповідні фільтри, а потім згенеруйте новий."
This is a top-10 common password.,Це один з 10 найпоширеніших паролів.
This is a top-100 common password.,Це один з 100 найпоширеніших паролів.
This is a very common password.,Це дуже поширений пароль.
This is a virtual doctype and data is cleared periodically.,"Це віртуальний тип документа, і дані очищаються періодично."
This is an automatically generated reply,Це автоматично згенерована відповідь
This is an example Google SERP Preview.,Це приклад Google SERP Preview.
This is similar to a commonly used password.,Це схоже на широко використовуваний пароль.
This is the number of the last created transaction with this prefix,Це номер останньої створеної транзакції з цим префіксом
This is the template file generated with only the rows having some error. You should use this file for correction and import.,"Це файл шаблону, згенерований лише з рядками, що мають певну помилку. Ви повинні використовувати цей файл для виправлення та імпорту."
This link has already been activated for verification.,Це посилання вже активовано для перевірки.
This link is invalid or expired. Please make sure you have pasted correctly.,"Це посилання недійсне або застаріло. Переконайтеся, що ви вставили його правильно."
This may get printed on multiple pages,Це може бути надруковано на кількох сторінках
This month,Цього місяця
This query style is discontinued,Цей стиль запиту припиняється
"This report contains {0} rows and is too big to display in browser, you can {1} this report instead.",Цей звіт містить {0} рядків і є занадто великим для відображення в браузері. Натомість ви можете {1} цей звіт.
This report was generated on {0},Цей звіт було згенеровано {0}
This report was generated {0}.,Цей звіт було згенеровано {0}.
This request has not yet been approved by the user.,Цей запит ще не затверджено користувачем.
This role update User Permissions for a user,Це оновлення роль права користувачів для користувача
"This site is in read only mode, full functionality will be restored soon.","Цей сайт перебуває в режимі лише для читання, повна функціональність буде відновлена незабаром."
This site is running in developer mode. Any change made here will be updated in code.,"Цей сайт працює в режимі розробника. Будь-які зміни, зроблені тут, будуть оновлені в коді."
This software is built on top of many open source packages.,Це програмне забезпечення побудовано на основі багатьох пакетів з відкритим вихідним кодом.
This title will be used as the title of the webpage as well as in meta tags,"Цей заголовок використовуватиметься як заголовок веб-сторінки, а також у мета-тегах"
This value is fetched from {0}'s {1} field,Це значення отримано з поля {1} запису {0}
This value specifies the max number of rows that can be rendered in report view.,"Це значення визначає максимальну кількість рядків, які можна відображати у вигляді звіту."
"This will be automatically generated when you publish the page, you can also enter a route yourself if you wish",Це буде згенеровано автоматично при публікації сторінки. За бажанням ви також можете ввести маршрут самостійно
This will be shown in a modal after routing,Це буде показано у модальному вікні після маршрутизації
This will be shown to the user in a dialog after routing to the report,Це буде показано користувачеві в діалозі після переходу до звіту
This will log out {0} from all other devices,Це виконає вихід {0} з усіх інших пристроїв
This will permanently remove your data.,Це назавжди видалить ваші дані.
This will reset this tour and show it to all users. Are you sure?,Це скине тур і покаже його всім користувачам. Ви впевнені?
"This will terminate the job immediately and might be dangerous, are you sure?",Це негайно завершить завдання і може бути небезпечним. Ви впевнені?
Throttled,Обмежено
Thumbnail URL,URL мініатюри
Thursday,Четвер
Time,Час
Time Format,Формат часу
Time Interval,Часовий інтервал
Time Series,Часовий ряд
Time Series Based On,Часовий ряд на основі
Time Taken,Витрачений час
Time Window (Seconds),Часове вікно (секунди)
Time Zone,Часовий пояс
Time Zones,Часові пояси
Time format,Формат часу
Time in Queries,Час у запитах
Time in seconds to retain QR code image on server. Min:<strong>240</strong>,Час у секундах для зберігання зображення QR-коду на сервері. Мін: <strong>240</strong>
Time series based on is required to create a dashboard chart,Для створення діаграми панелі потрібно вказати параметр часового ряду
Time {0} must be in format: {1},Час {0} має бути у форматі: {1}
Timed Out,Час очікування вичерпано
Timeless Night,Безчасна ніч
Timeline,Хронологія
Timeline DocType,DocType хронології
Timeline Field,Поле хронології
Timeline Links,Посилання хронології
Timeline Name,Назва хронології
Timeline field must be a Link or Dynamic Link,Поле часової шкали повинно бути посиланням або динамічним посиланням
Timeline field must be a valid fieldname,Поле часової шкали повинно бути дійсним іменем поля
Timeout,Час очікування
Timeout (In Seconds),Час очікування (у секундах)
Timeseries,Часовий ряд
Timespan,Проміжок часу
Timestamp,Мітка часу
Tip: Try the new dropdown console using,"Порада: спробуйте нову консоль випадаючого меню, використовуючи"
Title,Заголовок
Title Case,Назва справи
Title Field,Поле заголовка
Title Prefix,Префікс заголовка
Title field must be a valid fieldname,Поле заголовка повинно бути дійсним іменем поля
Title of the page,Заголовок сторінки
To,До
To Date,По дату
To Date Field,Поле дати до
To Do,Завдання
To User,Користувачеві
"To add dynamic subject, use jinja tags like\n\n<div><pre><code>New {{ doc.doctype }} #{{ doc.name }}</code></pre></div>","Щоб додати динамічний предмет, використовуйте теги jinja, такі як <div><pre> <code>New {{ doc.doctype }} #{{ doc.name }}</code> </pre> </div>"
"To add dynamic subject, use jinja tags like\n\n<div><pre><code>{{ doc.name }} Delivered</code></pre></div>","Щоб додати динамічний об&#39;єкт, використовувати теги, як дзіндзя <div><pre> <code>{{ doc.name }} Delivered</code> </pre> </div>"
To allow more reports update limit in System Settings.,"Щоб дозволити більше звітів, оновіть ліміт у налаштуваннях системи."
To and CC,Кому та копія
"To begin the date range at the start of the chosen period. For example, if 'Year' is selected as the period, the report will start from January 1st of the current year.","Щоб розпочати діапазон дат з початку обраного періоду. Наприклад, якщо вибрано «Рік» як період, звіт починатиметься з 1 січня поточного року."
"To configure Auto Repeat, enable ""Allow Auto Repeat"" from {0}.","Щоб налаштувати автоматичне повторення, увімкніть «Дозволити автоповторення» з {0}."
To enable it follow the instructions in the following link: {0},"Щоб увімкнути, дотримуйтесь інструкцій за посиланням: {0}"
"To enable server scripts, read the {0}.","Щоб увімкнути серверні скрипти, прочитайте {0}."
"To export this step as JSON, link it in a Onboarding document and save the document.","Щоб експортувати цей крок як JSON, прив'яжіть його до документа адаптації та збережіть документ."
To generate password click {0},"Щоб згенерувати пароль, натисніть {0}"
"To get the updated report, click on {0}.","Щоб отримати оновлений звіт, натисніть {0}."
To know more click {0},"Щоб дізнатися більше, натисніть {0}"
To print output use <code>log(text)</code>,Для друку вихідних даних використовуйте <code>log(text)</code>
To print output use <code>print(text)</code>,Для виведення результату використовуйте <code>print(text)</code>
"To set the role {0} in the user {1}, kindly set the {2} field as {3} in one of the {4} record.","Щоб призначити роль {0} користувачу {1}, встановіть поле {2} як {3} в одному із записів {4}."
"To use Google Calendar, enable {0}.","Щоб використовувати Google Календар, увімкніть {0}."
"To use Google Contacts, enable {0}.","Щоб використовувати Google Контакти, увімкніть {0}."
"To use Google Drive, enable {0}.","Щоб користуватися Google Диском, увімкніть {0}."
"To use Google Indexing, enable <a href=""#Form/Google Settings"">Google Settings</a>.","Щоб використовувати індексацію Google, увімкніть <a href=""#Form/Google Settings"">налаштування Google</a> ."
"To use Google Indexing, enable <a href=""/desk/google-settings"">Google Settings</a>.","Щоб використовувати індексування Google, увімкніть <a href=""/desk/google-settings"">Налаштування Google</a>."
"To use Slack Channel, add a <a href=""#List/Slack%20Webhook%20URL/List"">Slack Webhook URL</a>.","Щоб використовувати канал Slack, додайте <a href=""#List/Slack%20Webhook%20URL/List"">URL вебхука Slack</a>."
"To use WhatsApp for Business, initialize <a href=""#Form/Twilio Settings"">Twilio Settings</a>.","Щоб використовувати WhatsApp для бізнесу, ініціалізуйте <a href=""#Form/Twilio Settings"">налаштування Twilio</a> ."
To version,До версії
ToDo,Завдання
Today,Сьогодні
Today's Events,Сьогоднішні події
Toggle Chart,Показати/приховати графік
Toggle Charts,Переключити графіки
Toggle Grid View,Показати/приховати вигляд сітки
Toggle Public/Private,Увімкнути загальнодоступні / приватні
Toggle Sidebar,Показати/приховати бічну панель
Token,Токен
Token Cache,Кеш токенів
Token Endpoint Auth Method,Метод автентифікації кінцевої точки токена
Token Type,Тип токена
Token URI,URI токена
Token is missing,Токен відсутній
Tomorrow,Завтра
Too Many Documents,Забагато документів
Too Many Requests,Забагато запитів
Too many changes to database in single action.,Занадто багато змін у базі даних за одну дію.
Too many queued background jobs ({0}). Please retry after some time.,"Забагато фонових завдань у черзі ({0}). Будь ласка, повторіть спробу через деякий час."
Too many requests. Please try again later.,"Забагато запитів. Будь ласка, спробуйте пізніше."
"Too many users signed up recently, so the registration is disabled. Please try back in an hour","Нещодавно зареєструвалось забагато користувачів, тому реєстрацію вимкнено. Будь ласка, спробуйте через годину"
Too many writes in one request. Please send smaller requests,"Занадто багато пише в одному запиті. Будь ласка, відправте менші запити"
Top,Верх
Top 10,Топ 10
Top Bar Item,Елемент верхньої панелі
Top Bar Items,Елементи верхньої панелі
Top Center,По центру зверху
Top Errors,Головні помилки
Top Left,Зверху зліва
Top Performer,Вищий виконавець
Top Reviewer,Топ рецензента
Top Right,Зверху справа
Top {0},Вгору {0}
Topic,Тема
Total,Всього
Total Background Workers,Загальна кількість фонових процесів
Total Errors (last 1 day),Загальна кількість помилок (за останній день)
Total Images,Загальна кількість зображень
Total Outgoing Emails,Загальна кількість вихідних листів
Total Pages,Всього сторінок
Total Rows,Усього рядків
Total Subscribers,Загальна кількість підписників
Total Users,Загальна кількість користувачів
Total Working Time,Загальний робочий час
Total number of emails to sync in initial sync process,Загальна кількість листів для синхронізації під час початкового процесу синхронізації
Total number of emails to sync in initial sync process ,Загальна кількість повідомлень електронної пошти для синхронізації в процесі початкової синхронізації
Total:,Всього:
Totals,Підсумки
Totals Row,Рядок підсумків
Trace ID,Ідентифікатор трасування
Traceback,Трасування
Track Changes,Відстежувати зміни
Track Email Status,Відстежувати статус листа
Track Field,Відстежуване поле
Track Seen,Відстежувати перегляди
Track Steps,Відстежувати кроки
Track Views,Відстежувати перегляди
"Track if your email has been opened by the recipient.\n<br>\nNote: If you're sending to multiple recipients, even if 1 recipient reads the email, it'll be considered ""Opened""","Відстежуйте, чи адресат відкрив вашу адресу електронної пошти. <br> Примітка. Якщо ви надсилаєте декількох одержувачів, навіть якщо 1 одержувач читає це повідомлення, він вважатиметься &quot;відкритим&quot;"
Track milestones for any document,Відстежувати етапи для будь-якого документа
Tracking URL generated and copied to clipboard,URL відстеження згенеровано та скопійовано до буфера обміну
Tracks milestones on the lifecycle of a document if it undergoes multiple stages.,"Відстежує основні етапи життєвого циклу документа, якщо він проходить декілька етапів."
Transaction Hash,Транзакція хеш
Transaction Log,Журнал транзакцій
Transaction Log Report,Звіт журналу транзакцій
Transgender,Трансгендер
Transition Properties,Властивості переходу
Transition Rules,Правила переходу
Transition Tasks,Завдання переходу
Transitions,Переходи
Translatable,Перекладається
Translate Data,Перекласти дані
Translate Link Fields,Перекласти поля посилань
Translate values,Перекласти значення
Translate {0},Перекласти {0}
Translated Message,Перекладене повідомлення
Translated Text,Перекладений текст
Translation,Переклад
Translation Tool,Інструмент перекладу
Translations,Переклади
Translator,Перекладач
Trash,Кошик
Tree,Дерево
Tree View,Деревовидний вигляд
Tree structures are implemented using Nested Set,Деревовидні структури реалізовані за допомогою вкладеного набору
Tree view is not available for {0},Деревовидний вигляд недоступний для {0}
Trigger Method,Метод тригера
Trigger Name,Назва тригера
Trigger Primary Action,Запустити основну дію
Trigger caching,Запустити кешування
"Trigger on valid methods like ""before_insert"", ""after_update"", etc (will depend on the DocType selected)","Запускати для допустимих методів, таких як ""before_insert"", ""after_update"" тощо (залежить від вибраного DocType)"
Trim Table,Скоротити таблицю
Tripura,Трипура
Try Again,Спробувати ще раз
Try a Naming Series,Спробувати серію іменування
Try the new Print Designer,Спробувати новий конструктор друку
Try to avoid repeated words and characters,Намагайтеся уникати повторюваних слів і символів
Try to use a longer keyboard pattern with more turns,Намагайтеся використовувати довший шаблон клавіатури з більшою кількістю поворотів
Tuesday,Вівторок
Twilio Number,Номер Twilio
Twilio Number Group,Група чисел Twilio
Twilio Settings,Налаштування Twilio
Twilio WhatsApp Message Error,Помилка повідомлення Twilio WhatsApp
Two Factor Authentication,Двофакторна автентифікація
Two Factor Authentication method,Метод двофакторної автентифікації
Type,Тип
Type a reply / comment,Введіть відповідь / коментар
Type something in the search box to search,Введіть щось у поле пошуку для пошуку
Type title,Введіть заголовок
Type your reply here...,Введіть вашу відповідь тут...
Type:,Тип:
UI Tour,Тур по інтерфейсу
UID,UID
UIDNEXT,UIDNEXT
UIDVALIDITY,UIDVALIDITY
UNSEEN,НЕПРОЧИТАНО
UPPER CASE,ВЕРХНІЙ РЕГІСТР
"URIs for receiving authorization code once the user allows access, as well as failure responses. Typically a REST endpoint exposed by the Client App.\n<br>e.g. http://hostname//api/method/frappe.www.login.login_via_facebook","Ідентифікатори URI для отримання коду авторизації, як тільки користувач надати їм доступ, а також відповіді недостатність. Як правило, кінцева точка REST піддається Клієнтом App. <br> наприклад, HTTP: //hostname//api/method/frappe.www.login.login_via_facebook"
URL,URL
URL for documentation or help,URL для документації або допомоги
URL must start with 'http://' or 'https://',URL-адреса повинна починатися з &quot;http: //&quot; або &quot;https: //&quot;
URL must start with http:// or https://,URL має починатися з http:// або https://
URL of a human-readable page with info that developers might need.,"URL сторінки з інформацією, яка може знадобитися розробникам, у зручному для читання форматі."
URL of a web page providing information about the client.,URL веб-сторінки з інформацією про клієнта.
URL of human-readable page with info about the protected resource's terms of service.,URL сторінки з умовами використання захищеного ресурсу у зручному для читання форматі.
URL of human-readable page with info on requirements about how the client can use the data.,URL сторінки з інформацією про вимоги щодо використання даних клієнтом у зручному для читання форматі.
URL of the page,URL сторінки
URL that points to a human-readable policy document for the client. Should be shown to end-user before authorizing.,"URL, що вказує на документ політики клієнта у зручному для читання форматі. Слід показувати кінцевому користувачу перед авторизацією."
URL that points to a human-readable terms of service document for the client. Should be shown to end-user before authorizing.,"URL, що вказує на документ умов використання клієнта у зручному для читання форматі. Слід показувати кінцевому користувачу перед авторизацією."
URL that references a logo for the client.,"URL, що посилається на логотип клієнта."
URL to go to on clicking the slideshow image,URL для переходу при натисканні на зображення слайд-шоу
URLs,URL-адреси
UTM Campaign,UTM-кампанія
UTM Medium,UTM-канал
UTM Source,UTM-джерело
UUID,UUID
Un-following document {0},Відписатися від документа {0}
Unable to find DocType {0},Неможливо знайти DocType {0}
Unable to find attachment {0},Неможливо знайти додаток {0}
Unable to load camera.,Неможливо завантажити камеру.
Unable to load: {0},Неможливо завантажити: {0}
Unable to open attached file. Did you export it as CSV?,Неможливо відкрити прикріплений файл. Чи ви експортували його як CSV?
Unable to read file format for {0},Неможливо прочитати формат файлу для {0}
Unable to send emails at this time,Не вдалося відправити електронну пошту в цей час
Unable to send mail because of a missing email account. Please setup default Email Account from Settings > Email Account,"Неможливо надіслати пошту через відсутній обліковий запис електронної пошти. Будь ласка, налаштуйте обліковий запис електронної пошти за замовчуванням у Налаштування > Обліковий запис електронної пошти"
Unable to update event,Неможливо оновити подію
Unable to write file format for {0},Неможливо записати формат файлу для {0}
Unassign Condition,Скасувати умову
Uncaught Exception,Необроблений виняток
Uncaught Server Exception,Невихований виняток сервера
Unchanged,Без змін
Under Development,В стадії розробки
Undo,Скасувати
Undo last action,Скасувати останню дію
Unfollow,Відписатися
Unhandled Email,Необроблений електронний лист
Unhandled Emails,Необроблені електронні листи
Unique,Унікальний
Unknown,Невідомо
Unknown Column: {0},Невідомий стовпець: {0}
Unknown Rounding Method: {},Невідомий метод округлення: {}
Unknown User,Невідомий користувач
Unknown View,Невідомий вигляд
Unknown file encoding. Tried to use: {0},Невідоме кодування файлу. Спроба використати: {0}
"Unknown file encoding. Tried utf-8, windows-1250, windows-1252.","Невідомий кодування файлів. Пробував UTF-8, Windows-1250, Windows -1252."
Unlock Reference Document,Розблокувати довідковий документ
Unpin,Відкрутити
Unpublish,Скасувати публікацію
Unread,Непрочитане
Unread Notification Sent,Надіслано сповіщення про непрочитане
Unsafe SQL query,Небезпечний SQL-запит
Unselect All,Зняти виділення з усіх
Unshared,Доступ скасовано
Unsubscribe,Відписатися
Unsubscribe Method,Метод відписки
Unsubscribe Param,Відмовитися від Param
Unsubscribe Params,Параметри відписки
Unsubscribed,Відписано
Unsupported File Format,Непідтримуваний формат файлу
Unsupported function or operator: {0},Непідтримувана функція або оператор: {0}
Unsupported {0}: {1},Непідтримуване {0}: {1}
Untitled Column,Стовпець без назви
Untranslated,Неперекладений
Unzip,Розпакувати
Unzipped {0} files,Розпаковано {0} файлів
Unzipping files...,Розпакування файлів...
Upcoming Events,Майбутні події
Upcoming Events for Today,Найближчі події на сьогодні
Update,Оновити
Update Amendment Naming,Оновити іменування поправок
Update Details,Оновіть деталі
Update Existing Records,Оновити наявні записи
Update Field,Оновити поле
Update Hooks Resolution Order,Оновити порядок вирішення хуків
Update Order,Оновити порядок
Update Password,Оновити пароль
Update Profile,Оновити профіль
Update Series Counter,Оновити лічильник серії
Update Series Number,Оновити номер серії
Update Settings,Оновити налаштування
Update Translations,Оновити переклади
Update Value,Оновити значення
Update from Frappe Cloud,Оновити з Frappe Cloud
Update many values at one time.,Оновлення багато значень в один час.
Update records,Оновити записи
Update {0} records,Оновити {0} записів
Updated,Оновлено
Updated Successfully,Успішно оновлено
Updated To A New Version 🎉,Оновлено до нової версії 🎉
Updated successfully,Успішно оновлено
Updated {0}: {1},Оновлене {0}: {1}
Updating,Оновлення
Updating Email Queue Statuses. The emails will be picked up in the next scheduled run.,Оновлення статусів черги електронної пошти. Листи будуть оброблені під час наступного запланованого запуску.
Updating counter may lead to document name conflicts if not done properly,"Оновлення лічильника може призвести до конфліктів імен документів, якщо виконано неправильно"
Updating global settings,Оновлення глобальних налаштувань
Updating naming series options,Оновлення параметрів серії іменування
Updating related fields...,Оновлення пов'язаних полів...
Updating {0},Оновлення {0}
"Updating {0} of {1}, {2}","Оновлення {0} з {1}, {2}"
Upgrade plan,Оновити план
Upload,Завантажити
Upload Failed,Помилка завантаження
Upload Image,Завантажити зображення
Upload failed,Помилка завантаження
Upload file,Завантажити файл
Upload {0} files,Завантажити {0} файлів
Uploaded To Dropbox,Завантажено до Dropbox
Uploaded To Google Drive,Завантажено до Google Drive
Uploaded successfully,Завантажено успішно
Uploading {0} of {1},Завантаження {0} з {1}
Usage Info,Використання Info
Use % for any non empty value.,Використовуйте % для будь-якого непорожнього значення.
Use ASCII encoding for password,Використовувати кодування ASCII для пароля
Use Different Email Login ID,Використовуйте іншу адресу електронної пошти Логін ID
Use First Day of Period,Використовувати перший день періоду
Use HTML,Використовувати HTML
Use IMAP,Використовувати IMAP
Use Number Format from Currency,Використовувати числовий формат з валюти
Use POST,Використовувати POST
Use Report Chart,Використовувати діаграму звіту
Use SSL,Використовувати SSL
Use SSL for Outgoing,Використовуйте SSL для вихідних
Use STARTTLS,Використовувати STARTTLS
Use Same Name,Використовуйте те саме ім’я
Use TLS,Використовувати TLS
Use a few uncommon words together.,Використовуйте кілька нестандартних слів разом.
"Use a few words, avoid common phrases.","Використовуйте кілька слів, уникайте поширених фраз."
Use different Email ID,Використовувати інший Email ID
Use if the default settings don't seem to detect your data correctly,"Використовуйте, якщо стандартні налаштування не розпізнають ваші дані правильно"
Use of sub-query or function is restricted,Використання підзапиту або функції обмежено
Use socketio to upload file,Використовуйте socketio для завантаження файлу
Use the new Print Format Builder,Використовувати новий конструктор формату друку
Use this fieldname to generate title,Використовуйте цю назву поля для генерації заголовка
"Use this, for example, if all sent emails should also be send to an archive.","Використовуйте це, наприклад, якщо всі надіслані листи також мають надсилатися до архіву."
Used For Google Maps Integration.,Використовується для інтеграції карт Google.
Used OAuth,Використано OAuth
User,Користувач
User ,Користувач
User '{0}' already has the role '{1}',Користувач '{0}' вже має роль '{1}'
User Activity Report,Звіт про активність користувача
User Activity Report Without Sort,Звіт про активність користувача без сортування
User Agent,Агент користувача
User Cannot Create,Користувач не може створювати
User Cannot Search,Користувач не може виконувати пошук
User Changed,Користувача змінено
User Defaults,Параметри користувача за замовчуванням
User Details,Деталі користувача
User Doctype Permissions,Дозволи користувача на типи документів
User Document Type,Тип документа користувача
User Document Types Limit Exceeded,Перевищено ліміт типів документів користувача
User Email,Електронна пошта користувача
User Emails,Електронні адреси користувача
User Field,Поле користувача
User Group,Група користувачів
User Group Member,Учасник групи користувачів
User Group Members,Учасники групи користувачів
User ID,Ідентифікатор користувача
User ID Property,Властивість ідентифікатора користувача
User ID of a Blogger,Ідентифікатор користувача в Blogger
User Id,ID користувача
User Id Field,Поле ID користувача
User Id Field is mandatory in the user type {0},Поле ID користувача є обов'язковим для типу користувача {0}
User Image,Зображення користувача
User Invitation,Запрошення користувача
User Menu,Меню користувача
User Name,Ім'я користувача
User Permission,Дозвіл користувача
User Permissions,Дозволи користувача
User Permissions are used to limit users to specific records.,Дозволи користувача використовуються для обмеження доступу користувачів до певних записів.
User Permissions created successfully,Дозволи користувача успішно створено
User Permissions created sucessfully,Дозволи користувача створені успішно
User Profile,Профіль користувача
User Role,Роль користувача
User Role Profile,Профіль ролі користувача
User Roles,Ролі користувачів
User Select Document Type,Вибір типу документа користувачем
User Session Display,Відображення сесії користувача
User Settings,Налаштування користувача
User Social Login,Соціальний вхід користувача
User Tags,Теги користувача
User Type,Тип користувача
User Type Module,Модуль типу користувача
User can login using Email id or Mobile number,Користувач може входити за допомогою електронної пошти або номера мобільного телефону
User can login using Email id or User Name,Користувач може входити за допомогою електронної пошти або імені користувача
User does not exist,Користувача не існує
User does not exist.,Користувач не існує.
User does not have permission to create the new {0},Користувач не має дозволу на створення нового {0}
User editable form on Website.,Користувач редаговані форми на веб-сайті.
User is disabled,Користувача вимкнено
User is mandatory for Share,Користувач є обов'язковим для спільного доступу
User must always select,Користувач повинен завжди вибирати
User not allowed to delete {0}: {1},Користувач не має права видаляти {0}: {1}
User permission already exists,Дозвіл користувача вже існує
User permissions should not apply for this Link,Права користувачів не повинні застосовуватися для цієї Посилання
User with email address {0} does not exist,Користувач з електронною адресою {0} не існує
User with email: {0} does not exist in the system. Please ask 'System Administrator' to create the user for you.,Користувач з електронною поштою: {0} не існує в системі. Зверніться до 'Системного адміністратора' для створення облікового запису.
User {0} cannot be deleted,Користувача {0} не можна видалити
User {0} cannot be disabled,Користувача {0} не можна вимкнути
User {0} cannot be renamed,Користувача {0} не можна перейменувати
User {0} does not have access to this document,Користувач {0} не має доступу до цього документа
User {0} does not have doctype access via role permission for document {1},Користувач {0} не має доступу до типу документа через дозволи ролі для документа {1}
User {0} does not have the permission to create a Workspace.,Користувач {0} не має дозволу на створення робочого простору.
User {0} has requested for data deletion,Користувач {0} надіслав запит на видалення даних
User {0} has started an impersonation session as you. <br><br><b>Reason provided:</b> {1},Користувач {0} розпочав сесію імперсонації від вашого імені. <br><br><b>Вказана причина:</b> {1}
User {0} impersonated as {1},Користувач {0} виконав імперсонацію як {1}
User {0} is disabled,Користувача {0} вимкнено
User {0} is disabled. Please contact your System Manager.,Користувача {0} вимкнено. Зверніться до системного менеджера.
User {0} is not permitted to access this document.,Користувачу {0} заборонено доступ до цього документа.
User {0} not found on the producer site,Користувача {0} не знайдено на сайті виробника
Userinfo URI,URI інформації про користувача
Username,Ім'я користувача
Username {0} already exists,Ім'я користувача {0} вже існує
Users,Користувачі
Users To Notify,Повідомлення користувачів
Users and Permissions,Люди і дозволу
Users are only able to delete attached files if the document is either in draft or if the document is canceled and they are also able to delete the document.,"Користувачі можуть видаляти прикріплені файли лише якщо документ перебуває у статусі чернетки або скасований, і вони також мають можливість видалити сам документ."
Users assigned to the reference document will get points.,"Користувачі, присвоєні довідковому документу, отримають бали."
Users with role {0}:,Люди з ролі {0}:
Uses system's theme to switch between light and dark mode,Використовує системну тему для перемикання між світлим і темним режимом
Uses the Email Address Name mentioned in this Account as the Sender's Name for all emails sent using this Account.,"Використовується назва електронної адреси, зазначена в цьому обліковому записі, як Ім&#39;я відправника для всіх електронних листів, надісланих за допомогою цього облікового запису."
Uses the Email Address mentioned in this Account as the Sender for all emails sent using this Account. ,"Використовує адреса електронної пошти, згаданий в цьому акаунті в якості відправника для всіх листів, відправлених з використанням цього облікового запису."
Using this console may allow attackers to impersonate you and steal your information. Do not enter or paste code that you do not understand.,"Використання цієї консолі може дозволити зловмисникам видати себе за вас і викрасти вашу інформацію. Не вводьте і не вставляйте код, який ви не розумієте."
Utilization,Використання
Utilization %,Використання %
Uttar Pradesh,Уттар-Прадеш
Uttarakhand,Уттаракханд
Valid,Дійсний
Valid Login id required.,Необхідний дійсний ідентифікатор для входу.
Valid email and name required,Необхідні дійсна електронна адреса та ім'я
Validate Field,Перевірити поле
Validate Frappe Mail Settings,Перевірити налаштування пошти Frappe
Validate SSL Certificate,Перевірити SSL-сертифікат
Validation Error,Помилка перевірки
Validity,Термін дії
Value,Значення
Value Based On,Значення на основі
Value Change,Зміна значення
Value Changed,Значення змінено
Value To Be Set,Значення для встановлення
Value Too Long,Значення занадто довге
Value cannot be changed for {0},Значення не може бути змінено для {0}
Value cannot be negative for,Значення не може бути від'ємним для
Value cannot be negative for {0}: {1},Значення не може бути від'ємним для {0}: {1}
Value for a check field can be either 0 or 1,Значення поля-прапорця може бути 0 або 1
Value for field {0} is too long in {1}. Length should be lesser than {2} characters,Значення поля {0} занадто довге в {1}. Довжина має бути менше {2} символів
Value for {0} cannot be a list,Значення для {0} не може бути списком
Value from this field will be set as the due date in the ToDo,Значення з цього поля буде встановлено як термін виконання в завданні
Value missing for,Значення безвісти
Value must be one of {0},Значення має бути одним із {0}
"Value of ""None"" implies a public client. In such a case Client Secret is not given to the client and token exchange makes use of PKCE.","Значення ""None"" означає публічного клієнта. У такому випадку секрет клієнта не надається клієнту, а обмін токенами використовує PKCE."
Value to Validate,Значення для перевірки
Value to set when this workflow state is applied. Use plain text (e.g. Approved) or an expression if “Evaluate as Expression” is enabled.,"Значення для встановлення при застосуванні цього стану робочого процесу. Використовуйте простий текст (наприклад, Approved) або вираз, якщо увімкнено “Обчислити як вираз”."
Value too big,Значення занадто велике
Value {0} missing for {1},Значення {0} відсутнє для {1}
Value {0} must be in the valid duration format: d h m s,Значення {0} має бути у правильному форматі тривалості: d h m s
Value {0} must in {1} format,Значення {0} має бути у форматі {1}
Values Changed,Значення змінено
Verdana,Verdana
Verfication Code,Верфікований код
Verification,Верифікація
Verification Code,Код верифікації
Verification Link,Посилання для верифікації
Verification code email not sent. Please contact Administrator.,Email з кодом верифікації не надіслано. Зверніться до адміністратора.
Verification code has been sent to your registered email address.,Код верифікації надіслано на вашу зареєстровану електронну адресу.
Verified,Верифіковано
Verifier,Верифікатор
Verify,Верифікувати
Verify Password,Підтвердити пароль
Verifying...,Верифікація...
Version,Версія
Version Updated,Версію оновлено
Video URL,URL відео
View,Перегляд
View All,Переглянути все
View Audit Trail,Переглянути журнал аудиту
View Comment,Переглянути коментар
View Doctype Permissions,Переглянути дозволи типу документа
View File,Переглянути файл
View Full Log,Переглянути повний журнал
View List,Переглянути список
View Log,Переглянути журнал
"View Log of all print, download and export events","Переглянути журнал усіх подій друку, завантаження та експорту"
View Permitted Documents,Переглянути дозволені документи
View Properties (via Customize Form),Переглянути властивості (через налаштування форми)
View Ref,Переглянути Ref
View Report,Переглянути звіт
View Settings,Переглянути налаштування
View Sidebar,Переглянути бічну панель
View Switcher,Перемикач перегляду
View Website,Переглянути веб-сайт
View all {0} users,Переглянути всіх {0} користувачів
View document,Переглянути документ
View report in your browser,Переглянути звіт у браузері
View this in your browser,Переглянути це у браузері
View your response,Переглянути вашу відповідь
View {0},Переглянути {0}
Viewed By,Переглянуто
Views,Перегляди
Virtual,Віртуальний
Virtual DocType {} requires a static method called {} found {},Віртуальний DocType {} вимагає статичного методу {} знайдено {}
Virtual DocType {} requires overriding an instance method called {} found {},Віртуальний DocType {} вимагає перевизначення методу екземпляра {} знайдено {}
Virtual tables must be virtual fields,Віртуальні таблиці мають містити лише віртуальні поля
Visibility,Видимість
Visible to website/portal users.,Видно користувачам веб-сайту/порталу.
Visit,Відвідати
Visit Desktop,Перейти на робочий стіл
Visit Web Page,Відвідати веб-сторінку
Visitor,Відвідувач
Visitor ID,ID відвідувача
Want to discuss?,Хочете обговорити?
Warehouse,Склад
Warning,Попередження
Warning: DATA LOSS IMMINENT! Proceeding will permanently delete following database columns from doctype {0}:,Попередження: ВТРАТА ДАНИХ! Продовження призведе до остаточного видалення наступних стовпців бази даних з типу документа {0}:
Warning: Naming is not set,Попередження: Іменування не встановлено
Warning: Unable to find {0} in any table related to {1},"Попередження: Не вдалося знайти {0} в жодній таблиці, пов'язаній з {1}"
Warning: Updating counter may lead to document name conflicts if not done properly,"Попередження: Оновлення лічильника може призвести до конфліктів імен документів, якщо не виконано належним чином"
Warning: Usage of 'format:' is discouraged.,Попередження: Використання 'format:' не рекомендується.
Was this article helpful?,Ця стаття була корисною?
Watch Tutorial,Переглянути навчальний матеріал
Watch Video,Переглянути відео
We do not allow editing of this document. Simply click the Edit button on the workspace page to make your workspace editable and customize it as you wish,"Ми не дозволяємо редагування цього документа. Просто натисніть кнопку Редагувати на сторінці робочого простору, щоб зробити його редагованим і налаштувати на свій розсуд"
We have received a request for deletion of {0} data associated with: {1},"Ми отримали запит на видалення даних {0}, пов'язаних з: {1}"
We have received a request from you to download your {0} data associated with: {1},"Ми отримали від вас запит на завантаження ваших даних {0}, пов'язаних з: {1}"
We would like to thank the authors of these packages for their contribution.,Ми хотіли б подякувати авторам цих пакетів за їхній внесок.
We've received your query!,Ми отримали ваш запит!
Weak,Слабкий
Web Form,Веб-форма
Web Form Field,Поле веб-форми
Web Form Fields,Поля веб-форми
Web Form List Column,Стовпець списку веб-форми
Web Link,Веб посилання
Web Page,Веб-сторінка
Web Page Block,Блок веб-сторінки
Web Page Link Text,Текст посилання Веб-сторінки
Web Page URL,URL веб-сторінки
Web Page View,Перегляд веб-сторінки
Web Site,Веб-сайт
Web Template,Веб-шаблон
Web Template Field,Поле веб-шаблону
Web Template Values,Значення веб-шаблону
Web Template is not specified,Веб-шаблон не вказано
Web View,Веб-перегляд
Webhook,Вебхук
Webhook Data,Дані вебхука
Webhook Header,Заголовок вебхука
Webhook Headers,Заголовки вебхука
Webhook Request,Запит вебхука
Webhook Request Log,Журнал запитів вебхука
Webhook Secret,Секрет вебхука
Webhook Security,Безпека вебхука
Webhook Trigger,Тригер вебхука
Webhook URL,URL вебхука
Webhooks calling API requests into web apps,Webhooks викликає запити API до веб-додатків
Website,Веб-сайт
Website Analytics,Аналітика веб-сайту
Website Manager,Менеджер веб-сайту
Website Meta Tag,Мета-тег веб-сайту
Website Route Meta,Мета маршруту веб-сайту
Website Route Redirect,Перенаправлення маршруту веб-сайту
Website Script,Скрипт веб-сайту
Website Search Field,Поле пошуку веб-сайту
Website Search Field must be a valid fieldname,Поле пошуку веб-сайту має бути дійсною назвою поля
Website Settings,Налаштування веб-сайту
Website Sidebar,Бічна панель веб-сайту
Website Sidebar Item,Елемент бічної панелі веб-сайту
Website Slideshow,Слайд-шоу веб-сайту
Website Slideshow Item,Елемент слайд-шоу веб-сайту
Website Theme,Тема веб-сайту
Website Theme Ignore App,Ігнорувати додаток теми веб-сайту
Website Theme Image,Зображення теми веб-сайту
Website Theme Image Link,Посилання на зображення теми веб-сайту
Website Theme image link,Посилання на зображення теми веб-сайту
Website Themes Available,Доступні теми веб-сайту
Website User,Користувач веб-сайту
Website Users,Користувачі веб-сайту
Website Visits,Відвідування веб-сайту
Websocket,Вебсокет
Wednesday,Середа
Week,Тиждень
Weekdays,Будні дні
Weekly,Щотижнево
Weekly Long,Щотижнево (розгорнуто)
Welcome,Ласкаво просимо
Welcome Email Template,Шаблон вітального листа
Welcome Message,Привітальне повідомлення
Welcome URL,Вітальний URL
Welcome Workspace,Вітальний робочий простір
Welcome email sent,Вітальний лист надіслано
Welcome to {0},Ласкаво просимо до {0}
West Bengal,Західна Бенгалія
What's New,Що нового
"When enabled this will allow guests to upload files to your application, You can enable this if you wish to collect files from user without having them to log in, for example in job applications web form.","Якщо увімкнено, це дозволить гостям завантажувати файли до вашого застосунку. Ви можете увімкнути це, якщо бажаєте збирати файли від користувачів без їхньої авторизації, наприклад, у веб-формі заявок на роботу."
"When sending document using email, store the PDF on Communication. Warning: This can increase your storage usage.",Під час надсилання документа електронною поштою зберігати PDF у повідомленні. Увага: це може збільшити використання сховища.
"When uploading files, force the use of the web-based image capture. If this is unchecked, the default behavior is to use the mobile native camera when use from a mobile is detected.","Під час завантаження файлів примусово використовувати веб-захоплення зображень. Якщо не вибрано, типова поведінка — використовувати вбудовану камеру мобільного пристрою при виявленні мобільного використання."
"When you Amend a document after Cancel and save it, it will get a new number that is a version of the old number.","Коли ви Відновите документ після Скасування і збережете його, він отримає новий номер, який буде версією старого."
Which view of the associated DocType should this shortcut take you to?,До якого перегляду пов'язаного DocType має вести це посилання?
Width,Ширина
Widths can be set in px or %.,Ширину можна задати в px або %.
Wildcard Filter,Фільтр із підстановочними символами
"Will add ""%"" before and after the query","Додасть ""%"" до та після запиту"
Will be used in url (usually first name).,Буде використовуватися в URL (зазвичай ім&#39;я).
Will be your login ID,Буде вашим ідентифікатором для входу
Will only be shown if section headings are enabled,Відображатиметься лише якщо увімкнено заголовки розділів
Will run scheduled jobs only once a day for inactive sites. Default 4 days if set to 0.,"Запускатимуть заплановані завдання лише раз на день для неактивних сайтів. За замовчуванням 4 дні, якщо встановлено 0."
Will run scheduled jobs only once a day for inactive sites. Set it to 0 to avoid automatically disabling the scheduler.,"Для неактивних сайтів заплановані завдання виконуватимуться лише раз на день. Встановіть 0, щоб уникнути автоматичного вимкнення планувальника."
With Letter head,З бланком
With Letterhead,З бланку
Worflow States Don't Exist,Держави червоного потоку не існують
Worker Information,Інформація про працівника
Worker Name,Ім'я працівника
Workflow,Робочий процес
Workflow Action,Дія робочого процесу
Workflow Action Master,Шаблон дії робочого процесу
Workflow Action Name,Назва дії робочого процесу
Workflow Action Permitted Role,Дозволена роль для дії робочого процесу
Workflow Action is not created for optional states,Дія робочого процесу не створюється для необов'язкових станів
Workflow Builder,Конструктор робочих процесів
Workflow Builder ID,ID конструктора робочих процесів
Workflow Builder allows you to create workflows visually. You can drag and drop states and link them to create transitions. Also you can update their properties from the sidebar.,Конструктор робочих процесів дозволяє створювати робочі процеси візуально. Ви можете перетягувати стани та з'єднувати їх для створення переходів. Також можна оновлювати їхні властивості з бічної панелі.
Workflow Data,Дані робочого процесу
Workflow Details,Деталі робочого процесу
Workflow Document State,Стан документа робочого процесу
Workflow Evaluation Error,Помилка обчислення робочого процесу
Workflow Name,Назва робочого процесу
Workflow State,Стан робочого процесу
Workflow State Field,Поле стану робочого процесу
Workflow State not set,Стан робочого процесу не встановлено
Workflow State transition not allowed from {0} to {1},Перехід стану робочого процесу з {0} до {1} не дозволено
Workflow States Don't Exist,Стани робочого процесу не існують
Workflow Status,Статус робочого процесу
Workflow Task,Завдання робочого процесу
Workflow Transition,Перехід робочого процесу
Workflow Transition Task,Завдання переходу робочого процесу
Workflow Transition Tasks,Завдання переходів робочого процесу
Workflow state represents the current state of a document.,Стан робочого процесу представляє поточний стан документа.
Workflow updated successfully,Робочий процес успішно оновлено
Workspace,Робочий простір
Workspace <b>{0}</b> does not exist,Робочий простір <b>{0}</b> не існує
Workspace Chart,Графік робочого простору
Workspace Custom Block,Користувацький блок робочого простору
Workspace Link,Посилання робочого простору
Workspace Manager,Менеджер робочого простору
Workspace Number Card,Числова картка робочого простору
Workspace Quick List,Швидкий список робочого простору
Workspace Shortcut,Ярлик робочого простору
Workspace Sidebar,Бічна панель робочого простору
Workspace Sidebar Item,Елемент бічної панелі робочого простору
Workspace {0} created,Робочий простір {0} створено
Workspaces,Робочі простори
Would you like to publish this comment? This means it will become visible to website/portal users.,"Бажаєте опублікувати цей коментар? Це означає, що він стане видимим для користувачів сайту/порталу."
Would you like to unpublish this comment? This means it will no longer be visible to website/portal users.,"Бажаєте скасувати публікацію цього коментаря? Це означає, що він більше не буде видимим для користувачів сайту/порталу."
Wrapping up,Завершення
Write,Записати
Wrong Fetch From value,Неправильне значення «Отримати з»
Wrong fieldname <b>{0}</b> in add_fetch configuration of custom script,Неправильне ім'я поля <b>{0}</b> у add_fetch конфігурації користувацького скрипту
X Axis Field,Поле осі X
X Field,Поле X
XLSX,XLSX
XMLHttpRequest Error,Помилка XMLHttpRequest
Y Axis,Вісь Y
Y Axis Fields,Поля осі Y
Y Field,Поле Y
Yahoo Mail,Yahoo Mail
Yandex.Mail,Yandex.Mail
Year,Рік
Yearly,Щорічно
Yellow,Жовтий
Yes,Так
Yesterday,Вчора
You,Ви
You Liked,Вам сподобалось
You added 1 row to {0},Ви додали 1 рядок до {0}
You added {0} rows to {1},Ви додали {0} рядків до {1}
"You are about to open an external link. To confirm, click the link again.",Ви збираєтесь відкрити зовнішнє посилання. Для підтвердження натисніть на посилання ще раз.
You are connected to internet.,Ви підключені до інтернету.
You are not allowed to access this resource,Вам не дозволено отримувати доступ до цього ресурсу
You are not allowed to access this {0} record because it is linked to {1} '{2}' in field {3},"Вам не дозволено отримувати доступ до цього запису {0}, оскільки він пов'язаний з {1} '{2}' у полі {3}"
"You are not allowed to access this {0} record because it is linked to {1} '{2}' in row {3}, field {4}","Вам не дозволено отримувати доступ до цього запису {0}, оскільки він пов'язаний з {1} '{2}' у рядку {3}, полі {4}"
"You are not allowed to access {0} because it is linked to {1} '{2}' in row {3}, field {4}","Ви не маєте права доступу до {0}, оскільки він пов&#39;язаний з {1} &#39;{2}&#39; в рядку {3}, поле {4}"
You are not allowed to create columns,Вам не дозволено створювати стовпці
You are not allowed to delete Standard Report,Вам не дозволено видаляти стандартний звіт
You are not allowed to delete a standard Website Theme,Вам не дозволено видаляти стандартну тему сайту
You are not allowed to edit the report.,Вам не дозволено редагувати звіт.
You are not allowed to export {} doctype,Вам не дозволено експортувати тип документа {}
You are not allowed to print this document,Ви не можете надрукувати цей документ
You are not allowed to print this report,Вам не дозволено друкувати цей звіт
You are not allowed to send emails related to this document,"Вам не дозволено надсилати електронні листи, пов'язані з цим документом"
You are not allowed to update the status of this event.,Вам не дозволено оновлювати статус цієї події.
You are not allowed to update this Web Form Document,Вам не дозволено оновлювати цей документ веб-форми
You are not connected to Internet. Retry after sometime.,Ви не підключені до інтернету. Повторіть спробу пізніше.
You are not permitted to access this page without login.,Вам не дозволено отримувати доступ до цієї сторінки без входу в систему.
You are not permitted to access this page.,Вам не дозволено отримувати доступ до цієї сторінки.
You are not permitted to access this resource. Login to access,Вам не дозволено отримувати доступ до цього ресурсу. Увійдіть для доступу
You are not permitted to view the newsletter.,Вам заборонено переглядати інформаційний бюлетень.
You are now following this document. You will receive daily updates via email. You can change this in User Settings.,Ви тепер стежите за цим документом. Ви отримуватимете щоденні оновлення електронною поштою. Ви можете змінити це в налаштуваннях користувача.
"You are only allowed to update order, do not remove or add apps.","Вам дозволено лише змінювати порядок, не видаляйте та не додавайте застосунки."
"You are selecting Sync Option as ALL, It will resync all read as well as unread message from server. This may also cause the duplication of Communication (emails).","Ви вибираєте параметр синхронізації ALL, що призведе до повторної синхронізації всіх прочитаних і непрочитаних повідомлень із сервера. Це також може спричинити дублювання комунікацій (електронних листів)."
You attached {0},Ви прикріпили {0}
You can add dynamic properties from the document by using Jinja templating.,Ви можете додавати динамічні властивості з документа за допомогою шаблонізатора Jinja.
You can also access wkhtmltopdf variables (valid only in PDF print):,Ви також можете отримати доступ до змінних wkhtmltopdf (діє лише при друку PDF):
You can also copy-paste following link in your browser,Ви також можете скопіювати та вставити наступне посилання у свій браузер
You can also copy-paste this,Ви також можете скопіювати та вставити це
You can also copy-paste this ,Ви також можете скопіювати та вставити це
You can also copy-paste this {0} to your browser,Ви також можете скопіювати та вставити це {0} у свій браузер
You can ask your team to resend the invitation if you'd still like to join.,"Ви можете попросити свою команду повторно надіслати запрошення, якщо хочете приєднатися."
"You can change Submitted documents by cancelling them and then, amending them.","Ви можете змінити проведені документи, якщо скасуєте їх, а потім відновите."
You can change the retention policy from {0}.,Ви можете змінити політику зберігання з {0}.
You can continue with the onboarding after exploring this page,Ви можете продовжити налаштування після ознайомлення з цією сторінкою
You can disable this {0} instead of deleting it.,"Ви можете вимкнути цей {0} замість того, щоб видаляти його."
You can find things by asking 'find orange in customers',"Ви можете знайти речі, запитуючи ""знайти апельсин серед клієнтів"""
You can increase the limit from System Settings.,Ви можете збільшити ліміт у налаштуваннях системи.
You can manually remove the lock if you think it's safe: {},"Ви можете вручну зняти блокування, якщо вважаєте це безпечним: {}"
You can only insert images in Markdown fields,Ви можете вставляти зображення лише у поля Markdown
You can only print upto {0} documents at a time,Ви можете друкувати не більше {0} документів одночасно
You can only set the 3 custom doctypes in the Document Types table.,Ви можете встановити лише 3 власні типи документів у таблиці типів документів.
"You can only upload JPG, PNG, GIF, PDF, TXT, CSV or Microsoft documents.","Ви можете завантажувати лише документи JPG, PNG, GIF, PDF, TXT, CSV або Microsoft."
"You can only upload JPG, PNG, PDF, or Microsoft documents.","Ви можете завантажувати лише документи JPG, PNG, PDF або Microsoft."
You can only upload upto 5000 records in one go. (may be less in some cases),Ви можете завантажити не більше 5000 записів за один раз. (у деяких випадках може бути менше)
"You can select one from the following,","Ви можете вибрати один із наступних,"
You can set a high value here if multiple users will be logging in from the same network.,"Ви можете встановити велике значення тут, якщо кілька користувачів будуть входити з однієї мережі."
You can try changing the filters of your report.,Ви можете спробувати змінити фільтри звіту.
You can use Customize Form to set levels on fields.,Ви можете використовувати «Налаштувати форму» для встановлення рівнів на полях.
You can use wildcard %,Ви можете використовувати символ підстановки %
You can't set 'Options' for field {0},Ви не можете встановити «Параметри» для поля {0}
You can't set 'Translatable' for field {0},Ви не можете встановити «Перекладається» для поля {0}
You cancelled this document,Ви скасували цей документ
You cancelled this document {1},Ви скасували цей документ {1}
You cannot create a dashboard chart from single DocTypes,Ви не можете створити діаграму на панелі приладів з одиночних типів документів
You cannot give review points to yourself,Ви не можете давати оглядові бали собі
You cannot share `{0}` on {1} `{2}` as you do not have `{0}` permission on `{1}`,"Ви не можете поділитися `{0}` у {1} `{2}`, оскільки у вас немає дозволу `{0}` на `{1}`"
You cannot unset 'Read Only' for field {0},Ви не можете скасувати «Лише читання» для поля {0}
You changed the value of {0},Ви змінили значення {0}
You changed the value of {0} {1},Ви змінили значення {0} {1}
You changed the values for {0},Ви змінили значення для {0}
You changed the values for {0} {1},Ви змінили значення для {0} {1}
You changed {0} to {1},Ви змінили {0} на {1}
You created this,Ви створили це
You created this document {0},Ви створили цей документ {0}
You do not have enough permissions to access this resource. Please contact your manager to get access.,"У вас недостатньо прав для доступу до цього ресурсу. Будь ласка, зверніться до свого менеджера для отримання доступу."
You do not have enough permissions to complete the action,У вас недостатньо прав для виконання цієї дії
You do not have enough points,Вам не вистачає балів
You do not have enough review points,Не вистачає точок огляду
You do not have import permission for {0},У вас немає дозволу на імпорт для {0}
You do not have permission to access child table field: {0},У вас немає дозволу на доступ до поля дочірньої таблиці: {0}
You do not have permission to access field: {0},У вас немає дозволу на доступ до поля: {0}
You do not have permission to access {0}: {1}.,У вас немає дозволу на доступ до {0}: {1}.
You do not have permissions to cancel all linked documents.,У вас немає прав для скасування всіх пов'язаних документів.
You don't have access to Report: {0},У вас немає доступу до звіту: {0}
You don't have any messages yet.,У вас ще немає повідомлень.
You don't have permission to access the {0} DocType.,У вас немає дозволу на доступ до типу документа {0}.
You don't have permission to access this file,У вас немає дозволу на доступ до цього файлу
You don't have permission to get a report on: {0},У вас немає дозволу на отримання звіту про: {0}
You don't have the permissions to access this document,У вас немає прав для доступу до цього документа
You gained {0} point,Ви набрали {0} балів
You gained {0} points,Ви набрали {0} балів
You have a new message from:,У вас нове повідомлення від:
You have a new message from: ,Ви отримали нове повідомлення від:
You have been successfully logged out,Ви успішно вийшли із системи
You have hit the row size limit on database table: {0},Ви досягли ліміту розміру рядка в таблиці бази даних: {0}
You have not entered a value. The field will be set to empty.,Ви не ввели значення. Поле буде встановлено як порожнє.
You have reached the hourly limit for generating password reset links. Please try again later.,Ви досягли погодинного ліміту для створення посилань для скидання пароля. Будь-ласка спробуйте пізніше.
You have to enable Two Factor Auth from System Settings.,Вам потрібно увімкнути двофакторну аутентифікацію в налаштуваннях системи.
You have unsaved changes in this form. Please save before you continue.,"У цій формі є незбережені зміни. Будь ласка, збережіть перед тим, як продовжити."
You have unseen {0},У вас є непереглянуті {0}
You haven't added any Dashboard Charts or Number Cards yet.,Ви ще не додали жодних діаграм панелі приладів або числових карток.
You haven't created a {0} yet,Ви ще не створили {0}
You hit the rate limit because of too many requests. Please try after sometime.,"Ви досягли ліміту запитів через занадто велику їх кількість. Будь ласка, спробуйте пізніше."
You last edited this,Ви востаннє редагували це
You may continue with onboarding,Ви можете продовжувати роботу на борту
You must add atleast one link.,Ви повинні додати принаймні одне посилання.
You must be logged in to use this form.,"Щоб використовувати цю форму, необхідно увійти в систему."
You must login to submit this form,"Щоб надіслати цю форму, необхідно увійти в систему"
You need the '{0}' permission on {1} {2} to perform this action.,Вам потрібен дозвіл '{0}' на {1} {2} для виконання цієї дії.
You need to be Workspace Manager to delete a public workspace.,"Вам потрібно бути Менеджером робочого простору, щоб видалити публічний робочий простір."
You need to be Workspace Manager to edit this document,"Вам потрібно бути Менеджером робочого простору, щоб редагувати цей документ"
You need to be a system user to access this page.,"Щоб отримати доступ до цієї сторінки, необхідно бути системним користувачем."
You need to be in developer mode to edit a Standard Web Form,"Вам потрібно перебувати в режимі розробника, щоб редагувати стандартну веб-форму"
You need to be in developer mode to edit this document,"Щоб редагувати цей документ, ви повинні бути в режимі розробника"
You need to be logged in and have System Manager Role to be able to access backups.,Вам потрібно увійти в систему та мати роль Системного менеджера для доступу до резервних копій.
You need to be logged in to access this page,"Щоб отримати доступ до цієї сторінки, необхідно увійти в систему"
You need to be logged in to access this {0}.,"Щоб отримати доступ до цього {0}, необхідно увійти в систему."
You need to create these first:,Спочатку потрібно створити наступне:
You need to create these first: ,Спершу вам потрібно створити:
You need to enable JavaScript for your app to work.,Вам потрібно увімкнути JavaScript для роботи вашого застосунку.
"You need to have ""Share"" permission",Вам потрібен дозвіл «Поділитися»
You need to install pycups to use this feature!,"Вам потрібно встановити pycups, щоб використовувати цю функцію!"
You need to select indexes you want to add first.,"Спочатку потрібно вибрати індекси, які ви хочете додати."
You need to set one IMAP folder for {0},Вам потрібно налаштувати одну папку IMAP для {0}
You need write permission on {0} {1} to merge,Вам потрібен дозвіл на запис у {0} {1} для об'єднання
You need write permission on {0} {1} to rename,Вам потрібен дозвіл на запис у {0} {1} для перейменування
You need write permission to rename,Ви повинні написати дозвіл перейменувати
You need {0} permission to fetch values from {1} {2},Вам потрібен дозвіл {0} для отримання значень з {1} {2}
You removed 1 row from {0},Ви видалили 1 рядок з {0}
You removed attachment {0},Ви видалили вкладення {0}
You removed {0} rows from {1},Ви видалили {0} рядків з {1}
You seem good to go!,"Здається, ви готові до роботи!"
You seem to have written your name instead of your email. Please enter a valid email address so that we can get back.,"Здається, ви ввели своє ім'я замість електронної адреси. Будь ласка, введіть дійсну електронну адресу, щоб ми могли зв'язатися з вами."
You selected Draft or Cancelled documents,Ви вибрали чернетки або скасовані документи
You submitted this document,Ви надіслали цей документ
You submitted this document {0},Ви надіслали цей документ {0}
You unfollowed this document,Ви відписалися від цього документа
You viewed this,Ви переглядали це
You will be redirected to:,Вас буде перенаправлено до:
"You're doing great, let's take you back to the onboarding page.","Ви чудово справляєтесь, повернемо вас на сторінку про введення."
You've been invited to join {0},Вас запрошено приєднатися до {0}
You've been invited to join {0}.,Вас запрошено приєднатися до {0}.
You've logged in as another user from another tab. Refresh this page to continue using system.,"Ви увійшли як інший користувач з іншої вкладки. Оновіть цю сторінку, щоб продовжити користування системою."
YouTube,YouTube
"Your CSV file is being generated and will appear in the Attachments section once ready. Additionally, you will get notified when the file is available for download.","Ваш CSV-файл генерується і з'явиться у розділі «Вкладення» після завершення. Крім того, ви отримаєте сповіщення, коли файл буде доступний для завантаження."
Your Country,Ваша країна
Your Email Address,Ваша електронна адреса
Your Language,Ваша мова
Your Name,Ваше ім'я
Your PDF is ready for download,Ваш PDF готовий до завантаження
Your Shortcuts,Ваші ярлики
Your Target,Ваша мета
Your account has been deleted,Ваш обліковий запис було видалено
Your account has been locked and will resume after {0} seconds,Ваш обліковий запис заблоковано і буде розблоковано через {0} секунд
Your assignment on {0} {1} has been removed by {2},Ваше призначення для {0} {1} було скасовано користувачем {2}
Your browser does not support the audio element.,Ваш браузер не підтримує аудіоелемент.
Your browser does not support the video element.,Ваш браузер не підтримує відеоелемент.
Your connection request to Google Calendar was successfully accepted,Ваш запит на підключення до Google Calendar успішно прийнято
Your email address,Ваша електронна адреса
Your exported report: {0},Ваш експортований звіт: {0}
Your form has been successfully updated,Вашу форму успішно оновлено
Your information has been submitted,Ваша інформація була надіслана
Your invitation to join {0} has been cancelled by the site administrator.,Ваше запрошення приєднатися до {0} було скасовано адміністратором сайту.
Your invitation to join {0} has expired.,Ваше запрошення приєднатися до {0} закінчилося.
Your login id is,Ваш ідентифікатор входу:
Your new password has been set successfully.,Ваш новий пароль успішно встановлено.
Your old password is incorrect.,Ваш старий пароль неправильний.
Your organization name and address for the email footer.,Назва та адреса вашої організації для нижнього колонтитула електронної пошти.
Your payment has been successfully registered.,Ваш платіж успішно зареєстровано.
Your payment has failed.,Ваш платіж не вдався.
Your payment is cancelled.,Ваш платіж буде скасовано.
Your payment was successfully accepted,Ваш платіж був успішно прийнятий
"Your query has been received. We will reply back shortly. If you have any additional information, please reply to this mail.","Ваш запит отримано. Ми відповімо найближчим часом. Якщо у вас є додаткова інформація, будь ласка, відповідайте на цей лист."
Your report is being generated in the background. You will receive an email on {0} with a download link once it is ready.,"Ваш звіт генерується у фоновому режимі. Ви отримаєте електронного листа на {0} з посиланням для завантаження, коли він буде готовий."
"Your session has expired, please login again to continue.","Ваша сесія закінчилася, будь ласка, увійдіть знову для продовження."
Your system is being updated. Please refresh again after a few moments.,"Ваша система оновлюється. Будь ласка, оновіть ще раз через кілька хвилин."
Your verification code is {0},Ваш код підтвердження: {0}
Zero,Нуль
Zero means send records updated at anytime,"Нуль означає надсилати записи, оновлені будь-коли"
[Action taken by {0}],[Дію виконав {0}]
_doctype,_doctype
_report,_звіт
`as_iterator` only works with `as_list=True` or `as_dict=True`,`as_iterator` працює лише з `as_list=True` або `as_dict=True`
`job_id` paramater is required for deduplication.,Параметр `job_id` є обов'язковим для дедублікації.
added,додано
added {0},додано {0}
adjust,регулювати
af-south-1,аф-південь-1
after_insert,after_insert
align-center,вирівняти-центр
align-justify,вирівняти-виправдання
align-left,вирівняти лівий
align-right,вирівняти правий
amend,виправити
and,і
ap-east-1,ап-схід-1
ap-northeast-1,ap-північний схід-1
ap-northeast-2,ap-північний схід-2
ap-northeast-3,ap-північний схід-3
ap-south-1,ap-південь-1
ap-southeast-1,ap-південний схід-1
ap-southeast-2,ap-південний схід-2
arrow-down,Стрілка вниз
arrow-left,стрілка наліво
arrow-right,стрілка направо
arrow-up,стрілка вгору
ascending,за зростанням
asterisk,зірочка
backward,назад
ban-circle,Заборона кола
barcode,штрих-код
beginning with,починаючи з
bell,дзвін
blue,синій
bold,сміливий
book,книга
bookmark,закладка
briefcase,портфель
"browse,","переглядати,"
bullhorn,мегафон
by Role,за роллю
cProfile Output,Вивід cProfile
ca-central-1,ca-центральний-1
calendar,календар
camera,камера
cancel,скасувати
canceled,скасовано
cancelled this document,скасував цей документ
cancelled this document {0},скасував цей документ {0}
certificate,сертифікат
changed value of {0},змінене значення {0}
changed value of {0} {1},змінене значення {0} {1}
changed values for {0},змінені значення для {0}
changed values for {0} {1},змінені значення для {0} {1}
check,перевірити
chevron-down,шеврон вниз
chevron-left,шеврон наліво
chevron-right,шеврона право
chevron-up,шеврона до
choose an,вибрати
chrome,chrome
circle-arrow-down,Круг-стрілка вниз
circle-arrow-left,Круг-стрілка-вліво
circle-arrow-right,Круг-стрілка направо
circle-arrow-up,Круг-стрілка вгору
clear,Очистити
cn-north-1,cn-північ-1
cn-northwest-1,cn-північний захід-1
cog,гвинтиком
comment,Прокоментуйте
commented,прокоментував
comments,коментарі
create,створити
created,Створений
created {0},створено {0}
cyan,блакитний
d,д
danger,небезпека
darkgrey,темно-сірий
dashboard,панель керування
dd-mm-yyyy,дд-мм-рррр
dd.mm.yyyy,дд.мм.рррр
dd/mm/yyyy,дд/мм/рррр
default,за замовчуванням
deferred,відкладено
delete,видалити
descending,за спаданням
"document type..., e.g. customer","тип документа..., наприклад, клієнт"
domain name,Доменне ім&#39;я
download,завантажити
download-alt,скачати альт-
"e.g. ""Support"", ""Sales"", ""Jerry Yang""","наприклад, «Підтримка», «Продажі», «Ім'я Прізвище»"
e.g. (55 + 434) / 4 or =Math.sin(Math.PI/2)...,"наприклад, (55 + 434) / 4 або =Math.sin(Math.PI/2)..."
e.g. pop.gmail.com / imap.gmail.com,"наприклад, pop.gmail.com / imap.gmail.com"
e.g. replies@yourcomany.com. All replies will come to this inbox.,"наприклад, replies@yourcompany.com. Усі відповіді надходитимуть до цієї скриньки."
e.g. smtp.gmail.com,"наприклад, smtp.gmail.com"
e.g.:,наприклад:
edit,редагувати
eject,Витяг
emacs,emacs
email,електронна пошта
email inbox,поштова скринька
empty,порожній
envelope,конверт
esc,Esc
eu-central-1,eu-central-1
eu-north-1,eu-північ-1
eu-south-1,єс-південь-1
eu-west-1,eu-захід-1
eu-west-2,eu-захід-2
eu-west-3,eu-захід-3
exclamation-sign,Окличний знак-
export,Експорт
eye-close,очі близько
eye-open,очі відкритими
facebook,Facebook
facetime-video,FaceTime відео-
failed,Невдалий
fairlogin,fairlogin
fast-backward,швидко назад
fast-forward,швидко вперед
file,файл
film,фільм
filter,фільтр
finished,Завершено
fire,вогонь
flag,прапор
folder-close,folder-close
folder-open,folder-open
font,шрифту
forward,вперед
fullscreen,повноекранний
gained by {0} via automatic rule {1},отримано на {0} за допомогою автоматичного правила {1}
gained {0} points,набрав {0} балів
gave {0} points,дав {0} балів
gift,подарунок
glass,скло
globe,глобус
gray,Сірий
green,Зелений
grey,Сірий
gzip not found in PATH! This is required to take a backup.,gzip не знайдено в PATH! Це необхідно для створення резервної копії.
h,г
hand-down,виносити
hand-left,Рука-вліво
hand-right,ручної право
hand-up,руки вгору
hdd,жорсткий диск
headphones,навушники
heart,серце
home,Головна
hub,Хаб
icon,Іконка
import,Імпорт
in minutes,за хвилини
inbox,вхідні
indent-left,відступ зліва-
indent-right,абзац правом
info-sign,"Інформація, знак"
is disabled,вимкнено
is enabled,увімкнено
italic,курсив
jane@example.com,jane@example.com
john@doe.com,john@doe.com
just now,щойно
label,Мітка
leaf,лист
light-blue,Блакитний
lightblue,блакитний
like,Схоже на
link,посилання
linkedin,LinkedIn
list,список
list-alt,Список Alt-
lock,замкнути
logged in,Увійшов
login_required,login_required
long,Довгий
m,хв
magnet,магніт
map-marker,Карта-маркер
me-south-1,я-південь-1
merged {0} into {1},Об'єднано {0} у {1}
message,повідомлення
minus,мінус
minus-sign,мінус знак
mm-dd-yyyy,мм-дд-рррр
mm/dd/yyyy,мм/дд/рррр
module,модуль
module name...,назва модуля...
move,Переміщення
music,Музика
new,Новий
new type of document,Новий тип документа
no failed attempts,Невдалих спроб немає
nonce,nonce
none of,Жоден з
notified,Сповіщено
now,Зараз
of,з
off,від
ok,добре
ok-circle,ОК кола
ok-sign,ОК-знак
old_parent,old_parent
on_cancel,on_cancel
on_change,on_change
on_submit,on_submit
on_trash,on_trash
on_update,on_update
on_update_after_submit,on_update_after_submit
one of,один з
only.,тільки.
or,або
or attach a,або прикріпити а
orange,Помаранчевий
page,Сторінка
pause,пауза
pencil,олівець
picture,картина
pink,Рожевий
plain,Звичайний
plane,літак
play,грати
play-circle,гра кола
plus,плюс
plus-sign,знак плюс
print,Друк
processlist,Список процесів
purple,Фіолетовий
qrcode,QRCode
query-report,запит-звіт
question-sign,Питання-знак
queued,В черзі
random,випадковий
read,Читати
red,Червоний
refresh,оновити
remove,видалити
remove-circle,видалити круг-
remove-sign,видалити знак-
removed,видалений
renamed from {0} to {1},Перейменовано з {0} на {1}
repeat,повторити
report,Звіт
resize-full,розмір-повній
resize-horizontal,розмір горизонтальної
resize-small,розмір-мала
resize-vertical,розмір вертикального
response,Відповідь
restored {0} as {1},Відновлено {0} як {1}
retweet,перечіріканье
road,дорога
s,с
s256,s256
sa-east-1,sa-сході-1
scheduled,Заплановано
screenshot,Скріншот
search,пошук
select,Вибрати
share,Поділитись
share-alt,Частка Alt-
shopping-cart,кошик
short,Короткий
show,шоу
signal,сигнал
since last month,з минулого місяця
since last week,з минулого тижня
since last year,з минулого року
since yesterday,з вчора
star,зірка
star-empty,зірка порожній
started,Розпочато
starting the setup...,Запуск налаштування...
step-backward,крок назад
step-forward,крок вперед
stop,Стій
"string value, i.e. group","Рядкове значення, наприклад group"
"string value, i.e. member","Рядкове значення, наприклад member"
"string value, i.e. {0} or uid={0},ou=users,dc=example,dc=com","Рядкове значення, наприклад {0} або uid={0},ou=users,dc=example,dc=com"
submit,Подати
submitted this document,представив цей документ
submitted this document {0},подав цей документ {0}
success,успіх
tag,тег
"tag name..., e.g. #tag","Назва тегу..., наприклад #tag"
tags,теги
tasks,завдання
text in document type,Текст у типі документа
text-height,Текст висоти
text-width,Текст ширина
th,ї
th-large,й за величиною
th-list,го-лист
this form,Ця форма
this shouldn't break,Це не повинно зламатись
thumbs-down,незгоду
thumbs-up,пальці вгору
time,час
tint,відтінок
to close,для закриття
to navigate,для навігації
to select,для вибору
to your browser,до вашого браузера
toggle Tag,переключити тег
trash,Кошик
twitter,twitter
updated to {0},оновлено до {0}
upload,завантажити
uploaded file,завантажений файл
us-east-1,нас-схід-1
us-east-2,нас-схід-2
us-west-1,нас-захід-1
us-west-2,нас-захід-2
use % as wildcard,використовуйте % як символ підстановки
user,користувач
value,значення
values separated by commas,"значення, розділені комами"
version_table,version_table
via Assignment Rule,через правило призначення
via Auto Repeat,через автоповтор
via Data Import,через імпорт даних
via Google Meet,через Google Meet
via Notification,через сповіщення
via automatic rule {0} on {1},за допомогою автоматичного правила {0} від {1}
via {0},через {0}
viewed,переглянутий
vim,vim
volume-down,Обсяг вниз
volume-off,Обсяг-офф
volume-up,Обсяг до
vscode,vscode
wants to access the following details from your account,хоче отримати доступ до таких відомостей з вашого облікового запису
warning-sign,знак застереження
web link,веб посилання
when clicked on element it will focus popover if present.,"при натисканні на елемент фокус перейде на спливаюче вікно, якщо воно є."
wkhtmltopdf,wkhtmltopdf
wkhtmltopdf 0.12.x (with patched qt).,wkhtmltopdf 0.12.x (з виправленим qt).
workflow_transition,workflow_transition
workspace,робоча область
wrench,гайковий ключ
write,записати
yellow,жовтий
yesterday,вчора
yyyy-mm-dd,yyyy-mm-dd
zoom-in,збільшити
zoom-out,зменшити
{0},{0}
"{0} ${skip_list ? """" : type}","{0} ${skip_list ? """" : type}"
{0} ${type},{0} ${type}
{0} ({1}),{0} ({1})
{0} ({1}) (1 row mandatory),{0} ({1}) (1 рядок обов'язковий)
{0} ({1}) - {2}%,{0} ({1}) - {2}%
{0} = {1},{0} = {1}
{0} Calendar,Календар {0}
{0} Chart,Діаграма {0}
{0} Dashboard,Панель керування {0}
{0} Fields,Поля {0}
{0} Google Calendar Events synced.,Синхронізовано {0} подій Google Календаря.
{0} Google Contacts synced.,Синхронізовано {0} контактів Google.
{0} Liked,{0} вподобань
{0} List,Список {0}
{0} List View Settings,Налаштування перегляду списку {0}
{0} M,{0} М
{0} Map,Карта {0}
{0} Modules,{0} Модулі
{0} Name,Назва {0}
{0} Not allowed to change {1} after submission from {2} to {3},{0} Не дозволяється змінювати {1} після подання з {2} на {3}
{0} Report,Звіт {0}
{0} Reports,Звіти {0}
{0} Settings,Налаштування {0}
{0} Settings not found,{0} Налаштування не знайдені
{0} Tree,Дерево {0}
{0} Web page views,{0} переглядів веб-сторінки
{0} added,{0} додано
{0} added 1 row to {1},{0} додав 1 рядок до {1}
{0} added {1} rows to {2},{0} додав {1} рядків до {2}
{0} already exists. Select another name,{0} вже існує. Виберіть іншу назву
{0} already unsubscribed,{0} вже відписався
{0} already unsubscribed for {1} {2},{0} вже відписався від {1} {2}
{0} and {1},{0} та {1}
{0} appreciated on {1},{0} оцінено {1}
{0} appreciated your work on {1} with {2} point,{0} оцінив вашу роботу на {1} з пунктом {2}
{0} appreciated your work on {1} with {2} points,{0} оцінив вашу роботу на {1} з {2} балами
{0} appreciated {1},{0} оцінено {1}
{0} appreciation point for {1} {2},{0} Оцінка за {1} {2}
{0} appreciation points for {1} {2},{0} оцінку балів за {1} {2}
{0} are currently {1},{0} зараз {1}
{0} are mandatory fields,{0} - обов&#39;язкові поля
{0} are required,{0} є обов'язковими
{0} assigned a new task {1} {2} to you,{0} призначив вам нове завдання {1} {2}
{0} assigned {1}: {2},{0} призначив {1}: {2}
{0} attached {1},{0} прикріпив {1}
{0} can not be more than {1},{0} не може бути більше ніж {1}
{0} cancelled this document,{0} скасував цей документ
{0} cancelled this document {1},{0} скасував цей документ {1}
{0} cannot be amended because it is not cancelled. Please cancel the document before creating an amendment.,"{0} не можна змінити, оскільки його не скасовано. Будь ласка, скасуйте документ перед створенням поправки."
{0} cannot be hidden and mandatory without any default value,{0} не може бути одночасно прихованим та обов'язковим без значення за замовчуванням
{0} cannot be set for Single types,{0} не може бути встановлений для Окремих типів
{0} changed the value of {1},{0} змінив значення {1}
{0} changed the value of {1} {2},{0} змінив значення {1} {2}
{0} changed the values for {1},{0} змінив значення для {1}
{0} changed the values for {1} {2},{0} змінив значення для {1} {2}
{0} changed {1} to {2},{0} змінив {1} на {2}
{0} comments,{0} коментарі
"{0} contains an invalid Fetch From expression, Fetch From can't be self-referential.","{0} містить недійсний вираз Fetch From, Fetch From не може бути саморефлексивним."
{0} contains {1},{0} містить {1}
{0} created successfully,{0} успішно створено
{0} created this,{0} створив це
{0} created this document {1},{0} створив цей документ {1}
{0} criticism point for {1} {2},{0} точка критики для {1} {2}
{0} criticism points for {1} {2},{0} бали критики для {1} {2}
{0} criticized on {1},{0} піддається критиці {1}
{0} criticized your work on {1} with {2} point,{0} критикував вашу роботу {1} з пунктом {2}
{0} criticized your work on {1} with {2} points,{0} критикував вашу роботу щодо {1} з пунктами {2}
{0} criticized {1},{0} критикують {1}
{0} d,{0} д
{0} days ago,{0} днів тому
{0} does not contain {1},{0} не містить {1}
{0} does not exist in row {1},{0} не існує в рядку {1}
{0} equals {1},{0} дорівнює {1}
"{0} field cannot be set as unique in {1}, as there are non-unique existing values","Поле {0} не може бути встановлено як унікальне в {1}, оскільки існують неунікальні значення"
{0} format could not be determined from the values in this column. Defaulting to {1}.,Формат {0} не вдалося визначити за значеннями цього стовпця. Використовується {1} за замовчуванням.
{0} from {1} to {2},{0} з {1} до {2}
{0} from {1} to {2} in row {3},{0} з {1} до {2} у рядку {3}
{0} gained {1} point for {2} {3},{0} набрав {1} бала за {2} {3}
{0} gained {1} points for {2} {3},{0} набрав {1} балів за {2} {3}
{0} h,{0} год
{0} has already assigned default value for {1}.,{0} вже призначило значення за замовчуванням для {1}.
{0} has been successfully added to the Email Group.,{0} був успішно доданий до Email Групи
{0} has invalid backtick notation: {1},{0} має недійсне позначення зворотним апострофом: {1}
{0} has left the conversation in {1} {2},{0} покинув розмову в {1} {2}
{0} has no versions tracked.,{0} не відслідковується жодної версії.
{0} hours ago,{0} годин тому
{0} if you are not redirected within {1} seconds,"{0}, якщо вас не перенаправлено протягом {1} секунд"
{0} in row {1} cannot have both URL and child items,{0} у рядку {1} не може мати одночасно URL та дочірні елементи
{0} is a descendant of {1},{0} є нащадком {1}
{0} is a mandatory field,{0} є обов'язковим полем
{0} is a mandatory field asdadsf,{0} - обов’язкове поле asdadsf
{0} is a not a valid zip file,{0} не є дійсним zip-файлом
{0} is after {1},{0} після {1}
{0} is an ancestor of {1},{0} є предком {1}
{0} is an invalid Data field.,{0} є недійсним полем даних.
{0} is an invalid email address in 'Recipients',{0} є недійсною електронною адресою в полі 'Одержувачі'
{0} is before {1},{0} до {1}
{0} is between {1},{0} між {1}
{0} is between {1} and {2},{0} між {1} та {2}
{0} is currently {1},{0} зараз {1}
{0} is disabled,{0} вимкнено
{0} is enabled,{0} увімкнено
{0} is equal to {1},{0} дорівнює {1}
{0} is greater than or equal to {1},{0} більше або дорівнює {1}
{0} is greater than {1},{0} більше {1}
{0} is less than or equal to {1},{0} менше або дорівнює {1}
{0} is less than {1},{0} менше {1}
{0} is like {1},{0} схоже на {1}
{0} is mandatory,{0} є обов'язковим
{0} is not a descendant of {1},{0} не є нащадком {1}
{0} is not a field of doctype {1},{0} не є полем типу документа {1}
{0} is not a raw printing format.,{0} не є форматом необробленого друку.
{0} is not a valid Calendar. Redirecting to default Calendar.,{0} не є дійсним Календарем. Перенаправлення до Календаря за замовчуванням.
{0} is not a valid Cron expression.,{0} не є дійсним виразом Cron.
{0} is not a valid DocType for Dynamic Link,{0} не є дійсним типом документа для динамічного посилання
{0} is not a valid Email Address,{0} не є дійсною електронною адресою
{0} is not a valid ISO 3166 ALPHA-2 code.,{0} не є дійсним кодом ISO 3166 ALPHA-2.
{0} is not a valid Name,{0} не є дійсним ім'ям
{0} is not a valid Phone Number,{0} не є дійсним номером телефону
{0} is not a valid Workflow State. Please update your Workflow and try again.,"{0} не є дійсним станом робочого процесу. Будь ласка, оновіть свій Робочий процес і повторіть спробу."
{0} is not a valid file url,{0} - недійсна URL-адреса файлу
{0} is not a valid parent DocType for {1},{0} не є дійсним батьківським типом документа для {1}
{0} is not a valid parentfield for {1},{0} не є дійсним батьківським полем для {1}
{0} is not a valid report format. Report format should one of the following {1},{0} не є дійсним форматом звіту. Формат звіту має бути одним із таких: {1}
{0} is not a zip file,{0} не є zip-файлом
{0} is not an allowed role for {1},{0} не є дозволеною роллю для {1}
{0} is not an ancestor of {1},{0} не є предком {1}
{0} is not equal to {1},{0} не дорівнює {1}
{0} is not like {1},{0} не схоже на {1}
{0} is not one of {1},{0} не є одним із {1}
{0} is not set,{0} не встановлено
{0} is now default print format for {1} doctype,{0} тепер є форматом друку за замовчуванням для типу документа {1}
{0} is on or after {1},{0} в або після {1}
{0} is on or before {1},{0} в або до {1}
{0} is one of {1},{0} є одним із {1}
{0} is required,{0} є обов'язковим
{0} is saved,{0} збережений
{0} is set,{0} встановлено
{0} is within {1},{0} в межах {1}
{0} is {1},{0} є {1}
{0} items selected,{0} елементів вибрано
{0} just impersonated as you. They gave this reason: {1},{0} щойно видав себе за вас. Вказана причина: {1}
{0} last edited this,{0} востаннє редагував це
{0} logged in,{0} увійшов у систему
{0} logged out: {1},{0} вийшов із системи: {1}
{0} m,{0} хв
{0} mentioned you in a comment in {1} {2},{0} згадав вас у коментарі в {1} {2}
{0} minutes ago,{0} хвилин тому
{0} months ago,{0} місяців тому
{0} must be after {1},{0} має бути після {1}
{0} must be beginning with '{1}',{0} має починатися з '{1}'
{0} must be equal to '{1}',{0} має дорівнювати '{1}'
{0} must be none of {1},{0} не повинен бути жодним із {1}
{0} must be one of {1},{0} має бути одним із {1}
{0} must be set first,{0} має бути встановлено спочатку
{0} must be unique,{0} має бути унікальним
{0} must be {1} {2},{0} має бути {1} {2}
"{0} must begin and end with a letter and can only contain letters, hyphen or underscore.","{0} має починатися і закінчуватися літерою та може містити лише літери, дефіс або підкреслення."
{0} not a valid State,{0} не є дійсним Станом
{0} not allowed to be renamed,{0} не дозволено перейменовувати
{0} not found,{0} не знайдений
{0} of {1},{0} з {1}
{0} of {1} ({2} rows with children),{0} з {1} ({2} рядки з дочірніми елементами)
{0} only.,Лише {0}.
{0} or {1},{0} або {1}
{0} record deleted,{0} запис видалено
{0} records are not automatically deleted.,{0} записів не видаляються автоматично.
{0} records are retained for {1} days.,{0} записів зберігаються протягом {1} днів.
{0} records deleted,{0} записів видалено
{0} records will be exported,{0} записів буде експортовано
{0} removed 1 row from {1},{0} видалив 1 рядок з {1}
{0} removed attachment {1},{0} видалив вкладення {1}
{0} removed their assignment.,{0} скасував своє призначення.
{0} removed {1} rows from {2},{0} видалив {1} рядків з {2}
{0} reverted your point on {1},{0} повернув свою точку на {1}
{0} reverted your points on {1},{0} повернув свої бали на {1}
{0} reverted {1},{0} повернено {1}
{0} role does not have permission on any doctype,Роль {0} не має дозволу на жоден тип документа
{0} room must have atmost one user.,Номер {0} повинен мати принаймні одного користувача.
{0} row #{1}:,{0} рядок №{1}:
{0} rows for {1},{0} рядків для {1}
{0} rows from {1},{0} рядків з {1}
{0} rows to {1},{0} рядків до {1}
{0} saved successfully,{0} успішно збережено
{0} self assigned this task: {1},{0} самостійно призначив це завдання: {1}
{0} shared a document {1} {2} with you,{0} поділився документом {1} {2} з вами
{0} shared this document with everyone,{0} поділився цим документом з усіма
{0} shared this document with {1},{0} поділився цим документом з {1}
{0} should be indexed because it's referred in dashboard connections,"{0} має бути проіндексовано, оскільки на нього посилаються у зв'язках панелі керування"
{0} should not be same as {1},{0} не повинен збігатися з {1}
{0} submitted this document,{0} подав цей документ
{0} submitted this document {1},{0} подав цей документ {1}
{0} subscribers added,{0} підписників додано
{0} to stop receiving emails of this type,"{0}, щоб припинити отримувати листи цього типу"
{0} to {1},{0} до {1}
{0} translations pending,{0} очікується переклад
{0} un-shared this document with {1},{0} скасував спільний доступ до цього документа для {1}
{0} updated,{0} оновлено
{0} values selected,{0} значень вибрано
{0} viewed this,{0} переглянув це
{0} w,{0} тж
{0} weeks ago,{0} тижнів тому
{0} with the role <strong>{1}</strong>,{0} з роллю <strong>{1}</strong>
{0} y,{0} р
{0} years ago,{0} років тому
{0} {1} added,{0} {1} додано
{0} {1} added to Dashboard {2},{0} {1} додано до панелі керування {2}
{0} {1} already exists,{0} {1} вже існує
"{0} {1} cannot be ""{2}"". It should be one of ""{3}""","{0} {1} не може бути ""{2}"". Має бути одним із ""{3}"""
{0} {1} cannot be a leaf node as it has children,"{0} {1} не може бути кінцевим вузлом, оскільки має дочірні елементи"
"{0} {1} does not exist, select a new target to merge","{0} {1} не існує, виберіть нову ціль для об'єднання"
{0} {1} is linked with the following submitted documents: {2},{0} {1} пов'язано з такими поданими документами: {2}
{0} {1} not found,{0} {1} не знайдено
{0} {1} to {2},{0} {1} до {2}
{0} {1}: Submitted Record cannot be deleted. You must {2} Cancel {3} it first.,{0} {1}: Поданий запис не можна видалити. Спочатку необхідно {2} Скасувати {3} його.
"{0}, Row {1}","{0}, Рядок {1}"
{0}.,{0}.
{0}/{1} complete | Please leave this tab open until completion.,"{0}/{1} завершено | Будь ласка, залиште цю вкладку відкритою до завершення."
"{0}: '{1}' ({3}) will get truncated, as max characters allowed is {2}","{0}: '{1}' ({3}) буде скорочено, оскільки максимально дозволена кількість символів — {2}"
{0}: Cannot set Amend without Cancel,{0}: Неможливо встановити Відновити без Скасувати
{0}: Cannot set Assign Amend if not Submittable,"{0}: Неможливо встановити Призначити Відновити, якщо не підлягає проведенню"
{0}: Cannot set Assign Submit if not Submittable,{0}: Неможливо встановити Призначити Проведеним якщо не проводиться
{0}: Cannot set Cancel without Submit,{0}: Неможливо встановити Скасувати без Проведення
{0}: Cannot set Import without Create,{0}: Неможливо встановити Імпорт без Створення
"{0}: Cannot set Submit, Cancel, Amend without Write","{0}: Неможливо встановити Провести, Скасувати, Відновити без Записати"
{0}: Cannot set import as {1} is not importable,"{0}: Неможливо встановити імпорт, оскільки {1} не імпортується"
"{0}: Failed to attach new recurring document. To enable attaching document in the auto repeat notification email, enable {1} in Print Settings","{0}: Не вдалося прикріпити новий повторюваний документ. Щоб увімкнути прикріплення документа в листі сповіщення про автоповтор, увімкніть {1} в налаштуваннях друку"
{0}: Field '{1}' cannot be set as Unique as it has non-unique values,"{0}: Поле '{1}' не може бути встановлено як унікальне, оскільки містить неунікальні значення"
{0}: Field {1} in row {2} cannot be hidden and mandatory without default,{0}: Поле {1} у рядку {2} не може бути прихованим і обов'язковим без значення за замовчуванням
{0}: Field {1} of type {2} cannot be mandatory,{0}: Поле {1} типу {2} не може бути обов'язковим
{0}: Fieldname cannot be one of {1},{0}: Ім&#39;я поля не може бути одним із {1}
{0}: Fieldname {1} appears multiple times in rows {2},{0}: Назва поля {1} зустрічається кілька разів у рядках {2}
{0}: Fieldtype {1} for {2} cannot be unique,{0}: Тип поля {1} для {2} не може бути унікальним
{0}: No basic permissions set,{0}: Базові дозволи не встановлено
"{0}: Only one rule allowed with the same Role, Level and {1}","{0}: Допускається лише одне правило з однаковою роллю, рівнем і {1}"
{0}: Options must be a valid DocType for field {1} in row {2},{0}: Параметри мають бути дійсним типом документа для поля {1} у рядку {2}
{0}: Options required for Link or Table type field {1} in row {2},{0}: Параметри обов'язкові для поля типу Link або Table {1} у рядку {2}
{0}: Options {1} must be the same as doctype name {2} for the field {3},{0}: Параметри {1} мають збігатися з назвою типу документа {2} для поля {3}
{0}: Other permission rules may also apply,{0}: Можуть також застосовуватися інші правила дозволів
{0}: Permission at level 0 must be set before higher levels are set,{0}: Дозвіл рівня 0 має бути встановлено перед встановленням вищих рівнів
{0}: The 'Amend' permission cannot be granted for a non-submittable DocType.,"{0}: Дозвіл 'Виправити' не може бути надано для типу документа, який не підтримує подання."
{0}: The 'Amend' permission cannot be granted without the 'Create' permission.,{0}: Дозвіл 'Виправити' не може бути надано без дозволу 'Створити'.
{0}: The 'Cancel' permission cannot be granted without the 'Submit' permission.,{0}: Дозвіл 'Скасувати' не може бути надано без дозволу 'Подати'.
{0}: The 'Export' permission was removed because it cannot be granted for a 'single' DocType.,"{0}: Дозвіл 'Експорт' було видалено, оскільки він не може бути наданий для 'одиничного' типу документа."
{0}: The 'Import' permission cannot be granted for a non-importable DocType.,"{0}: Дозвіл 'Імпорт' не може бути наданий для типу документа, який не підтримує імпорт."
{0}: The 'Import' permission cannot be granted without the 'Create' permission.,{0}: Дозвіл 'Імпорт' не може бути наданий без дозволу 'Створити'.
{0}: The 'Import' permission was removed because it cannot be granted for a 'single' DocType.,"{0}: Дозвіл 'Імпорт' було видалено, оскільки він не може бути наданий для 'одиничного' типу документа."
{0}: The 'Report' permission was removed because it cannot be granted for a 'single' DocType.,"{0}: Дозвіл 'Звіт' було видалено, оскільки він не може бути наданий для 'одиничного' типу документа."
{0}: The 'Submit' permission cannot be granted for a non-submittable DocType.,"{0}: Дозвіл 'Подати' не може бути наданий для типу документа, який не підтримує подання."
"{0}: The 'Submit', 'Cancel', and 'Amend' permissions cannot be granted without the 'Write' permission.","{0}: Дозволи 'Подати', 'Скасувати' та 'Виправити' не можуть бути надані без дозволу 'Записати'."
{0}: You can increase the limit for the field if required via {1},{0}: За потреби можна збільшити ліміт для поля через {1}
{0}: fieldname cannot be set to reserved field {1} in DocType,{0}: назва поля не може бути встановлена як зарезервоване поле {1} у типі документа
{0}: fieldname cannot be set to reserved keyword {1},{0}: назва поля не може бути встановлена як зарезервоване ключове слово {1}
{0}: {1},{0}: {1}
{0}: {1} in {2},{0}: {1} в {2}
{0}: {1} is set to state {2},{0}: {1} встановлено у стан {2}
{0}: {1} vs {2},{0}: {1} проти {2}
{0}:Fieldtype {1} for {2} cannot be indexed,{0}: Тип поля {1} для {2} не може бути індексований
{1} saved,{1} збережено
{app_title},{} App_title
{count} cell copied,{count} комірку скопійовано
{count} cells copied,{count} комірки скопійовано
{count} row selected,{count} рядок вибрано
{count} rows selected,{count} рядки вибрано
{function} of {fieldlabel},{function} з {fieldlabel}
{{{0}}} is not a valid fieldname pattern. It should be {{field_name}}.,{{{0}}} не є допустимим шаблоном назви поля. Має бути {{field_name}}.
{} Complete,{} Завершено
{} Dashboard,{} Панель приладів
{} Invalid python code on line {},{} Невірний код Python у рядку {}
{} Possibly invalid python code. <br>{},{} Можливо невірний код Python. <br>{}
{} does not support automated log clearing.,{} не підтримує автоматичне очищення журналів.
{} field cannot be empty.,Поле {} не може бути порожнім.
{} has been disabled. It can only be enabled if {} is checked.,{} вимкнено. Його можна увімкнути лише якщо {} позначено.
{} is not a valid date string.,{} не є допустимим рядком дати.
{} not found in PATH! This is required to access the console.,{} не знайдено у PATH! Це необхідно для доступу до консолі.
{} not found in PATH! This is required to restore the database.,{} не знайдено у PATH! Це необхідно для відновлення бази даних.
{} not found in PATH! This is required to take a backup.,{} не знайдено у PATH! Це необхідно для створення резервної копії.
← Back to upload files,← Назад до завантаження файлів
My Profile,Мій профіль
My Settings,Мої налаштування
Toggle Full Width,Перемкнути повну ширину
Toggle Theme,Перемкнути тему
